timestamp,open,high,low,close,volume,spread
2024-09-01 22:00:00,2502.73,2504.77,2501.86,2503.525,1.1098,0.467
2024-09-01 23:00:00,2503.53,2503.785,2502.03,2503.09,1.2288,0.422
2024-09-02 00:00:00,2503.08,2505.03,2501.252,2501.565,1.9836,0.419
2024-09-02 01:00:00,2501.572,2504.725,2496.702,2498.054,4.4252,0.421
2024-09-02 02:00:00,2498.06,2498.368,2490.125,2492.038,4.5035,0.416
2024-09-02 03:00:00,2492.035,2496.495,2491.465,2496.354,2.6394,0.404
2024-09-02 04:00:00,2496.359,2499.462,2496.245,2496.98,1.8527,0.411
2024-09-02 05:00:00,2497.0,2498.576,2495.35,2496.595,2.9542,0.416
2024-09-02 06:00:00,2496.58,2501.47,2495.965,2497.655,4.1433,0.395
2024-09-02 07:00:00,2497.67,2499.625,2496.25,2498.285,3.1647,0.385
2024-09-02 08:00:00,2498.255,2507.305,2497.345,2506.376,5.129,0.367
2024-09-02 09:00:00,2506.332,2506.665,2498.245,2499.004,4.3547,0.392
2024-09-02 10:00:00,2499.005,2502.12,2498.205,2499.272,3.3976,0.406
2024-09-02 11:00:00,2499.31,2500.325,2497.185,2499.851,3.4258,0.388
2024-09-02 12:00:00,2499.835,2503.28,2498.87,2501.351,3.7218,0.375
2024-09-02 13:00:00,2501.356,2502.348,2498.65,2500.002,4.6126,0.378
2024-09-02 14:00:00,2499.985,2502.55,2497.765,2502.088,3.8151,0.382
2024-09-02 15:00:00,2502.078,2502.51,2499.954,2501.644,2.971,0.343
2024-09-02 16:00:00,2501.649,2501.97,2498.715,2500.61,1.4987,0.346
2024-09-02 17:00:00,2500.58,2501.43,2498.882,2499.55,1.0575,0.391
2024-09-02 18:00:00,2499.56,2500.235,2498.89,2499.492,0.6554,0.483
2024-09-02 22:00:00,2499.8,2500.478,2497.61,2497.77,0.5518,0.441
2024-09-02 23:00:00,2497.8,2498.555,2496.528,2497.35,1.0329,0.423
2024-09-03 00:00:00,2497.334,2497.76,2495.047,2495.899,2.4263,0.411
2024-09-03 01:00:00,2495.859,2495.975,2489.743,2493.824,5.7651,0.405
2024-09-03 02:00:00,2493.845,2496.472,2492.47,2495.384,3.8795,0.421
2024-09-03 03:00:00,2495.29,2495.953,2493.149,2494.87,3.5353,0.397
2024-09-03 04:00:00,2494.838,2497.05,2494.004,2496.0,2.4482,0.389
2024-09-03 05:00:00,2495.99,2496.007,2492.854,2495.078,3.2345,0.409
2024-09-03 06:00:00,2495.095,2498.931,2492.86,2497.925,4.7024,0.387
2024-09-03 07:00:00,2497.895,2502.122,2496.67,2500.925,5.2765,0.373
2024-09-03 08:00:00,2500.9,2506.35,2500.66,2504.015,5.2218,0.369
2024-09-03 09:00:00,2504.034,2505.07,2500.946,2500.992,4.2546,0.384
2024-09-03 10:00:00,2501.006,2501.055,2492.758,2497.399,4.2906,0.388
2024-09-03 11:00:00,2497.38,2501.664,2484.784,2489.745,5.431,0.393
2024-09-03 12:00:00,2489.742,2502.28,2487.176,2493.324,8.2776,0.398
2024-09-03 13:00:00,2493.296,2497.715,2475.604,2480.05,10.6623,0.404
2024-09-03 14:00:00,2480.07,2485.72,2473.444,2478.41,10.7312,0.385
2024-09-03 15:00:00,2478.392,2489.594,2477.295,2488.458,5.48,0.388
2024-09-03 16:00:00,2488.465,2489.055,2484.012,2486.18,4.5519,0.381
2024-09-03 17:00:00,2485.965,2492.125,2485.582,2489.576,4.3095,0.378
2024-09-03 18:00:00,2489.565,2490.052,2487.141,2489.435,2.4943,0.368
2024-09-03 19:00:00,2489.38,2494.47,2489.08,2492.141,3.4522,0.349
2024-09-03 20:00:00,2492.127,2493.26,2491.425,2493.08,1.2011,0.321
2024-09-03 22:00:00,2493.0,2494.515,2492.16,2493.203,1.013,0.437
2024-09-03 23:00:00,2493.204,2494.739,2492.365,2493.35,1.2679,0.432
2024-09-04 00:00:00,2493.31,2495.088,2492.26,2492.416,2.742,0.42
2024-09-04 01:00:00,2492.38,2494.53,2491.375,2493.49,3.9699,0.423
2024-09-04 02:00:00,2493.48,2497.0,2492.486,2495.375,3.3591,0.41
2024-09-04 03:00:00,2495.354,2496.615,2493.59,2495.144,1.9883,0.416
2024-09-04 04:00:00,2495.155,2496.841,2494.548,2495.988,1.5135,0.411
2024-09-04 05:00:00,2496.0,2496.696,2492.805,2493.186,2.8597,0.401
2024-09-04 06:00:00,2493.172,2493.47,2483.755,2484.333,6.0122,0.383
2024-09-04 07:00:00,2484.335,2488.324,2482.044,2482.19,6.5841,0.397
2024-09-04 08:00:00,2482.18,2483.4,2472.622,2473.365,5.9709,0.39
2024-09-04 09:00:00,2473.38,2483.37,2471.872,2481.71,5.8493,0.378
2024-09-04 10:00:00,2481.695,2490.034,2481.175,2489.065,5.4256,0.393
2024-09-04 11:00:00,2489.06,2491.28,2486.8,2489.279,4.9671,0.377
2024-09-04 12:00:00,2489.29,2491.214,2485.558,2486.625,7.0159,0.382
2024-09-04 13:00:00,2486.614,2490.175,2482.125,2485.52,9.5715,0.406
2024-09-04 14:00:00,2485.54,2500.355,2485.07,2496.276,13.3625,0.379
2024-09-04 15:00:00,2496.302,2498.44,2492.866,2494.116,4.7716,0.387
2024-09-04 16:00:00,2494.105,2498.015,2493.21,2496.793,3.6251,0.384
2024-09-04 17:00:00,2496.808,2497.39,2493.582,2494.045,3.1378,0.396
2024-09-04 18:00:00,2494.035,2495.685,2492.53,2494.738,3.0996,0.404
2024-09-04 19:00:00,2494.768,2494.884,2491.609,2493.454,5.0537,0.347
2024-09-04 20:00:00,2493.45,2497.01,2492.994,2495.78,1.7471,0.351
2024-09-04 22:00:00,2495.545,2496.28,2494.647,2495.43,0.5539,0.454
2024-09-04 23:00:00,2495.432,2497.0,2495.17,2495.915,1.2991,0.438
2024-09-05 00:00:00,2495.976,2496.62,2494.56,2495.258,2.0918,0.405
2024-09-05 01:00:00,2495.28,2499.39,2494.59,2496.528,4.8743,0.427
2024-09-05 02:00:00,2496.5,2499.02,2496.328,2498.152,2.5093,0.413
2024-09-05 03:00:00,2498.141,2498.676,2494.686,2494.92,2.7514,0.425
2024-09-05 04:00:00,2494.915,2495.174,2493.878,2494.328,1.9845,0.413
2024-09-05 05:00:00,2494.34,2502.373,2494.064,2502.0,3.5594,0.408
2024-09-05 06:00:00,2502.01,2507.0,2500.885,2504.486,5.4164,0.379
2024-09-05 07:00:00,2504.385,2507.645,2503.083,2506.52,3.4073,0.388
2024-09-05 08:00:00,2506.57,2516.708,2506.06,2514.748,5.3156,0.387
2024-09-05 09:00:00,2514.798,2517.35,2514.774,2515.601,3.796,0.386
2024-09-05 10:00:00,2515.59,2517.01,2513.414,2516.414,3.3291,0.379
2024-09-05 11:00:00,2516.384,2518.447,2513.703,2515.265,4.5571,0.382
2024-09-05 12:00:00,2515.28,2523.562,2514.185,2517.801,7.9001,0.413
2024-09-05 13:00:00,2517.81,2519.45,2512.55,2514.835,8.5479,0.391
2024-09-05 14:00:00,2515.008,2520.656,2507.705,2508.786,14.1815,0.364
2024-09-05 15:00:00,2508.792,2511.048,2503.965,2507.2,7.1667,0.362
2024-09-05 16:00:00,2507.22,2511.65,2506.155,2510.47,4.4949,0.37
2024-09-05 17:00:00,2510.465,2515.46,2509.355,2515.185,3.9314,0.373
2024-09-05 18:00:00,2515.188,2516.922,2514.851,2515.695,2.7769,0.355
2024-09-05 19:00:00,2515.69,2516.185,2513.664,2514.935,3.0493,0.341
2024-09-05 20:00:00,2514.978,2517.012,2514.928,2516.76,1.2679,0.331
2024-09-05 22:00:00,2516.83,2517.148,2515.79,2516.212,0.639,0.416
2024-09-05 23:00:00,2516.195,2518.016,2516.16,2517.338,1.9435,0.427
2024-09-06 00:00:00,2517.37,2517.75,2515.655,2515.996,1.6224,0.412
2024-09-06 01:00:00,2515.995,2516.752,2513.548,2513.896,3.1555,0.419
2024-09-06 02:00:00,2513.885,2518.118,2513.105,2517.828,2.8476,0.415
2024-09-06 03:00:00,2517.84,2518.452,2517.034,2518.334,1.7673,0.412
2024-09-06 04:00:00,2518.338,2519.572,2517.87,2518.504,1.9418,0.411
2024-09-06 05:00:00,2518.5,2521.896,2518.495,2520.138,3.4314,0.405
2024-09-06 06:00:00,2520.145,2521.471,2516.708,2519.265,5.5668,0.395
2024-09-06 07:00:00,2519.23,2519.965,2516.35,2516.572,3.8889,0.393
2024-09-06 08:00:00,2516.545,2518.344,2515.566,2517.92,3.1302,0.384
2024-09-06 09:00:00,2517.935,2519.99,2516.434,2519.284,3.7059,0.395
2024-09-06 10:00:00,2519.274,2519.885,2517.295,2519.029,2.7082,0.386
2024-09-06 11:00:00,2519.035,2520.399,2514.77,2516.33,4.3437,0.385
2024-09-06 12:00:00,2516.3,2529.305,2507.454,2522.306,11.795,0.433
2024-09-06 13:00:00,2522.37,2523.06,2502.21,2509.476,16.554,0.375
2024-09-06 14:00:00,2509.476,2515.68,2500.535,2506.8,16.1031,0.379
2024-09-06 15:00:00,2506.86,2518.545,2503.73,2505.496,15.2505,0.381
2024-09-06 16:00:00,2505.485,2505.845,2485.2,2489.13,13.2278,0.38
2024-09-06 17:00:00,2489.075,2497.065,2485.976,2495.67,7.9205,0.376
2024-09-06 18:00:00,2495.665,2496.98,2492.132,2494.681,4.3859,0.368
2024-09-06 19:00:00,2494.775,2496.915,2490.772,2496.022,4.6345,0.358
2024-09-06 20:00:00,2495.992,2497.95,2494.842,2497.42,1.6417,0.368
2024-09-08 22:00:00,2498.0,2498.178,2496.244,2497.94,1.3886,0.449
2024-09-08 23:00:00,2497.99,2498.364,2495.62,2496.95,2.3241,0.441
2024-09-09 00:00:00,2496.98,2498.355,2495.732,2496.052,2.5558,0.412
2024-09-09 01:00:00,2496.024,2498.764,2494.838,2497.785,5.9958,0.408
2024-09-09 02:00:00,2497.834,2499.124,2497.045,2497.245,3.6655,0.407
2024-09-09 03:00:00,2497.21,2500.536,2496.816,2499.322,2.4828,0.402
2024-09-09 04:00:00,2499.316,2499.53,2497.564,2498.28,1.9526,0.405
2024-09-09 05:00:00,2498.23,2498.35,2487.5,2487.917,5.0259,0.387
2024-09-09 06:00:00,2487.91,2493.665,2485.63,2489.805,7.3487,0.383
2024-09-09 07:00:00,2489.835,2496.775,2488.915,2494.315,8.5737,0.379
2024-09-09 08:00:00,2494.364,2495.708,2490.125,2492.274,6.6593,0.385
2024-09-09 09:00:00,2492.285,2497.676,2492.165,2496.475,4.1011,0.382
2024-09-09 10:00:00,2496.49,2499.235,2493.175,2494.525,4.7844,0.383
2024-09-09 11:00:00,2494.544,2498.962,2493.504,2497.332,3.1761,0.381
2024-09-09 12:00:00,2497.32,2504.182,2496.385,2500.992,11.0149,0.418
2024-09-09 13:00:00,2500.98,2505.306,2499.364,2499.83,8.3197,0.428
2024-09-09 14:00:00,2499.824,2501.27,2493.31,2496.917,8.6382,0.378
2024-09-09 15:00:00,2496.925,2499.715,2493.636,2499.165,7.834,0.334
2024-09-09 16:00:00,2499.16,2505.32,2499.16,2504.44,4.3437,0.378
2024-09-09 17:00:00,2504.425,2506.63,2499.554,2500.069,4.4564,0.366
2024-09-09 18:00:00,2500.088,2505.372,2499.518,2504.825,5.065,0.332
2024-09-09 19:00:00,2504.82,2506.172,2502.775,2506.064,3.36,0.262
2024-09-09 20:00:00,2506.058,2507.272,2505.364,2506.41,1.6848,0.341
2024-09-09 22:00:00,2506.7,2507.2,2505.936,2507.1,0.6858,0.441
2024-09-09 23:00:00,2507.03,2507.74,2505.8,2506.835,0.8077,0.431
2024-09-10 00:00:00,2506.87,2507.57,2504.865,2505.465,2.4675,0.412
2024-09-10 01:00:00,2505.545,2506.895,2502.875,2503.886,4.4036,0.417
2024-09-10 02:00:00,2503.904,2504.09,2501.854,2503.088,2.329,0.413
2024-09-10 03:00:00,2503.06,2504.438,2501.52,2502.614,2.1657,0.409
2024-09-10 04:00:00,2502.616,2502.94,2501.083,2501.806,1.7173,0.418
2024-09-10 05:00:00,2501.8,2504.996,2500.812,2503.92,2.8564,0.406
2024-09-10 06:00:00,2503.905,2506.68,2503.44,2505.172,4.7321,0.389
2024-09-10 07:00:00,2505.17,2507.785,2502.19,2502.8,4.4529,0.388
2024-09-10 08:00:00,2502.765,2503.206,2500.204,2502.364,4.6791,0.387
2024-09-10 09:00:00,2502.376,2506.168,2500.22,2506.134,4.8313,0.382
2024-09-10 10:00:00,2506.145,2509.745,2505.221,2505.75,4.5877,0.385
2024-09-10 11:00:00,2505.694,2507.235,2504.272,2504.656,4.2943,0.378
2024-09-10 12:00:00,2504.615,2514.105,2504.542,2513.899,6.4965,0.375
2024-09-10 13:00:00,2513.935,2515.426,2506.322,2506.876,10.3116,0.388
2024-09-10 14:00:00,2506.842,2509.334,2501.05,2509.135,8.799,0.38
2024-09-10 15:00:00,2509.195,2518.5,2508.348,2512.825,5.6212,0.389
2024-09-10 16:00:00,2512.855,2515.585,2510.744,2514.502,4.2507,0.373
2024-09-10 17:00:00,2514.48,2515.74,2512.96,2513.256,3.9997,0.376
2024-09-10 18:00:00,2513.235,2516.706,2512.18,2516.415,3.9699,0.371
2024-09-10 19:00:00,2516.4,2517.56,2514.195,2517.344,3.734,0.336
2024-09-10 20:00:00,2517.365,2517.532,2515.835,2516.635,1.4488,0.344
2024-09-10 22:00:00,2516.665,2517.141,2516.257,2516.57,0.5507,0.449
2024-09-10 23:00:00,2516.607,2518.902,2516.475,2518.75,1.4247,0.426
2024-09-11 00:00:00,2518.722,2519.22,2516.262,2516.662,2.8208,0.404
2024-09-11 01:00:00,2516.64,2522.625,2515.05,2518.772,6.6724,0.412
2024-09-11 02:00:00,2518.67,2520.42,2517.655,2518.86,4.3237,0.403
2024-09-11 03:00:00,2518.875,2520.05,2516.865,2519.506,3.2058,0.402
2024-09-11 04:00:00,2519.505,2520.26,2518.654,2519.652,2.805,0.41
2024-09-11 05:00:00,2519.641,2522.545,2519.39,2521.366,4.9419,0.411
2024-09-11 06:00:00,2521.36,2529.085,2520.955,2526.649,6.7113,0.388
2024-09-11 07:00:00,2526.654,2527.855,2520.815,2521.522,4.0034,0.383
2024-09-11 08:00:00,2521.505,2527.29,2520.765,2524.36,4.8404,0.399
2024-09-11 09:00:00,2524.37,2524.765,2522.09,2523.33,2.975,0.386
2024-09-11 10:00:00,2523.3,2523.385,2519.83,2521.804,3.5762,0.377
2024-09-11 11:00:00,2521.86,2524.262,2520.815,2522.295,3.9329,0.386
2024-09-11 12:00:00,2522.245,2523.98,2502.252,2508.24,13.238,0.456
2024-09-11 13:00:00,2508.194,2512.955,2503.254,2509.735,20.4739,0.413
2024-09-11 14:00:00,2509.73,2510.515,2501.024,2509.518,18.6607,0.41
2024-09-11 15:00:00,2509.572,2515.025,2508.795,2514.848,11.4504,0.401
2024-09-11 16:00:00,2514.86,2520.144,2513.746,2515.316,8.1589,0.376
2024-09-11 17:00:00,2515.274,2516.945,2512.472,2514.644,8.046,0.4
2024-09-11 18:00:00,2514.649,2516.41,2511.316,2511.57,6.3446,0.394
2024-09-11 19:00:00,2511.555,2513.268,2509.875,2513.003,4.5728,0.379
2024-09-11 20:00:00,2512.988,2513.922,2511.359,2511.81,1.4483,0.34
2024-09-11 22:00:00,2511.8,2513.944,2511.78,2512.958,0.7956,0.502
2024-09-11 23:00:00,2512.96,2513.152,2511.87,2512.0,0.7944,0.428
2024-09-12 00:00:00,2511.984,2512.51,2511.14,2512.3,1.7432,0.408
2024-09-12 01:00:00,2512.29,2515.27,2511.775,2513.234,4.237,0.41
2024-09-12 02:00:00,2513.235,2514.164,2511.085,2512.265,3.0793,0.407
2024-09-12 03:00:00,2512.29,2516.175,2512.23,2515.918,2.1903,0.406
2024-09-12 04:00:00,2515.915,2517.864,2515.685,2517.1,1.7443,0.4
2024-09-12 05:00:00,2517.096,2519.85,2517.096,2519.544,3.1254,0.407
2024-09-12 06:00:00,2519.548,2522.354,2516.814,2516.978,3.8586,0.374
2024-09-12 07:00:00,2516.995,2517.79,2514.57,2515.955,4.4664,0.359
2024-09-12 08:00:00,2515.95,2519.382,2515.16,2517.444,4.432,0.388
2024-09-12 09:00:00,2517.45,2519.252,2516.44,2518.89,2.3591,0.382
2024-09-12 10:00:00,2518.87,2521.1,2513.236,2513.276,3.81,0.371
2024-09-12 11:00:00,2513.26,2520.425,2513.085,2519.615,4.9046,0.364
2024-09-12 12:00:00,2519.62,2535.382,2518.954,2528.6,10.3864,0.412
2024-09-12 13:00:00,2528.609,2551.725,2522.168,2545.506,16.5881,0.388
2024-09-12 14:00:00,2545.466,2554.8,2541.92,2553.435,12.293,0.408
2024-09-12 15:00:00,2553.446,2555.25,2548.931,2553.344,8.3396,0.416
2024-09-12 16:00:00,2553.359,2553.782,2544.9,2550.755,6.7667,0.409
2024-09-12 17:00:00,2550.763,2554.891,2550.226,2554.1,5.4471,0.41
2024-09-12 18:00:00,2554.07,2558.86,2552.095,2555.976,5.2234,0.415
2024-09-12 19:00:00,2556.022,2559.185,2554.63,2557.902,6.1269,0.39
2024-09-12 20:00:00,2557.88,2560.146,2556.824,2558.805,3.1199,0.361
2024-09-12 22:00:00,2558.6,2559.576,2557.301,2557.5,1.3997,0.486
2024-09-12 23:00:00,2557.55,2558.64,2556.752,2558.544,2.2292,0.426
2024-09-13 00:00:00,2558.54,2562.79,2556.83,2561.654,3.7881,0.403
2024-09-13 01:00:00,2561.685,2568.115,2560.024,2563.319,7.1254,0.41
2024-09-13 02:00:00,2563.328,2565.705,2561.694,2565.474,3.6319,0.412
2024-09-13 03:00:00,2565.48,2570.138,2564.755,2568.005,3.0908,0.414
2024-09-13 04:00:00,2568.0,2570.149,2566.72,2568.97,1.8247,0.423
2024-09-13 05:00:00,2568.95,2570.334,2566.0,2566.632,3.4514,0.396
2024-09-13 06:00:00,2566.635,2568.87,2563.218,2567.205,6.4704,0.383
2024-09-13 07:00:00,2567.218,2571.106,2563.975,2569.862,8.5966,0.407
2024-09-13 08:00:00,2569.875,2571.056,2565.89,2570.058,9.2975,0.428
2024-09-13 09:00:00,2569.942,2573.02,2567.072,2568.64,8.7324,0.428
2024-09-13 10:00:00,2568.635,2569.405,2565.698,2567.072,4.9537,0.405
2024-09-13 11:00:00,2567.154,2568.375,2563.77,2567.388,4.8716,0.413
2024-09-13 12:00:00,2567.49,2575.968,2566.105,2575.888,9.0472,0.403
2024-09-13 13:00:00,2575.884,2583.476,2573.575,2577.913,15.8673,0.433
2024-09-13 14:00:00,2577.908,2580.25,2573.192,2578.408,13.2067,0.438
2024-09-13 15:00:00,2578.487,2582.505,2573.76,2582.255,11.1407,0.423
2024-09-13 16:00:00,2582.278,2585.23,2580.158,2584.38,7.2452,0.406
2024-09-13 17:00:00,2584.385,2586.145,2581.595,2582.785,5.9567,0.382
2024-09-13 18:00:00,2582.795,2583.928,2580.784,2582.36,6.4869,0.367
2024-09-13 19:00:00,2582.376,2582.995,2578.718,2582.705,2.8134,0.348
2024-09-13 20:00:00,2582.71,2582.982,2577.8,2578.015,1.7693,0.384
2024-09-15 22:00:00,2579.02,2580.75,2577.618,2580.12,2.3095,0.487
2024-09-15 23:00:00,2580.212,2580.44,2578.35,2579.205,2.2065,0.418
2024-09-16 00:00:00,2579.2,2582.44,2578.93,2581.458,2.0251,0.432
2024-09-16 01:00:00,2581.46,2582.962,2579.978,2581.8,2.1003,0.395
2024-09-16 02:00:00,2581.774,2585.898,2581.598,2585.48,3.143,0.429
2024-09-16 03:00:00,2585.475,2589.058,2583.855,2586.43,2.6958,0.395
2024-09-16 04:00:00,2586.425,2586.818,2585.034,2585.895,2.1385,0.424
2024-09-16 05:00:00,2585.828,2589.49,2585.574,2588.846,2.5739,0.412
2024-09-16 06:00:00,2588.844,2589.695,2585.225,2585.375,4.4344,0.373
2024-09-16 07:00:00,2585.359,2585.658,2579.56,2582.2,5.529,0.38
2024-09-16 08:00:00,2582.185,2588.6,2581.456,2586.925,5.7141,0.401
2024-09-16 09:00:00,2586.93,2588.384,2584.29,2585.618,4.476,0.4
2024-09-16 10:00:00,2585.623,2586.44,2575.335,2579.84,4.5542,0.391
2024-09-16 11:00:00,2579.862,2583.275,2578.8,2583.06,4.7071,0.408
2024-09-16 12:00:00,2583.07,2583.57,2578.595,2583.48,8.1073,0.42
2024-09-16 13:00:00,2583.455,2589.41,2581.315,2588.31,10.8374,0.391
2024-09-16 14:00:00,2588.355,2588.665,2576.16,2580.294,11.7066,0.393
2024-09-16 15:00:00,2580.326,2582.005,2577.765,2579.934,7.8341,0.406
2024-09-16 16:00:00,2579.966,2584.149,2579.644,2583.728,5.1968,0.409
2024-09-16 17:00:00,2583.724,2584.205,2579.955,2582.649,4.8024,0.419
2024-09-16 18:00:00,2582.694,2582.952,2580.264,2581.064,4.343,0.407
2024-09-16 19:00:00,2581.074,2583.41,2579.718,2582.61,3.434,0.343
2024-09-16 20:00:00,2582.6,2583.505,2581.925,2582.61,1.6233,0.346
2024-09-16 22:00:00,2582.71,2583.685,2582.236,2583.0,0.99,0.528
2024-09-16 23:00:00,2583.068,2584.004,2582.275,2583.775,1.5352,0.421
2024-09-17 00:00:00,2583.77,2584.484,2580.316,2580.322,1.9337,0.419
2024-09-17 01:00:00,2580.31,2582.785,2578.486,2582.659,2.743,0.41
2024-09-17 02:00:00,2582.67,2586.36,2581.1,2581.65,2.6027,0.415
2024-09-17 03:00:00,2581.61,2581.61,2576.864,2577.27,3.476,0.402
2024-09-17 04:00:00,2577.198,2579.23,2574.978,2576.932,2.5373,0.414
2024-09-17 05:00:00,2576.94,2579.652,2574.615,2579.399,2.2557,0.413
2024-09-17 06:00:00,2579.408,2587.03,2579.399,2584.424,4.9932,0.359
2024-09-17 07:00:00,2584.42,2585.748,2582.804,2583.894,5.9246,0.322
2024-09-17 08:00:00,2583.87,2584.238,2577.68,2580.195,7.5772,0.313
2024-09-17 09:00:00,2580.15,2580.2,2571.824,2573.649,5.6608,0.359
2024-09-17 10:00:00,2573.634,2576.166,2569.81,2573.069,4.8234,0.373
2024-09-17 11:00:00,2573.114,2581.78,2572.32,2579.935,5.2241,0.375
2024-09-17 12:00:00,2579.96,2581.69,2568.384,2577.833,8.9215,0.396
2024-09-17 13:00:00,2577.819,2579.59,2573.155,2573.775,10.4965,0.383
2024-09-17 14:00:00,2573.745,2582.296,2571.8,2576.516,11.1214,0.342
2024-09-17 15:00:00,2576.525,2577.11,2561.82,2565.665,9.2318,0.35
2024-09-17 16:00:00,2565.652,2566.665,2561.492,2563.155,6.3119,0.383
2024-09-17 17:00:00,2563.165,2570.515,2560.984,2569.98,5.8291,0.351
2024-09-17 18:00:00,2569.97,2571.706,2568.694,2570.206,5.6082,0.349
2024-09-17 19:00:00,2570.205,2571.192,2567.022,2568.706,5.7638,0.317
2024-09-17 20:00:00,2568.712,2570.34,2568.362,2569.51,2.1576,0.344
2024-09-17 22:00:00,2569.475,2571.43,2569.296,2570.814,0.764,0.402
2024-09-17 23:00:00,2570.804,2574.45,2570.77,2574.095,1.9662,0.42
2024-09-18 00:00:00,2574.085,2574.904,2571.55,2573.09,2.6782,0.42
2024-09-18 01:00:00,2573.084,2576.544,2571.641,2572.265,5.207,0.404
2024-09-18 02:00:00,2572.33,2574.206,2570.065,2573.848,3.4443,0.415
2024-09-18 03:00:00,2573.866,2576.496,2572.82,2575.978,3.1214,0.413
2024-09-18 04:00:00,2575.985,2576.508,2568.075,2568.73,2.9849,0.399
2024-09-18 05:00:00,2568.69,2569.33,2565.86,2567.774,7.0694,0.309
2024-09-18 06:00:00,2567.786,2570.075,2566.725,2569.15,4.8656,0.35
2024-09-18 07:00:00,2569.17,2572.05,2568.765,2571.68,4.5046,0.374
2024-09-18 08:00:00,2571.685,2572.03,2568.345,2569.822,4.1677,0.384
2024-09-18 09:00:00,2569.81,2572.01,2568.025,2572.01,3.8425,0.377
2024-09-18 10:00:00,2572.005,2578.185,2571.095,2576.23,4.3077,0.374
2024-09-18 11:00:00,2576.23,2580.755,2575.13,2577.47,4.2707,0.375
2024-09-18 12:00:00,2577.485,2578.906,2573.55,2576.314,5.409,0.381
2024-09-18 13:00:00,2576.304,2578.65,2568.655,2571.856,6.66,0.372
2024-09-18 14:00:00,2571.83,2574.89,2568.085,2571.718,6.0728,0.371
2024-09-18 15:00:00,2571.734,2574.55,2568.165,2569.755,5.6426,0.37
2024-09-18 16:00:00,2569.81,2575.304,2568.975,2574.965,5.6989,0.403
2024-09-18 17:00:00,2574.97,2574.97,2567.094,2567.825,5.5004,0.415
2024-09-18 18:00:00,2567.885,2600.256,2567.518,2575.794,24.3855,0.482
2024-09-18 19:00:00,2575.81,2576.23,2546.88,2549.024,24.2821,0.389
2024-09-18 20:00:00,2548.934,2560.96,2548.351,2559.135,3.8697,0.445
2024-09-18 22:00:00,2559.165,2561.6,2555.86,2559.36,2.259,0.504
2024-09-18 23:00:00,2559.375,2559.78,2556.374,2559.354,2.1491,0.419
2024-09-19 00:00:00,2559.359,2559.65,2557.02,2558.88,4.0526,0.386
2024-09-19 01:00:00,2558.855,2558.896,2551.224,2555.29,6.8788,0.405
2024-09-19 02:00:00,2555.3,2566.762,2555.3,2564.15,7.3289,0.404
2024-09-19 03:00:00,2564.11,2565.388,2561.37,2564.101,5.4939,0.381
2024-09-19 04:00:00,2564.065,2564.2,2559.63,2564.149,3.0176,0.41
2024-09-19 05:00:00,2564.154,2574.594,2564.085,2574.555,7.4864,0.366
2024-09-19 06:00:00,2574.565,2578.85,2573.95,2575.895,9.8283,0.362
2024-09-19 07:00:00,2575.902,2584.704,2575.09,2584.454,10.292,0.358
2024-09-19 08:00:00,2584.47,2586.66,2581.425,2585.03,7.6306,0.39
2024-09-19 09:00:00,2585.025,2594.915,2584.105,2591.895,9.7112,0.407
2024-09-19 10:00:00,2591.89,2591.926,2586.0,2588.684,7.2799,0.396
2024-09-19 11:00:00,2588.725,2589.805,2584.445,2589.478,7.9827,0.413
2024-09-19 12:00:00,2589.47,2591.295,2573.25,2576.77,11.2761,0.407
2024-09-19 13:00:00,2576.76,2582.641,2569.82,2575.248,12.4036,0.42
2024-09-19 14:00:00,2575.34,2584.705,2571.81,2581.29,15.8535,0.384
2024-09-19 15:00:00,2581.297,2589.455,2580.492,2589.135,11.1135,0.398
2024-09-19 16:00:00,2589.194,2592.65,2587.803,2591.79,7.8459,0.381
2024-09-19 17:00:00,2591.814,2592.75,2587.998,2590.623,6.6784,0.41
2024-09-19 18:00:00,2590.656,2590.866,2586.69,2588.355,5.9911,0.383
2024-09-19 19:00:00,2588.335,2588.935,2586.005,2588.474,4.9998,0.385
2024-09-19 20:00:00,2588.465,2589.851,2586.014,2586.865,2.5502,0.373
2024-09-19 22:00:00,2586.845,2587.98,2586.232,2587.83,0.8864,0.481
2024-09-19 23:00:00,2587.792,2587.87,2586.515,2587.326,1.0092,0.417
2024-09-20 00:00:00,2587.32,2588.59,2586.18,2588.17,2.3923,0.406
2024-09-20 01:00:00,2588.21,2589.57,2584.854,2588.326,4.9232,0.395
2024-09-20 02:00:00,2588.305,2592.63,2587.484,2591.645,4.6539,0.405
2024-09-20 03:00:00,2591.65,2593.685,2591.005,2591.515,5.1079,0.401
2024-09-20 04:00:00,2591.5,2594.425,2591.39,2593.814,1.5603,0.397
2024-09-20 05:00:00,2593.9,2595.225,2592.515,2594.655,3.1688,0.411
2024-09-20 06:00:00,2594.59,2607.147,2594.395,2605.51,8.793,0.34
2024-09-20 07:00:00,2605.544,2609.795,2604.825,2607.21,7.5579,0.355
2024-09-20 08:00:00,2607.21,2612.78,2605.55,2609.825,5.737,0.371
2024-09-20 09:00:00,2609.84,2610.58,2602.598,2606.395,4.7364,0.38
2024-09-20 10:00:00,2606.405,2614.246,2606.285,2613.31,7.6342,0.415
2024-09-20 11:00:00,2613.3,2615.512,2610.33,2613.806,7.6832,0.403
2024-09-20 12:00:00,2613.812,2619.365,2613.476,2615.62,10.3499,0.4
2024-09-20 13:00:00,2615.622,2616.615,2602.655,2606.765,16.4427,0.398
2024-09-20 14:00:00,2606.755,2617.234,2604.795,2614.092,17.3365,0.416
2024-09-20 15:00:00,2614.126,2623.03,2611.265,2622.862,17.2464,0.402
2024-09-20 16:00:00,2622.902,2625.774,2619.815,2624.922,10.9909,0.408
2024-09-20 17:00:00,2624.909,2625.436,2619.29,2619.65,9.6195,0.414
2024-09-20 18:00:00,2619.665,2622.302,2617.944,2621.764,9.4315,0.374
2024-09-20 19:00:00,2621.793,2623.416,2620.758,2621.116,4.8651,0.351
2024-09-20 20:00:00,2621.152,2622.56,2619.096,2622.1,2.1826,0.357
2024-09-22 22:00:00,2621.2,2622.95,2618.384,2620.58,2.2692,0.304
2024-09-22 23:00:00,2620.646,2621.61,2619.766,2620.35,1.9644,0.353
2024-09-23 00:00:00,2620.345,2620.455,2618.272,2618.4,2.3111,0.324
2024-09-23 01:00:00,2618.36,2621.508,2616.166,2620.23,5.1493,0.402
2024-09-23 02:00:00,2620.145,2626.411,2618.904,2625.45,4.2306,0.406
2024-09-23 03:00:00,2625.37,2631.19,2624.93,2628.562,3.434,0.396
2024-09-23 04:00:00,2628.56,2631.095,2628.06,2629.51,1.9178,0.402
2024-09-23 05:00:00,2629.42,2631.415,2626.89,2630.104,3.3078,0.403
2024-09-23 06:00:00,2630.109,2630.235,2624.526,2624.526,5.7352,0.377
2024-09-23 07:00:00,2624.47,2625.1,2613.9,2615.226,12.5826,0.412
2024-09-23 08:00:00,2615.162,2619.746,2614.715,2616.924,12.4612,0.42
2024-09-23 09:00:00,2616.925,2622.114,2615.477,2621.692,7.3384,0.401
2024-09-23 10:00:00,2621.696,2623.672,2620.82,2621.616,6.0259,0.403
2024-09-23 11:00:00,2621.6,2625.872,2620.99,2624.16,6.4713,0.4
2024-09-23 12:00:00,2624.18,2628.202,2620.104,2627.116,8.6167,0.407
2024-09-23 13:00:00,2627.122,2634.322,2625.674,2632.005,11.7236,0.415
2024-09-23 14:00:00,2631.965,2634.905,2628.14,2630.506,13.6496,0.398
2024-09-23 15:00:00,2630.492,2632.02,2625.85,2629.337,10.6598,0.397
2024-09-23 16:00:00,2629.346,2630.942,2626.656,2628.22,7.5158,0.406
2024-09-23 17:00:00,2628.26,2629.195,2626.514,2628.038,4.2519,0.396
2024-09-23 18:00:00,2628.048,2628.902,2626.044,2627.444,3.9823,0.399
2024-09-23 19:00:00,2627.464,2627.96,2625.748,2626.342,4.1527,0.345
2024-09-23 20:00:00,2626.316,2628.885,2626.266,2628.765,1.2172,0.332
2024-09-23 22:00:00,2628.8,2628.93,2626.716,2627.52,0.9411,0.465
2024-09-23 23:00:00,2627.522,2627.534,2625.89,2626.405,1.2199,0.403
2024-09-24 00:00:00,2626.42,2626.616,2623.894,2625.238,2.5775,0.403
2024-09-24 01:00:00,2625.25,2630.25,2624.994,2629.176,6.7787,0.405
2024-09-24 02:00:00,2629.135,2629.394,2626.82,2629.004,4.3232,0.404
2024-09-24 03:00:00,2628.998,2636.19,2628.874,2634.16,5.554,0.405
2024-09-24 04:00:00,2634.146,2638.344,2632.085,2638.14,3.7773,0.398
2024-09-24 05:00:00,2638.16,2640.17,2625.257,2625.486,7.0927,0.417
2024-09-24 06:00:00,2625.485,2629.98,2624.556,2628.8,6.9295,0.379
2024-09-24 07:00:00,2628.905,2630.335,2622.695,2629.01,6.4802,0.374
2024-09-24 08:00:00,2628.98,2629.57,2626.01,2629.068,5.2374,0.403
2024-09-24 09:00:00,2629.085,2630.924,2627.198,2630.808,5.1354,0.405
2024-09-24 10:00:00,2630.833,2636.228,2630.652,2633.444,6.6932,0.414
2024-09-24 11:00:00,2633.4,2633.48,2623.46,2626.475,8.3473,0.416
2024-09-24 12:00:00,2626.516,2633.32,2623.57,2633.225,10.755,0.409
2024-09-24 13:00:00,2633.23,2637.377,2631.06,2635.605,12.6124,0.418
2024-09-24 14:00:00,2635.69,2647.256,2634.582,2643.64,14.7192,0.397
2024-09-24 15:00:00,2643.646,2648.498,2639.885,2643.22,12.2414,0.39
2024-09-24 16:00:00,2643.225,2655.248,2642.511,2653.604,11.3441,0.404
2024-09-24 17:00:00,2653.61,2654.57,2649.938,2654.08,7.3655,0.395
2024-09-24 18:00:00,2654.075,2657.805,2653.444,2657.37,6.7804,0.384
2024-09-24 19:00:00,2657.35,2664.39,2656.475,2662.73,7.7498,0.372
2024-09-24 20:00:00,2662.725,2663.757,2656.514,2657.335,2.7691,0.38
2024-09-24 22:00:00,2657.705,2659.905,2657.6,2659.204,0.949,0.42
2024-09-24 23:00:00,2659.23,2659.294,2656.77,2658.248,2.2119,0.426
2024-09-25 00:00:00,2658.26,2661.045,2656.695,2660.873,2.7557,0.418
2024-09-25 01:00:00,2660.895,2662.95,2655.565,2660.095,7.8079,0.41
2024-09-25 02:00:00,2660.1,2670.575,2659.73,2670.163,5.3469,0.411
2024-09-25 03:00:00,2670.158,2670.297,2659.909,2661.588,4.5486,0.401
2024-09-25 04:00:00,2661.605,2661.722,2657.728,2658.982,4.0102,0.391
2024-09-25 05:00:00,2658.965,2659.928,2654.54,2657.347,7.6905,0.347
2024-09-25 06:00:00,2657.341,2659.9,2653.649,2654.761,7.4092,0.382
2024-09-25 07:00:00,2654.76,2657.714,2651.435,2656.976,6.0558,0.38
2024-09-25 08:00:00,2657.03,2658.645,2654.64,2655.93,3.2362,0.381
2024-09-25 09:00:00,2655.955,2657.78,2652.79,2656.998,4.369,0.369
2024-09-25 10:00:00,2657.04,2658.266,2654.435,2655.68,5.2051,0.38
2024-09-25 11:00:00,2655.715,2658.094,2653.996,2657.48,3.2501,0.388
2024-09-25 12:00:00,2657.456,2660.884,2657.02,2659.524,8.7409,0.375
2024-09-25 13:00:00,2659.545,2666.205,2658.415,2664.562,8.5997,0.385
2024-09-25 14:00:00,2664.552,2667.534,2654.395,2658.984,8.3971,0.383
2024-09-25 15:00:00,2659.04,2660.895,2655.346,2657.784,6.5139,0.388
2024-09-25 16:00:00,2657.76,2658.909,2649.844,2653.819,7.9278,0.336
2024-09-25 17:00:00,2653.778,2663.054,2653.24,2660.702,7.3433,0.331
2024-09-25 18:00:00,2660.696,2661.802,2659.17,2660.438,4.004,0.374
2024-09-25 19:00:00,2660.404,2661.662,2659.498,2659.815,4.531,0.341
2024-09-25 20:00:00,2659.792,2660.351,2656.3,2657.174,3.2105,0.304
2024-09-25 22:00:00,2656.984,2659.79,2656.672,2658.39,1.497,0.405
2024-09-25 23:00:00,2658.38,2659.565,2656.293,2656.405,1.5759,0.427
2024-09-26 00:00:00,2656.414,2660.445,2655.49,2659.112,2.9023,0.437
2024-09-26 01:00:00,2659.13,2661.5,2657.725,2660.91,6.5027,0.355
2024-09-26 02:00:00,2660.95,2661.625,2657.1,2658.16,4.3802,0.405
2024-09-26 03:00:00,2658.12,2662.562,2657.746,2662.562,3.768,0.395
2024-09-26 04:00:00,2662.59,2662.97,2660.23,2660.714,3.0567,0.353
2024-09-26 05:00:00,2660.7,2663.49,2659.83,2661.482,5.3776,0.383
2024-09-26 06:00:00,2661.476,2662.735,2658.04,2661.762,5.5384,0.372
2024-09-26 07:00:00,2661.76,2666.95,2659.526,2664.705,6.2111,0.37
2024-09-26 08:00:00,2664.685,2670.552,2664.625,2669.128,8.6341,0.319
2024-09-26 09:00:00,2669.138,2669.895,2667.025,2668.95,4.4618,0.373
2024-09-26 10:00:00,2668.94,2675.73,2667.536,2672.725,6.5099,0.383
2024-09-26 11:00:00,2672.72,2685.595,2672.32,2682.865,7.8495,0.372
2024-09-26 12:00:00,2682.86,2684.285,2668.71,2677.345,15.3653,0.363
2024-09-26 13:00:00,2677.355,2679.77,2654.868,2660.915,15.5675,0.438
2024-09-26 14:00:00,2660.936,2669.622,2659.755,2665.908,16.7573,0.445
2024-09-26 15:00:00,2665.918,2673.185,2662.537,2671.394,14.1279,0.427
2024-09-26 16:00:00,2671.453,2672.496,2662.984,2668.302,10.7242,0.43
2024-09-26 17:00:00,2668.295,2672.33,2667.72,2671.005,8.3096,0.459
2024-09-26 18:00:00,2671.0,2677.15,2670.163,2675.944,7.2136,0.379
2024-09-26 19:00:00,2675.96,2677.902,2672.319,2673.725,5.3986,0.403
2024-09-26 20:00:00,2673.782,2674.13,2670.947,2672.405,1.6904,0.378
2024-09-26 22:00:00,2672.12,2673.242,2671.707,2672.4,1.0402,0.493
2024-09-26 23:00:00,2672.417,2673.27,2672.044,2672.705,1.5495,0.445
2024-09-27 00:00:00,2672.69,2672.756,2669.368,2669.846,3.3021,0.414
2024-09-27 01:00:00,2669.79,2672.85,2666.27,2669.614,7.2053,0.42
2024-09-27 02:00:00,2669.615,2671.106,2667.272,2669.014,6.4497,0.417
2024-09-27 03:00:00,2669.01,2674.046,2668.71,2673.756,4.3031,0.413
2024-09-27 04:00:00,2673.754,2673.998,2669.39,2670.564,2.0338,0.409
2024-09-27 05:00:00,2670.583,2671.41,2662.39,2664.908,7.5812,0.423
2024-09-27 06:00:00,2664.913,2669.595,2664.1,2665.86,9.1675,0.393
2024-09-27 07:00:00,2665.89,2668.335,2661.028,2664.746,8.9721,0.394
2024-09-27 08:00:00,2664.757,2665.465,2661.874,2662.682,12.4863,0.44
2024-09-27 09:00:00,2662.677,2664.995,2658.412,2663.772,10.2853,0.448
2024-09-27 10:00:00,2663.76,2665.707,2662.092,2664.402,8.9739,0.44
2024-09-27 11:00:00,2664.395,2669.252,2664.362,2666.175,9.7643,0.436
2024-09-27 12:00:00,2666.195,2674.314,2662.405,2670.142,16.5227,0.421
2024-09-27 13:00:00,2670.137,2671.14,2664.124,2666.53,17.1299,0.461
2024-09-27 14:00:00,2666.512,2667.024,2649.46,2649.522,17.0774,0.418
2024-09-27 15:00:00,2649.516,2654.708,2644.848,2649.814,16.4616,0.423
2024-09-27 16:00:00,2649.855,2656.394,2646.08,2651.882,11.1277,0.436
2024-09-27 17:00:00,2651.87,2652.406,2643.252,2645.232,9.684,0.424
2024-09-27 18:00:00,2645.246,2648.97,2643.546,2648.018,6.0003,0.399
2024-09-27 19:00:00,2648.034,2652.942,2645.7,2652.098,4.5655,0.394
2024-09-27 20:00:00,2652.045,2660.188,2651.23,2658.425,2.1459,0.395
2024-09-29 22:00:00,2658.47,2663.636,2657.32,2662.836,3.656,0.492
2024-09-29 23:00:00,2662.788,2665.116,2661.765,2663.616,2.7528,0.411
2024-09-30 00:00:00,2663.636,2666.036,2661.286,2661.665,5.2212,0.392
2024-09-30 01:00:00,2661.65,2664.4,2647.45,2652.779,9.3486,0.385
2024-09-30 02:00:00,2652.768,2656.453,2650.35,2652.63,5.9844,0.427
2024-09-30 03:00:00,2652.594,2655.655,2652.204,2653.586,3.063,0.424
2024-09-30 04:00:00,2653.596,2656.008,2652.176,2655.954,2.8101,0.428
2024-09-30 05:00:00,2655.974,2659.405,2654.47,2657.93,4.7339,0.422
2024-09-30 06:00:00,2657.94,2660.185,2655.715,2657.88,6.7149,0.388
2024-09-30 07:00:00,2657.96,2660.685,2650.742,2650.996,5.2061,0.376
2024-09-30 08:00:00,2650.956,2656.668,2650.665,2653.578,5.1264,0.378
2024-09-30 09:00:00,2653.649,2653.77,2648.425,2649.76,6.3174,0.374
2024-09-30 10:00:00,2649.78,2650.14,2635.85,2637.016,8.0711,0.383
2024-09-30 11:00:00,2636.95,2642.895,2634.52,2641.7,7.9787,0.407
2024-09-30 12:00:00,2641.705,2644.28,2634.952,2639.024,7.3996,0.413
2024-09-30 13:00:00,2639.1,2642.18,2630.555,2635.816,8.5422,0.442
2024-09-30 14:00:00,2635.817,2636.237,2628.85,2633.395,13.5625,0.471
2024-09-30 15:00:00,2633.392,2636.5,2630.33,2633.984,10.1389,0.45
2024-09-30 16:00:00,2634.022,2639.505,2633.46,2639.143,7.1535,0.458
2024-09-30 17:00:00,2639.144,2641.912,2636.489,2637.953,7.2723,0.431
2024-09-30 18:00:00,2637.968,2638.444,2624.78,2631.58,9.6488,0.464
2024-09-30 19:00:00,2631.636,2631.842,2626.49,2631.029,8.4075,0.415
2024-09-30 20:00:00,2631.075,2635.18,2630.798,2634.68,2.8756,0.345
2024-09-30 22:00:00,2634.5,2635.08,2632.47,2635.08,0.9417,0.473
2024-09-30 23:00:00,2635.2,2636.245,2634.654,2635.764,1.2258,0.422
2024-10-01 00:00:00,2635.79,2637.22,2634.014,2636.465,2.3234,0.415
2024-10-01 01:00:00,2636.466,2639.874,2635.54,2639.854,1.789,0.412
2024-10-01 02:00:00,2639.87,2640.09,2635.068,2636.512,2.4035,0.422
2024-10-01 03:00:00,2636.495,2638.706,2634.62,2638.064,2.1497,0.419
2024-10-01 04:00:00,2638.065,2640.475,2637.52,2639.659,2.7989,0.399
2024-10-01 05:00:00,2639.656,2644.4,2639.632,2643.16,3.1919,0.401
2024-10-01 06:00:00,2643.17,2645.612,2642.674,2645.359,3.9763,0.383
2024-10-01 07:00:00,2645.394,2647.492,2641.795,2645.675,5.3896,0.377
2024-10-01 08:00:00,2645.695,2646.84,2642.49,2646.604,6.3179,0.389
2024-10-01 09:00:00,2646.625,2649.35,2645.456,2648.765,4.3238,0.381
2024-10-01 10:00:00,2648.775,2650.595,2648.35,2650.399,3.314,0.386
2024-10-01 11:00:00,2650.44,2652.13,2646.958,2650.346,4.5338,0.38
2024-10-01 12:00:00,2650.315,2656.74,2650.256,2651.62,7.3263,0.389
2024-10-01 13:00:00,2651.61,2671.876,2648.06,2668.296,12.5126,0.43
2024-10-01 14:00:00,2668.355,2670.175,2657.422,2659.091,12.6727,0.428
2024-10-01 15:00:00,2659.145,2665.47,2653.971,2663.484,9.6446,0.402
2024-10-01 16:00:00,2663.5,2673.162,2661.334,2666.529,7.4446,0.421
2024-10-01 17:00:00,2666.54,2671.784,2661.31,2662.482,7.8229,0.414
2024-10-01 18:00:00,2662.444,2665.04,2657.645,2661.138,5.5625,0.412
2024-10-01 19:00:00,2661.1,2664.368,2658.257,2658.757,5.6499,0.379
2024-10-01 20:00:00,2658.745,2664.075,2657.935,2663.425,2.3073,0.371
2024-10-01 22:00:00,2663.28,2663.504,2661.275,2662.14,0.9437,0.485
2024-10-01 23:00:00,2662.17,2662.3,2660.21,2660.406,1.3728,0.456
2024-10-02 00:00:00,2660.395,2660.692,2657.035,2657.52,2.7659,0.414
2024-10-02 01:00:00,2657.57,2662.092,2656.36,2660.7,3.648,0.409
2024-10-02 02:00:00,2660.706,2661.268,2658.899,2660.206,2.984,0.407
2024-10-02 03:00:00,2660.195,2661.596,2655.15,2655.446,2.902,0.41
2024-10-02 04:00:00,2655.42,2656.575,2652.726,2654.152,2.8894,0.412
2024-10-02 05:00:00,2654.17,2656.277,2644.59,2648.095,5.6318,0.413
2024-10-02 06:00:00,2648.1,2650.86,2647.27,2649.814,3.2034,0.381
2024-10-02 07:00:00,2649.748,2655.58,2649.554,2655.48,5.7506,0.362
2024-10-02 08:00:00,2655.49,2655.89,2648.695,2652.504,5.9625,0.372
2024-10-02 09:00:00,2652.54,2655.62,2651.62,2653.01,4.874,0.393
2024-10-02 10:00:00,2653.02,2654.44,2648.865,2649.206,3.125,0.382
2024-10-02 11:00:00,2649.205,2652.674,2648.04,2649.616,3.5791,0.383
2024-10-02 12:00:00,2649.658,2653.01,2643.822,2649.676,5.4995,0.399
2024-10-02 13:00:00,2649.69,2660.884,2649.328,2659.518,8.5738,0.397
2024-10-02 14:00:00,2659.618,2663.418,2647.496,2648.15,9.5088,0.421
2024-10-02 15:00:00,2648.166,2650.726,2641.164,2649.984,9.629,0.4
2024-10-02 16:00:00,2650.025,2652.351,2648.146,2649.782,4.5153,0.403
2024-10-02 17:00:00,2649.73,2652.877,2647.228,2652.24,3.6533,0.401
2024-10-02 18:00:00,2652.252,2655.985,2651.204,2654.146,3.3608,0.368
2024-10-02 19:00:00,2654.136,2659.026,2653.746,2658.676,3.8798,0.351
2024-10-02 20:00:00,2658.699,2659.953,2658.359,2658.8,2.2169,0.357
2024-10-02 22:00:00,2658.8,2660.39,2658.395,2659.564,0.9649,0.432
2024-10-02 23:00:00,2659.569,2661.228,2659.452,2660.335,2.0501,0.416
2024-10-03 00:00:00,2660.345,2663.005,2657.515,2657.87,3.0164,0.412
2024-10-03 01:00:00,2657.875,2658.964,2655.05,2658.32,2.6002,0.412
2024-10-03 02:00:00,2658.325,2658.735,2655.474,2655.854,2.3778,0.412
2024-10-03 03:00:00,2655.844,2658.062,2653.396,2656.062,3.9857,0.409
2024-10-03 04:00:00,2656.076,2656.605,2654.69,2655.08,2.4571,0.428
2024-10-03 05:00:00,2655.065,2656.728,2651.97,2653.356,4.3074,0.41
2024-10-03 06:00:00,2653.316,2657.544,2651.355,2655.9,3.292,0.403
2024-10-03 07:00:00,2655.935,2656.245,2643.52,2645.335,4.4962,0.389
2024-10-03 08:00:00,2645.257,2647.53,2641.88,2645.185,3.7345,0.389
2024-10-03 09:00:00,2645.15,2647.67,2641.055,2644.885,3.8651,0.382
2024-10-03 10:00:00,2644.89,2648.196,2644.118,2646.86,3.4328,0.398
2024-10-03 11:00:00,2646.915,2649.13,2643.705,2648.13,3.1047,0.389
2024-10-03 12:00:00,2648.136,2654.74,2642.17,2642.415,7.0766,0.402
2024-10-03 13:00:00,2642.41,2651.456,2641.655,2647.54,8.3157,0.394
2024-10-03 14:00:00,2647.476,2654.532,2637.444,2650.282,10.8277,0.42
2024-10-03 15:00:00,2650.27,2654.65,2648.065,2648.934,5.2576,0.389
2024-10-03 16:00:00,2648.968,2661.236,2648.634,2660.094,5.0664,0.402
2024-10-03 17:00:00,2660.124,2662.192,2655.215,2656.79,5.2826,0.377
2024-10-03 18:00:00,2656.84,2659.77,2655.465,2657.582,3.1633,0.387
2024-10-03 19:00:00,2657.585,2659.51,2657.026,2657.994,4.6015,0.36
2024-10-03 20:00:00,2658.01,2658.014,2655.88,2656.13,1.6108,0.33
2024-10-03 22:00:00,2655.812,2657.296,2654.51,2656.06,1.3512,0.487
2024-10-03 23:00:00,2655.935,2656.662,2654.386,2655.84,1.0281,0.417
2024-10-04 00:00:00,2655.87,2657.59,2655.53,2657.326,2.1663,0.417
2024-10-04 01:00:00,2657.332,2659.242,2656.87,2658.32,3.0886,0.423
2024-10-04 02:00:00,2658.319,2663.61,2658.066,2662.106,2.3789,0.403
2024-10-04 03:00:00,2662.136,2663.688,2660.87,2661.21,2.3747,0.421
2024-10-04 04:00:00,2661.18,2665.916,2660.74,2664.115,2.5341,0.419
2024-10-04 05:00:00,2664.114,2667.885,2664.114,2667.486,2.9345,0.41
2024-10-04 06:00:00,2667.495,2667.7,2659.746,2660.302,3.2568,0.383
2024-10-04 07:00:00,2660.24,2663.215,2658.81,2661.072,3.8131,0.389
2024-10-04 08:00:00,2661.06,2661.61,2658.915,2659.084,2.9525,0.393
2024-10-04 09:00:00,2659.104,2660.265,2656.94,2657.565,2.9477,0.397
2024-10-04 10:00:00,2657.53,2660.78,2657.268,2658.33,2.2331,0.383
2024-10-04 11:00:00,2658.245,2662.645,2657.46,2661.4,3.1914,0.394
2024-10-04 12:00:00,2661.39,2661.55,2632.187,2638.95,13.6592,0.465
2024-10-04 13:00:00,2638.968,2655.208,2637.58,2651.96,10.0766,0.416
2024-10-04 14:00:00,2651.995,2661.22,2646.567,2658.45,10.7304,0.423
2024-10-04 15:00:00,2658.465,2670.204,2647.865,2653.244,12.0673,0.423
2024-10-04 16:00:00,2653.255,2653.9,2641.935,2645.372,6.4261,0.411
2024-10-04 17:00:00,2645.41,2650.515,2643.996,2650.118,5.1656,0.413
2024-10-04 18:00:00,2650.134,2650.81,2644.438,2645.692,4.7267,0.398
2024-10-04 19:00:00,2645.681,2652.184,2642.815,2651.655,5.0275,0.39
2024-10-04 20:00:00,2651.674,2654.06,2649.92,2653.78,2.4449,0.372
2024-10-06 22:00:00,2651.338,2652.846,2649.375,2650.83,2.5073,0.445
2024-10-06 23:00:00,2650.819,2652.472,2649.742,2650.26,1.8365,0.434
2024-10-07 00:00:00,2650.295,2651.155,2647.874,2649.39,1.9836,0.419
2024-10-07 01:00:00,2649.46,2651.982,2643.932,2646.275,5.1605,0.41
2024-10-07 02:00:00,2646.26,2648.735,2645.332,2645.342,3.6174,0.421
2024-10-07 03:00:00,2645.32,2647.51,2643.965,2647.478,2.7497,0.424
2024-10-07 04:00:00,2647.48,2648.705,2646.436,2646.825,1.4807,0.423
2024-10-07 05:00:00,2646.772,2646.8,2640.054,2640.734,2.8459,0.422
2024-10-07 06:00:00,2640.838,2643.955,2639.814,2643.28,4.1775,0.377
2024-10-07 07:00:00,2643.25,2652.868,2642.12,2652.105,8.2712,0.342
2024-10-07 08:00:00,2652.145,2656.406,2651.706,2652.298,6.1085,0.381
2024-10-07 09:00:00,2652.39,2657.325,2650.768,2656.658,4.6367,0.371
2024-10-07 10:00:00,2656.634,2658.575,2655.28,2655.455,3.5975,0.373
2024-10-07 11:00:00,2655.445,2659.675,2655.17,2657.03,5.9832,0.399
2024-10-07 12:00:00,2657.052,2659.345,2637.826,2640.078,9.2185,0.378
2024-10-07 13:00:00,2640.12,2653.875,2639.79,2642.79,9.8935,0.386
2024-10-07 14:00:00,2642.815,2647.855,2640.455,2640.936,6.2272,0.393
2024-10-07 15:00:00,2640.925,2650.21,2639.198,2645.742,4.4425,0.387
2024-10-07 16:00:00,2645.752,2646.974,2642.7,2646.914,2.5449,0.395
2024-10-07 17:00:00,2646.728,2648.835,2644.208,2648.008,3.2405,0.398
2024-10-07 18:00:00,2648.014,2648.168,2639.715,2640.936,4.435,0.379
2024-10-07 19:00:00,2640.92,2644.772,2640.465,2643.312,4.0922,0.354
2024-10-07 20:00:00,2643.255,2643.75,2641.837,2642.87,1.8103,0.351
2024-10-07 22:00:00,2642.615,2649.24,2641.886,2644.286,1.7071,0.497
2024-10-07 23:00:00,2644.33,2644.952,2642.505,2643.08,2.1731,0.436
2024-10-08 00:00:00,2643.1,2645.19,2642.38,2643.69,3.0264,0.43
2024-10-08 01:00:00,2643.61,2648.0,2637.962,2647.325,8.043,0.415
2024-10-08 02:00:00,2647.318,2648.315,2633.82,2635.78,9.1662,0.401
2024-10-08 03:00:00,2635.65,2645.826,2635.305,2643.015,5.7809,0.41
2024-10-08 04:00:00,2642.99,2643.815,2641.4,2643.14,2.5881,0.399
2024-10-08 05:00:00,2643.12,2646.405,2641.63,2645.078,3.8535,0.407
2024-10-08 06:00:00,2645.07,2646.505,2635.748,2636.435,6.395,0.374
2024-10-08 07:00:00,2636.415,2638.534,2631.24,2634.03,5.6934,0.412
2024-10-08 08:00:00,2634.05,2640.395,2628.595,2637.99,7.0268,0.428
2024-10-08 09:00:00,2638.015,2642.04,2635.816,2641.544,5.5495,0.423
2024-10-08 10:00:00,2641.538,2647.514,2639.804,2646.344,5.5308,0.4
2024-10-08 11:00:00,2646.386,2652.02,2646.319,2650.81,5.0307,0.393
2024-10-08 12:00:00,2650.905,2652.994,2639.735,2645.955,9.8382,0.396
2024-10-08 13:00:00,2645.945,2647.684,2636.694,2639.708,14.7047,0.405
2024-10-08 14:00:00,2639.714,2640.48,2619.851,2621.002,18.691,0.375
2024-10-08 15:00:00,2621.125,2621.135,2604.78,2613.05,13.7395,0.398
2024-10-08 16:00:00,2613.03,2616.275,2606.77,2609.08,8.1997,0.398
2024-10-08 17:00:00,2609.1,2618.188,2605.51,2614.612,7.1683,0.399
2024-10-08 18:00:00,2614.606,2617.075,2613.908,2615.802,4.9335,0.395
2024-10-08 19:00:00,2615.775,2623.66,2614.996,2622.98,5.5076,0.359
2024-10-08 20:00:00,2623.025,2623.21,2619.005,2621.78,2.9302,0.392
2024-10-08 22:00:00,2621.446,2622.485,2620.644,2622.08,0.7426,0.46
2024-10-08 23:00:00,2622.098,2623.865,2621.255,2622.055,1.7528,0.415
2024-10-09 00:00:00,2622.04,2623.305,2621.052,2621.276,2.754,0.424
2024-10-09 01:00:00,2621.255,2624.295,2618.425,2620.052,7.9412,0.407
2024-10-09 02:00:00,2620.025,2620.425,2616.873,2618.502,5.3119,0.42
2024-10-09 03:00:00,2618.496,2618.998,2614.965,2617.255,4.6885,0.408
2024-10-09 04:00:00,2617.215,2618.703,2615.546,2616.074,2.6805,0.406
2024-10-09 05:00:00,2616.085,2624.385,2615.788,2619.79,6.2469,0.416
2024-10-09 06:00:00,2619.78,2619.78,2610.67,2612.76,8.1213,0.378
2024-10-09 07:00:00,2612.78,2615.665,2609.185,2611.695,7.7335,0.331
2024-10-09 08:00:00,2611.726,2617.425,2610.52,2616.365,5.7534,0.372
2024-10-09 09:00:00,2616.36,2618.688,2614.735,2618.084,4.4774,0.395
2024-10-09 10:00:00,2618.09,2621.545,2616.07,2621.18,4.4304,0.364
2024-10-09 11:00:00,2621.145,2622.476,2617.045,2619.084,4.4934,0.385
2024-10-09 12:00:00,2619.1,2622.42,2615.466,2618.938,6.9273,0.372
2024-10-09 13:00:00,2618.95,2620.776,2607.005,2609.72,10.6716,0.384
2024-10-09 14:00:00,2609.67,2611.976,2605.37,2609.905,8.2306,0.403
2024-10-09 15:00:00,2609.86,2617.96,2609.554,2614.864,4.7137,0.392
2024-10-09 16:00:00,2614.908,2615.855,2607.87,2608.785,4.7779,0.391
2024-10-09 17:00:00,2608.779,2610.0,2606.54,2609.882,3.0023,0.391
2024-10-09 18:00:00,2609.9,2611.112,2605.205,2606.445,3.9677,0.399
2024-10-09 19:00:00,2606.493,2610.27,2606.364,2609.2,2.961,0.36
2024-10-09 20:00:00,2609.214,2609.496,2606.986,2607.8,1.5202,0.354
2024-10-09 22:00:00,2607.625,2609.038,2607.49,2608.948,0.9316,0.476
2024-10-09 23:00:00,2608.986,2608.986,2608.354,2608.848,0.0764,0.4
2024-10-10 00:00:00,2607.135,2610.24,2605.99,2609.386,2.7681,0.382
2024-10-10 01:00:00,2609.372,2612.56,2606.86,2609.14,5.5812,0.408
2024-10-10 02:00:00,2609.105,2615.668,2608.06,2615.314,5.43,0.414
2024-10-10 03:00:00,2615.315,2616.98,2611.505,2611.82,5.176,0.406
2024-10-10 04:00:00,2611.75,2614.784,2611.592,2613.956,2.1052,0.414
2024-10-10 05:00:00,2613.986,2615.596,2612.545,2613.362,4.2744,0.415
2024-10-10 06:00:00,2613.304,2616.46,2610.634,2612.525,4.9286,0.391
2024-10-10 07:00:00,2612.535,2617.085,2610.32,2616.788,5.7202,0.389
2024-10-10 08:00:00,2616.804,2617.39,2613.61,2615.512,2.7393,0.382
2024-10-10 09:00:00,2615.564,2618.58,2614.36,2617.248,3.5982,0.391
2024-10-10 10:00:00,2617.284,2618.538,2615.766,2618.04,3.2817,0.389
2024-10-10 11:00:00,2618.066,2618.962,2611.35,2613.1,5.202,0.372
2024-10-10 12:00:00,2613.098,2627.405,2602.478,2625.095,16.6878,0.51
2024-10-10 13:00:00,2625.108,2627.986,2615.815,2626.752,24.1254,0.448
2024-10-10 14:00:00,2626.795,2629.783,2622.884,2625.528,17.8658,0.42
2024-10-10 15:00:00,2625.55,2626.256,2618.885,2623.663,11.0487,0.418
2024-10-10 16:00:00,2623.678,2629.214,2618.802,2619.316,10.365,0.371
2024-10-10 17:00:00,2619.29,2626.36,2616.575,2623.905,8.227,0.417
2024-10-10 18:00:00,2623.9,2629.162,2623.385,2626.512,6.4457,0.367
2024-10-10 19:00:00,2626.486,2631.446,2626.002,2629.232,6.0784,0.33
2024-10-10 20:00:00,2629.24,2631.61,2628.884,2629.975,2.0599,0.365
2024-10-10 22:00:00,2629.7,2630.058,2628.24,2628.31,0.9208,0.464
2024-10-10 23:00:00,2628.35,2636.074,2628.335,2633.215,2.6401,0.441
2024-10-11 00:00:00,2633.26,2634.458,2632.134,2633.916,4.7485,0.397
2024-10-11 01:00:00,2633.926,2638.04,2632.975,2637.873,5.9844,0.421
2024-10-11 02:00:00,2637.86,2644.185,2635.31,2642.47,4.6148,0.423
2024-10-11 03:00:00,2642.41,2646.147,2640.712,2645.59,3.088,0.411
2024-10-11 04:00:00,2645.574,2646.125,2644.011,2645.705,1.5327,0.411
2024-10-11 05:00:00,2645.595,2646.03,2643.26,2644.835,2.2771,0.423
2024-10-11 06:00:00,2644.83,2647.275,2638.07,2639.56,6.5382,0.395
2024-10-11 07:00:00,2639.51,2645.626,2638.385,2645.45,4.6451,0.384
2024-10-11 08:00:00,2645.46,2646.266,2639.16,2639.297,3.3156,0.391
2024-10-11 09:00:00,2639.286,2641.712,2636.248,2637.97,3.5148,0.394
2024-10-11 10:00:00,2637.93,2642.328,2637.13,2641.665,2.155,0.387
2024-10-11 11:00:00,2641.675,2644.874,2638.764,2644.738,3.0537,0.407
2024-10-11 12:00:00,2644.73,2650.199,2640.685,2643.118,8.4135,0.412
2024-10-11 13:00:00,2643.128,2653.425,2642.715,2649.825,12.6689,0.425
2024-10-11 14:00:00,2649.848,2655.375,2646.488,2653.138,8.6938,0.387
2024-10-11 15:00:00,2653.14,2659.295,2653.134,2658.838,4.7645,0.381
2024-10-11 16:00:00,2658.828,2661.456,2657.95,2660.502,3.8595,0.399
2024-10-11 17:00:00,2660.506,2661.286,2656.35,2659.564,2.9334,0.391
2024-10-11 18:00:00,2659.6,2659.601,2656.17,2658.71,2.4504,0.383
2024-10-11 19:00:00,2658.666,2658.904,2655.292,2656.185,3.0979,0.36
2024-10-11 20:00:00,2656.208,2657.525,2654.775,2657.365,1.2454,0.354
2024-10-13 22:00:00,2657.1,2657.338,2645.31,2650.335,3.4379,0.546
2024-10-13 23:00:00,2650.39,2650.735,2647.64,2648.085,2.7775,0.476
2024-10-14 00:00:00,2648.155,2648.426,2645.18,2646.78,2.4626,0.412
2024-10-14 01:00:00,2646.77,2648.56,2643.585,2646.22,5.8704,0.408
2024-10-14 02:00:00,2646.16,2655.55,2643.255,2655.24,4.3191,0.4
2024-10-14 03:00:00,2655.22,2657.5,2653.764,2655.66,2.6829,0.417
2024-10-14 04:00:00,2655.655,2660.47,2655.36,2659.294,1.4172,0.411
2024-10-14 05:00:00,2659.265,2660.78,2657.165,2659.09,2.3866,0.411
2024-10-14 06:00:00,2659.09,2666.91,2657.495,2664.1,4.9721,0.394
2024-10-14 07:00:00,2664.195,2665.265,2659.196,2660.496,3.4597,0.401
2024-10-14 08:00:00,2660.495,2661.97,2658.414,2659.5,2.5928,0.397
2024-10-14 09:00:00,2659.505,2663.09,2656.85,2658.585,2.1917,0.397
2024-10-14 10:00:00,2658.57,2660.967,2655.905,2655.905,2.5099,0.39
2024-10-14 11:00:00,2655.92,2656.924,2651.12,2652.224,2.4997,0.408
2024-10-14 12:00:00,2652.226,2654.628,2649.295,2651.414,7.353,0.395
2024-10-14 13:00:00,2651.43,2661.265,2647.774,2655.551,7.5917,0.391
2024-10-14 14:00:00,2655.556,2657.12,2644.8,2645.72,8.6559,0.39
2024-10-14 15:00:00,2645.786,2649.17,2644.02,2646.77,4.5737,0.383
2024-10-14 16:00:00,2646.78,2649.78,2645.895,2648.615,3.3887,0.329
2024-10-14 17:00:00,2648.61,2649.94,2647.31,2648.688,2.544,0.353
2024-10-14 18:00:00,2648.67,2650.99,2648.525,2649.348,1.3913,0.379
2024-10-14 19:00:00,2649.341,2652.686,2647.075,2652.546,3.7484,0.396
2024-10-14 20:00:00,2652.585,2653.41,2646.236,2648.99,1.1003,0.451
2024-10-14 22:00:00,2647.804,2650.354,2647.26,2650.095,0.9915,0.478
2024-10-14 23:00:00,2650.135,2651.03,2649.025,2649.485,1.2036,0.432
2024-10-15 00:00:00,2649.47,2650.285,2647.89,2648.28,2.628,0.422
2024-10-15 01:00:00,2648.285,2651.275,2647.35,2648.474,5.3094,0.42
2024-10-15 02:00:00,2648.45,2652.822,2648.145,2651.7,4.2469,0.412
2024-10-15 03:00:00,2651.714,2651.74,2644.475,2645.754,4.2668,0.391
2024-10-15 04:00:00,2645.765,2645.765,2643.02,2644.436,2.5269,0.408
2024-10-15 05:00:00,2644.447,2644.452,2638.145,2641.918,5.6098,0.406
2024-10-15 06:00:00,2641.924,2649.221,2641.425,2648.715,6.4108,0.379
2024-10-15 07:00:00,2648.695,2653.935,2647.975,2650.805,6.0985,0.366
2024-10-15 08:00:00,2650.76,2655.736,2649.825,2654.02,6.0441,0.382
2024-10-15 09:00:00,2654.015,2655.61,2651.18,2653.57,5.8213,0.402
2024-10-15 10:00:00,2653.585,2656.835,2652.73,2653.06,3.9838,0.376
2024-10-15 11:00:00,2653.09,2654.625,2645.67,2647.79,5.4371,0.384
2024-10-15 12:00:00,2647.775,2657.5,2647.21,2648.32,8.5295,0.393
2024-10-15 13:00:00,2648.315,2653.39,2646.09,2648.623,13.3352,0.377
2024-10-15 14:00:00,2648.623,2664.236,2647.855,2659.882,10.8297,0.388
2024-10-15 15:00:00,2659.86,2665.2,2657.3,2664.69,7.2178,0.385
2024-10-15 16:00:00,2664.69,2668.975,2661.195,2661.946,6.1029,0.382
2024-10-15 17:00:00,2661.925,2664.274,2659.054,2663.7,4.7347,0.388
2024-10-15 18:00:00,2663.668,2665.915,2663.44,2665.156,3.3411,0.374
2024-10-15 19:00:00,2665.145,2666.532,2659.525,2661.756,4.3359,0.351
2024-10-15 20:00:00,2661.725,2663.195,2660.325,2662.625,1.5945,0.331
2024-10-15 22:00:00,2662.655,2662.954,2661.594,2662.218,0.494,0.461
2024-10-15 23:00:00,2662.22,2662.62,2660.502,2660.545,0.908,0.431
2024-10-16 00:00:00,2660.47,2660.604,2658.762,2660.3,2.2878,0.403
2024-10-16 01:00:00,2660.295,2668.06,2660.28,2668.036,6.3329,0.413
2024-10-16 02:00:00,2668.005,2670.145,2665.585,2668.13,4.5344,0.386
2024-10-16 03:00:00,2668.11,2669.21,2665.365,2667.23,3.5214,0.401
2024-10-16 04:00:00,2667.335,2668.3,2665.68,2666.79,1.8603,0.416
2024-10-16 05:00:00,2666.74,2670.641,2666.21,2669.52,4.3275,0.424
2024-10-16 06:00:00,2669.53,2677.775,2667.112,2677.315,10.7217,0.397
2024-10-16 07:00:00,2677.345,2677.61,2673.395,2676.188,5.3291,0.382
2024-10-16 08:00:00,2676.04,2680.18,2674.63,2679.57,4.7804,0.373
2024-10-16 09:00:00,2679.59,2682.832,2678.214,2680.27,5.229,0.37
2024-10-16 10:00:00,2680.285,2681.025,2673.25,2674.354,5.2205,0.408
2024-10-16 11:00:00,2674.4,2680.686,2673.118,2678.43,4.0788,0.397
2024-10-16 12:00:00,2678.48,2682.005,2676.536,2681.819,7.6538,0.388
2024-10-16 13:00:00,2681.765,2685.426,2672.48,2675.13,12.127,0.386
2024-10-16 14:00:00,2675.19,2681.508,2670.098,2672.243,10.3795,0.391
2024-10-16 15:00:00,2672.264,2675.785,2667.655,2670.076,7.134,0.39
2024-10-16 16:00:00,2670.072,2674.294,2666.84,2674.15,3.5611,0.402
2024-10-16 17:00:00,2674.234,2676.366,2673.172,2675.366,2.8734,0.389
2024-10-16 18:00:00,2675.342,2676.72,2674.64,2675.032,2.2272,0.338
2024-10-16 19:00:00,2675.016,2675.106,2672.802,2674.846,3.7478,0.33
2024-10-16 20:00:00,2674.825,2675.036,2673.22,2673.895,0.8407,0.319
2024-10-16 22:00:00,2673.99,2675.06,2673.342,2673.88,0.852,0.477
2024-10-16 23:00:00,2673.84,2674.77,2673.56,2674.156,0.6688,0.422
2024-10-17 00:00:00,2674.225,2678.083,2674.14,2677.998,3.5911,0.409
2024-10-17 01:00:00,2678.0,2683.115,2676.57,2683.098,5.0623,0.413
2024-10-17 02:00:00,2683.104,2684.97,2678.917,2682.05,7.0724,0.425
2024-10-17 03:00:00,2681.955,2682.29,2674.618,2676.818,5.5328,0.406
2024-10-17 04:00:00,2676.825,2679.795,2676.59,2679.17,2.7392,0.405
2024-10-17 05:00:00,2679.19,2684.39,2678.185,2683.59,5.3271,0.408
2024-10-17 06:00:00,2683.605,2685.81,2680.1,2681.21,7.5519,0.392
2024-10-17 07:00:00,2681.24,2683.737,2679.01,2682.094,4.937,0.41
2024-10-17 08:00:00,2682.1,2683.93,2680.042,2681.909,3.2047,0.386
2024-10-17 09:00:00,2681.912,2682.135,2677.003,2679.558,3.7564,0.399
2024-10-17 10:00:00,2679.54,2688.822,2679.214,2687.445,4.9598,0.367
2024-10-17 11:00:00,2687.455,2688.495,2680.853,2681.382,5.7502,0.362
2024-10-17 12:00:00,2681.365,2682.315,2673.183,2680.73,11.7354,0.39
2024-10-17 13:00:00,2680.744,2690.09,2677.9,2688.78,13.6403,0.36
2024-10-17 14:00:00,2688.85,2696.532,2684.838,2695.714,13.6515,0.379
2024-10-17 15:00:00,2695.736,2696.79,2687.645,2693.366,7.6202,0.401
2024-10-17 16:00:00,2693.37,2693.452,2684.025,2692.279,5.9987,0.389
2024-10-17 17:00:00,2692.31,2694.26,2690.558,2692.052,3.28,0.398
2024-10-17 18:00:00,2692.005,2692.31,2689.27,2689.6,2.4763,0.389
2024-10-17 19:00:00,2689.595,2692.73,2688.985,2692.085,3.5237,0.322
2024-10-17 20:00:00,2692.08,2693.096,2691.01,2692.96,1.6344,0.311
2024-10-17 22:00:00,2692.775,2693.452,2692.28,2692.72,0.7682,0.497
2024-10-17 23:00:00,2692.744,2694.48,2692.395,2693.855,0.8856,0.428
2024-10-18 00:00:00,2693.87,2695.84,2692.915,2693.125,3.833,0.384
2024-10-18 01:00:00,2693.14,2706.9,2692.92,2704.668,6.8853,0.399
2024-10-18 02:00:00,2704.72,2712.029,2704.14,2708.154,7.8561,0.411
2024-10-18 03:00:00,2708.159,2710.9,2707.115,2710.096,5.2851,0.392
2024-10-18 04:00:00,2710.1,2711.417,2708.86,2710.28,1.8827,0.416
2024-10-18 05:00:00,2710.38,2714.101,2710.135,2711.492,4.7401,0.421
2024-10-18 06:00:00,2711.486,2711.715,2702.77,2707.484,11.0877,0.371
2024-10-18 07:00:00,2707.56,2709.224,2702.356,2702.372,6.1406,0.383
2024-10-18 08:00:00,2702.386,2706.38,2701.775,2706.354,4.0062,0.373
2024-10-18 09:00:00,2706.344,2713.206,2706.298,2711.42,5.954,0.381
2024-10-18 10:00:00,2711.436,2713.27,2708.032,2712.61,4.6951,0.379
2024-10-18 11:00:00,2712.624,2713.195,2708.088,2709.852,6.3254,0.382
2024-10-18 12:00:00,2709.852,2717.14,2709.31,2709.636,10.2165,0.399
2024-10-18 13:00:00,2709.605,2715.766,2704.988,2713.752,17.0097,0.382
2024-10-18 14:00:00,2713.735,2720.178,2712.233,2717.475,13.1628,0.389
2024-10-18 15:00:00,2717.424,2719.268,2713.72,2714.906,5.9184,0.392
2024-10-18 16:00:00,2714.905,2719.115,2714.788,2717.685,3.5944,0.4
2024-10-18 17:00:00,2717.692,2720.04,2713.627,2715.917,5.213,0.376
2024-10-18 18:00:00,2716.002,2721.342,2715.595,2720.29,3.8161,0.404
2024-10-18 19:00:00,2720.36,2720.59,2718.13,2719.75,2.6926,0.359
2024-10-18 20:00:00,2719.758,2722.61,2719.254,2721.6,1.9674,0.37
2024-10-20 22:00:00,2720.9,2723.9,2719.746,2723.67,1.6442,0.477
2024-10-20 23:00:00,2723.681,2725.155,2722.442,2723.535,2.1036,0.426
2024-10-21 00:00:00,2723.615,2725.935,2721.52,2721.706,3.6826,0.417
2024-10-21 01:00:00,2721.74,2729.295,2721.106,2726.412,7.9369,0.422
2024-10-21 02:00:00,2726.406,2731.466,2724.838,2730.794,7.0755,0.364
2024-10-21 03:00:00,2730.745,2732.86,2729.366,2731.63,4.0316,0.408
2024-10-21 04:00:00,2731.59,2732.02,2729.615,2730.443,1.8371,0.413
2024-10-21 05:00:00,2730.471,2730.5,2724.535,2724.936,5.2737,0.403
2024-10-21 06:00:00,2724.916,2730.681,2723.645,2730.373,7.4021,0.385
2024-10-21 07:00:00,2730.378,2732.546,2725.38,2730.46,7.5585,0.384
2024-10-21 08:00:00,2730.495,2733.145,2729.505,2731.468,5.2988,0.378
2024-10-21 09:00:00,2731.485,2736.945,2730.83,2734.595,6.6386,0.38
2024-10-21 10:00:00,2734.625,2734.995,2727.816,2733.394,7.5143,0.383
2024-10-21 11:00:00,2733.41,2738.127,2733.165,2734.542,7.4718,0.394
2024-10-21 12:00:00,2734.525,2739.85,2732.805,2738.67,8.4169,0.398
2024-10-21 13:00:00,2738.68,2740.627,2733.79,2739.09,10.3204,0.392
2024-10-21 14:00:00,2739.096,2739.505,2722.365,2725.306,10.2446,0.397
2024-10-21 15:00:00,2725.3,2727.225,2716.98,2720.167,7.5246,0.387
2024-10-21 16:00:00,2720.162,2724.098,2718.164,2723.564,4.4247,0.39
2024-10-21 17:00:00,2723.614,2725.67,2721.658,2722.899,5.4307,0.393
2024-10-21 18:00:00,2722.894,2723.208,2715.394,2716.474,5.2172,0.408
2024-10-21 19:00:00,2716.374,2721.085,2714.328,2719.948,6.1305,0.369
2024-10-21 20:00:00,2719.954,2721.055,2718.856,2719.6,1.5636,0.364
2024-10-21 22:00:00,2720.298,2721.825,2719.085,2720.766,0.9865,0.533
2024-10-21 23:00:00,2720.7,2722.705,2720.48,2721.524,0.943,0.436
2024-10-22 00:00:00,2721.534,2725.205,2720.725,2724.82,3.4348,0.407
2024-10-22 01:00:00,2724.864,2730.375,2724.092,2728.22,6.1037,0.411
2024-10-22 02:00:00,2728.135,2730.74,2727.79,2728.9,3.6549,0.417
2024-10-22 03:00:00,2728.88,2733.196,2728.754,2731.046,3.4883,0.418
2024-10-22 04:00:00,2731.01,2736.032,2730.98,2734.83,3.7985,0.42
2024-10-22 05:00:00,2734.798,2735.22,2729.085,2730.5,3.2345,0.412
2024-10-22 06:00:00,2730.46,2737.2,2729.65,2735.11,6.1537,0.387
2024-10-22 07:00:00,2735.145,2736.35,2732.578,2733.748,4.2129,0.383
2024-10-22 08:00:00,2733.68,2738.428,2731.595,2734.952,6.2918,0.376
2024-10-22 09:00:00,2734.946,2736.175,2729.88,2731.555,4.55,0.371
2024-10-22 10:00:00,2731.54,2739.412,2730.615,2739.0,6.3483,0.376
2024-10-22 11:00:00,2739.03,2739.33,2729.616,2732.085,5.7283,0.372
2024-10-22 12:00:00,2732.095,2738.105,2731.665,2736.255,7.7884,0.385
2024-10-22 13:00:00,2736.285,2742.105,2735.47,2735.958,11.5124,0.378
2024-10-22 14:00:00,2735.859,2743.243,2733.785,2741.918,8.6229,0.389
2024-10-22 15:00:00,2741.934,2744.265,2736.915,2737.655,7.8084,0.377
2024-10-22 16:00:00,2737.645,2745.623,2737.256,2745.384,6.6702,0.391
2024-10-22 17:00:00,2745.43,2748.436,2743.62,2746.786,6.0354,0.396
2024-10-22 18:00:00,2746.808,2747.382,2744.12,2744.716,3.5326,0.395
2024-10-22 19:00:00,2744.676,2748.931,2743.878,2748.434,5.9582,0.392
2024-10-22 20:00:00,2748.465,2749.045,2746.842,2748.905,2.8224,0.348
2024-10-22 22:00:00,2748.455,2748.945,2746.912,2747.46,0.9522,0.472
2024-10-22 23:00:00,2747.51,2748.118,2745.945,2746.586,0.711,0.377
2024-10-23 00:00:00,2746.575,2747.096,2744.86,2745.35,1.9629,0.352
2024-10-23 01:00:00,2745.355,2747.28,2738.045,2738.595,6.0627,0.404
2024-10-23 02:00:00,2738.575,2741.206,2737.975,2739.005,4.5458,0.411
2024-10-23 03:00:00,2738.955,2747.06,2738.375,2746.145,4.7658,0.413
2024-10-23 04:00:00,2746.15,2750.715,2745.375,2750.05,4.2615,0.422
2024-10-23 05:00:00,2750.0,2753.255,2748.885,2751.588,4.7294,0.421
2024-10-23 06:00:00,2751.594,2753.27,2748.15,2750.6,6.6233,0.388
2024-10-23 07:00:00,2750.59,2755.67,2749.36,2755.05,4.471,0.385
2024-10-23 08:00:00,2755.015,2758.527,2754.735,2757.034,4.7141,0.375
2024-10-23 09:00:00,2757.096,2757.685,2749.91,2750.74,6.2245,0.369
2024-10-23 10:00:00,2750.745,2752.624,2749.83,2750.815,4.6266,0.386
2024-10-23 11:00:00,2750.79,2752.996,2749.21,2749.995,3.5535,0.385
2024-10-23 12:00:00,2749.98,2750.548,2740.86,2743.425,9.5862,0.386
2024-10-23 13:00:00,2743.43,2744.21,2731.662,2737.52,15.8754,0.378
2024-10-23 14:00:00,2737.475,2738.735,2716.54,2717.812,19.213,0.369
2024-10-23 15:00:00,2717.8,2722.63,2708.82,2721.855,13.934,0.391
2024-10-23 16:00:00,2721.855,2723.34,2718.525,2719.476,7.4766,0.407
2024-10-23 17:00:00,2719.445,2720.686,2713.77,2716.736,5.7625,0.392
2024-10-23 18:00:00,2716.681,2716.696,2712.128,2714.162,6.2957,0.389
2024-10-23 19:00:00,2714.14,2718.319,2713.274,2716.25,6.0895,0.385
2024-10-23 20:00:00,2716.225,2716.685,2714.294,2715.34,2.4264,0.355
2024-10-23 22:00:00,2715.73,2718.336,2715.204,2718.054,1.3161,0.401
2024-10-23 23:00:00,2718.066,2721.97,2718.066,2721.391,1.8483,0.424
2024-10-24 00:00:00,2721.385,2721.494,2717.914,2721.33,4.1031,0.375
2024-10-24 01:00:00,2721.34,2726.86,2720.38,2723.79,7.6447,0.39
2024-10-24 02:00:00,2723.795,2724.57,2720.324,2723.41,4.3361,0.414
2024-10-24 03:00:00,2723.405,2724.158,2721.49,2723.014,2.194,0.417
2024-10-24 04:00:00,2723.018,2727.086,2722.9,2726.624,2.6495,0.423
2024-10-24 05:00:00,2726.594,2729.775,2725.945,2728.985,4.7715,0.41
2024-10-24 06:00:00,2728.96,2736.48,2728.375,2735.235,7.8012,0.357
2024-10-24 07:00:00,2735.215,2737.141,2732.264,2733.649,6.4242,0.372
2024-10-24 08:00:00,2733.654,2737.895,2732.54,2736.865,6.1058,0.377
2024-10-24 09:00:00,2736.85,2739.146,2735.885,2736.588,4.6191,0.374
2024-10-24 10:00:00,2736.595,2739.205,2736.354,2736.865,3.7177,0.391
2024-10-24 11:00:00,2736.851,2739.668,2735.22,2738.638,4.6881,0.38
2024-10-24 12:00:00,2738.628,2741.655,2734.715,2739.09,8.2953,0.39
2024-10-24 13:00:00,2739.122,2743.364,2729.635,2733.808,12.7398,0.374
2024-10-24 14:00:00,2733.75,2736.268,2722.564,2732.428,15.2658,0.386
2024-10-24 15:00:00,2732.463,2734.455,2726.91,2731.165,9.3201,0.376
2024-10-24 16:00:00,2731.18,2735.585,2725.832,2733.705,8.4847,0.388
2024-10-24 17:00:00,2733.696,2737.085,2733.014,2735.464,6.2315,0.389
2024-10-24 18:00:00,2735.495,2737.826,2734.556,2735.636,5.6654,0.388
2024-10-24 19:00:00,2735.645,2737.07,2733.52,2737.07,3.9366,0.354
2024-10-24 20:00:00,2737.162,2737.162,2735.092,2736.25,1.4752,0.341
2024-10-24 22:00:00,2736.065,2736.368,2734.622,2734.7,0.6932,0.436
2024-10-24 23:00:00,2734.71,2735.562,2733.708,2733.866,1.6915,0.458
2024-10-25 00:00:00,2733.851,2735.004,2731.335,2732.555,2.5451,0.388
2024-10-25 01:00:00,2732.525,2735.206,2729.878,2730.1,6.5199,0.412
2024-10-25 02:00:00,2730.095,2730.265,2726.225,2728.465,3.861,0.406
2024-10-25 03:00:00,2728.45,2728.48,2724.5,2726.084,2.5955,0.4
2024-10-25 04:00:00,2726.085,2727.865,2724.02,2726.0,1.7115,0.406
2024-10-25 05:00:00,2726.01,2729.84,2726.01,2728.634,3.8415,0.404
2024-10-25 06:00:00,2728.638,2732.64,2725.03,2732.285,6.3307,0.388
2024-10-25 07:00:00,2732.29,2732.29,2725.956,2726.52,4.6087,0.383
2024-10-25 08:00:00,2726.565,2727.085,2718.92,2719.44,5.856,0.378
2024-10-25 09:00:00,2719.45,2721.425,2717.085,2721.276,5.7826,0.382
2024-10-25 10:00:00,2721.255,2722.762,2717.265,2722.344,4.4543,0.384
2024-10-25 11:00:00,2722.345,2729.435,2721.28,2724.27,5.2847,0.386
2024-10-25 12:00:00,2724.268,2732.547,2723.338,2731.57,6.8951,0.402
2024-10-25 13:00:00,2731.595,2732.205,2725.3,2727.894,11.1466,0.385
2024-10-25 14:00:00,2727.868,2740.645,2727.838,2738.548,11.975,0.383
2024-10-25 15:00:00,2738.554,2742.126,2736.585,2737.202,8.2971,0.382
2024-10-25 16:00:00,2737.165,2739.415,2734.04,2739.258,7.0507,0.392
2024-10-25 17:00:00,2739.295,2745.1,2738.868,2744.365,6.1362,0.374
2024-10-25 18:00:00,2744.368,2744.756,2741.302,2742.196,5.7451,0.355
2024-10-25 19:00:00,2742.176,2744.5,2740.415,2742.59,3.8909,0.373
2024-10-25 20:00:00,2742.565,2747.95,2742.525,2747.42,2.1125,0.386
2024-10-27 22:00:00,2736.5,2737.115,2730.36,2734.65,2.9823,0.429
2024-10-27 23:00:00,2734.67,2740.315,2734.67,2735.885,3.5345,0.427
2024-10-28 00:00:00,2735.905,2736.385,2732.225,2732.515,3.3684,0.42
2024-10-28 01:00:00,2732.495,2733.085,2724.77,2732.39,6.9184,0.42
2024-10-28 02:00:00,2732.37,2735.655,2730.77,2734.295,4.2254,0.417
2024-10-28 03:00:00,2734.275,2734.745,2729.72,2729.75,4.4289,0.364
2024-10-28 04:00:00,2729.735,2733.43,2729.235,2733.025,2.9114,0.438
2024-10-28 05:00:00,2733.09,2738.86,2731.27,2738.505,4.2139,0.428
2024-10-28 06:00:00,2738.49,2744.64,2737.605,2740.64,7.1552,0.408
2024-10-28 07:00:00,2740.64,2743.64,2735.94,2738.945,6.572,0.384
2024-10-28 08:00:00,2738.95,2740.905,2731.47,2732.04,6.5218,0.375
2024-10-28 09:00:00,2732.1,2734.054,2728.47,2729.375,5.8358,0.377
2024-10-28 10:00:00,2729.36,2733.395,2727.91,2732.225,5.0885,0.373
2024-10-28 11:00:00,2732.265,2732.965,2729.775,2732.36,5.1301,0.392
2024-10-28 12:00:00,2732.33,2734.925,2731.366,2734.37,8.4812,0.408
2024-10-28 13:00:00,2734.36,2743.5,2732.884,2741.008,11.4531,0.38
2024-10-28 14:00:00,2740.986,2745.966,2738.95,2744.266,12.4182,0.381
2024-10-28 15:00:00,2744.275,2744.67,2739.734,2740.851,8.9864,0.371
2024-10-28 16:00:00,2740.816,2745.004,2740.104,2742.75,5.9899,0.369
2024-10-28 17:00:00,2742.74,2745.025,2740.335,2743.45,5.5694,0.374
2024-10-28 18:00:00,2743.445,2743.468,2740.21,2741.995,4.046,0.376
2024-10-28 19:00:00,2742.016,2743.58,2740.378,2742.555,3.5595,0.36
2024-10-28 20:00:00,2742.562,2743.141,2741.44,2742.435,1.4055,0.346
2024-10-28 22:00:00,2742.45,2742.704,2739.9,2742.13,0.6814,0.509
2024-10-28 23:00:00,2742.15,2744.54,2741.27,2744.49,1.4655,0.433
2024-10-29 00:00:00,2744.52,2746.934,2743.345,2745.846,2.4933,0.434
2024-10-29 01:00:00,2745.822,2752.435,2745.656,2752.14,6.1606,0.422
2024-10-29 02:00:00,2752.19,2757.76,2750.55,2753.022,6.8408,0.386
2024-10-29 03:00:00,2753.05,2753.391,2748.675,2751.83,4.9818,0.414
2024-10-29 04:00:00,2751.795,2755.31,2751.435,2754.855,1.6684,0.413
2024-10-29 05:00:00,2754.924,2756.906,2749.776,2750.002,4.4421,0.417
2024-10-29 06:00:00,2749.94,2756.64,2749.05,2755.854,5.169,0.4
2024-10-29 07:00:00,2755.833,2756.42,2752.03,2752.522,4.0624,0.377
2024-10-29 08:00:00,2752.51,2755.115,2746.425,2754.743,7.7132,0.381
2024-10-29 09:00:00,2754.745,2756.645,2750.12,2752.495,5.2832,0.388
2024-10-29 10:00:00,2752.52,2753.26,2747.465,2750.002,6.5436,0.388
2024-10-29 11:00:00,2749.98,2753.4,2746.495,2751.931,6.3011,0.376
2024-10-29 12:00:00,2751.916,2753.841,2749.022,2749.235,6.1991,0.392
2024-10-29 13:00:00,2749.13,2764.04,2748.265,2760.83,13.2505,0.37
2024-10-29 14:00:00,2760.835,2771.775,2760.835,2769.62,13.8754,0.371
2024-10-29 15:00:00,2769.615,2770.575,2760.91,2764.359,11.7152,0.366
2024-10-29 16:00:00,2764.36,2770.324,2764.279,2769.464,7.4183,0.375
2024-10-29 17:00:00,2769.475,2772.65,2766.35,2769.866,8.5044,0.369
2024-10-29 18:00:00,2769.896,2773.586,2768.288,2773.028,5.1632,0.366
2024-10-29 19:00:00,2773.034,2774.87,2771.054,2772.256,4.0962,0.364
2024-10-29 20:00:00,2772.266,2774.985,2771.924,2774.8,1.721,0.345
2024-10-29 22:00:00,2774.74,2775.515,2773.03,2774.69,1.0981,0.44
2024-10-29 23:00:00,2774.702,2775.264,2773.51,2775.104,1.542,0.431
2024-10-30 00:00:00,2775.145,2779.224,2774.928,2778.2,3.488,0.43
2024-10-30 01:00:00,2778.24,2782.21,2777.025,2781.768,6.7289,0.401
2024-10-30 02:00:00,2781.748,2781.936,2776.145,2780.565,5.893,0.419
2024-10-30 03:00:00,2780.556,2781.34,2777.29,2779.046,4.8522,0.412
2024-10-30 04:00:00,2779.05,2781.03,2777.44,2780.234,2.1959,0.418
2024-10-30 05:00:00,2780.236,2784.962,2778.138,2783.185,4.1743,0.419
2024-10-30 06:00:00,2783.21,2789.862,2781.295,2787.176,7.7697,0.395
2024-10-30 07:00:00,2787.235,2788.165,2780.565,2782.35,6.8029,0.382
2024-10-30 08:00:00,2782.325,2784.675,2779.64,2781.968,6.275,0.372
2024-10-30 09:00:00,2781.985,2784.745,2780.375,2784.644,4.21,0.381
2024-10-30 10:00:00,2784.674,2786.562,2780.22,2780.245,4.4895,0.365
2024-10-30 11:00:00,2780.26,2782.105,2778.312,2778.666,4.9941,0.381
2024-10-30 12:00:00,2778.64,2783.49,2773.694,2782.594,7.6451,0.411
2024-10-30 13:00:00,2782.6,2787.525,2770.95,2777.58,16.01,0.384
2024-10-30 14:00:00,2777.595,2781.85,2775.23,2780.418,12.1421,0.386
2024-10-30 15:00:00,2780.44,2786.015,2771.99,2784.74,10.1902,0.388
2024-10-30 16:00:00,2784.755,2787.507,2783.096,2785.496,6.9506,0.375
2024-10-30 17:00:00,2785.492,2789.685,2784.03,2788.662,5.6014,0.394
2024-10-30 18:00:00,2788.65,2790.08,2787.355,2787.816,4.9601,0.364
2024-10-30 19:00:00,2787.842,2788.196,2784.522,2787.385,6.8792,0.347
2024-10-30 20:00:00,2787.465,2788.075,2784.864,2787.555,2.8624,0.359
2024-10-30 22:00:00,2788.285,2788.285,2786.246,2787.57,0.6837,0.441
2024-10-30 23:00:00,2787.524,2788.154,2785.252,2785.41,0.9592,0.406
2024-10-31 00:00:00,2785.418,2788.264,2784.79,2787.654,2.4886,0.374
2024-10-31 01:00:00,2787.664,2790.16,2783.69,2784.8,5.0113,0.372
2024-10-31 02:00:00,2784.755,2789.05,2784.465,2787.186,4.5774,0.392
2024-10-31 03:00:00,2787.17,2788.46,2784.442,2784.616,2.6148,0.404
2024-10-31 04:00:00,2784.685,2785.51,2782.17,2784.53,2.561,0.414
2024-10-31 05:00:00,2784.515,2786.695,2782.69,2785.21,3.8274,0.42
2024-10-31 06:00:00,2785.215,2786.095,2779.815,2779.925,6.4179,0.415
2024-10-31 07:00:00,2779.905,2784.13,2778.15,2782.08,5.3136,0.38
2024-10-31 08:00:00,2782.105,2783.106,2777.045,2779.195,7.2864,0.372
2024-10-31 09:00:00,2779.175,2780.285,2777.22,2778.225,6.4352,0.402
2024-10-31 10:00:00,2778.204,2781.29,2773.376,2780.97,5.6175,0.39
2024-10-31 11:00:00,2780.975,2782.664,2776.796,2779.575,5.5195,0.395
2024-10-31 12:00:00,2779.565,2782.055,2772.105,2773.74,9.0443,0.381
2024-10-31 13:00:00,2773.735,2774.0,2754.734,2755.48,17.9124,0.303
2024-10-31 14:00:00,2755.455,2756.935,2734.73,2734.822,17.767,0.381
2024-10-31 15:00:00,2734.745,2741.045,2731.63,2740.684,12.1338,0.39
2024-10-31 16:00:00,2740.678,2743.8,2738.055,2740.784,10.2632,0.388
2024-10-31 17:00:00,2740.768,2743.942,2738.318,2739.649,6.411,0.403
2024-10-31 18:00:00,2739.64,2748.047,2739.59,2747.025,5.4407,0.405
2024-10-31 19:00:00,2746.968,2749.805,2745.815,2746.556,5.636,0.4
2024-10-31 20:00:00,2746.542,2748.274,2743.385,2744.0,3.053,0.39
2024-10-31 22:00:00,2744.24,2747.745,2743.75,2746.23,0.5434,0.456
2024-10-31 23:00:00,2746.24,2747.99,2745.564,2746.755,1.3787,0.426
2024-11-01 00:00:00,2746.765,2747.385,2744.918,2745.115,3.2335,0.453
2024-11-01 01:00:00,2745.056,2750.1,2744.926,2749.833,7.5006,0.424
2024-11-01 02:00:00,2749.825,2751.075,2745.83,2748.8,5.9517,0.395
2024-11-01 03:00:00,2748.82,2752.004,2747.45,2751.855,3.9576,0.417
2024-11-01 04:00:00,2751.826,2753.034,2750.83,2752.324,1.8227,0.419
2024-11-01 05:00:00,2752.326,2755.25,2751.695,2755.02,3.6484,0.414
2024-11-01 06:00:00,2755.05,2757.738,2751.34,2752.062,6.3041,0.406
2024-11-01 07:00:00,2752.05,2753.22,2747.234,2749.738,7.556,0.394
2024-11-01 08:00:00,2749.745,2755.146,2748.656,2753.504,6.5552,0.372
2024-11-01 09:00:00,2753.51,2755.495,2748.044,2751.428,6.7128,0.367
2024-11-01 10:00:00,2751.434,2751.935,2744.875,2749.7,5.8955,0.386
2024-11-01 11:00:00,2749.71,2754.165,2749.71,2753.005,5.601,0.382
2024-11-01 12:00:00,2753.015,2759.89,2749.069,2753.856,13.0921,0.444
2024-11-01 13:00:00,2753.83,2762.266,2752.208,2755.975,13.9397,0.38
2024-11-01 14:00:00,2756.156,2759.015,2739.725,2747.25,15.9343,0.372
2024-11-01 15:00:00,2747.345,2750.37,2742.632,2744.795,12.2087,0.369
2024-11-01 16:00:00,2744.79,2746.185,2740.51,2743.19,9.8276,0.345
2024-11-01 17:00:00,2743.184,2743.97,2735.166,2736.404,8.8196,0.329
2024-11-01 18:00:00,2736.352,2738.085,2733.578,2736.26,7.4827,0.35
2024-11-01 19:00:00,2736.295,2737.118,2733.26,2734.226,6.1373,0.365
2024-11-01 20:00:00,2734.204,2736.92,2733.33,2736.4,3.017,0.381
2024-11-03 23:00:00,2734.2,2740.435,2730.451,2738.46,3.6735,0.532
2024-11-04 00:00:00,2738.435,2741.01,2737.06,2740.455,2.694,0.437
2024-11-04 01:00:00,2740.42,2741.417,2735.38,2739.995,6.2631,0.415
2024-11-04 02:00:00,2739.99,2741.08,2737.048,2739.992,4.7514,0.422
2024-11-04 03:00:00,2739.985,2742.51,2739.41,2741.05,3.5162,0.415
2024-11-04 04:00:00,2741.03,2742.29,2739.798,2741.114,2.182,0.426
2024-11-04 05:00:00,2741.12,2743.805,2737.744,2741.61,4.2168,0.417
2024-11-04 06:00:00,2741.624,2741.66,2735.854,2741.47,4.8042,0.414
2024-11-04 07:00:00,2741.486,2744.89,2735.172,2735.885,5.9247,0.388
2024-11-04 08:00:00,2735.88,2738.552,2731.94,2733.43,6.5882,0.397
2024-11-04 09:00:00,2733.415,2744.125,2732.609,2743.38,6.8402,0.383
2024-11-04 10:00:00,2743.39,2745.304,2737.292,2738.63,3.6107,0.383
2024-11-04 11:00:00,2738.615,2741.06,2736.53,2740.715,3.664,0.387
2024-11-04 12:00:00,2740.708,2744.115,2739.598,2743.455,3.5274,0.385
2024-11-04 13:00:00,2743.485,2746.824,2738.82,2746.798,9.9241,0.377
2024-11-04 14:00:00,2746.8,2748.235,2737.945,2743.428,10.1946,0.384
2024-11-04 15:00:00,2743.424,2745.63,2737.755,2738.588,11.3562,0.388
2024-11-04 16:00:00,2738.59,2738.97,2732.39,2734.28,8.17,0.379
2024-11-04 17:00:00,2734.285,2738.528,2731.81,2738.458,5.6745,0.396
2024-11-04 18:00:00,2738.47,2739.315,2735.66,2738.279,4.9309,0.384
2024-11-04 19:00:00,2738.294,2739.736,2737.298,2738.366,3.7173,0.399
2024-11-04 20:00:00,2738.344,2738.678,2736.412,2737.46,3.9415,0.374
2024-11-04 21:00:00,2737.447,2737.734,2736.0,2736.635,1.1811,0.366
2024-11-04 23:00:00,2736.5,2738.13,2736.075,2736.075,0.7491,0.46
2024-11-05 00:00:00,2736.1,2736.72,2734.126,2735.17,2.0025,0.426
2024-11-05 01:00:00,2735.15,2736.235,2733.01,2734.26,4.4144,0.418
2024-11-05 02:00:00,2734.255,2735.405,2724.82,2728.568,7.3497,0.39
2024-11-05 03:00:00,2728.574,2736.05,2727.81,2735.355,4.2456,0.399
2024-11-05 04:00:00,2735.35,2736.413,2733.2,2734.53,3.0142,0.4
2024-11-05 05:00:00,2734.515,2737.315,2732.005,2732.655,4.7739,0.424
2024-11-05 06:00:00,2732.645,2738.915,2731.8,2737.875,5.3971,0.417
2024-11-05 07:00:00,2737.88,2741.425,2735.265,2736.51,4.9915,0.397
2024-11-05 08:00:00,2736.53,2743.315,2732.146,2742.595,6.8707,0.36
2024-11-05 09:00:00,2742.6,2745.1,2738.945,2739.98,5.8013,0.369
2024-11-05 10:00:00,2739.97,2740.315,2735.675,2737.91,4.9091,0.367
2024-11-05 11:00:00,2737.905,2743.005,2737.905,2741.79,4.7999,0.38
2024-11-05 12:00:00,2741.775,2743.168,2737.626,2737.96,4.7798,0.377
2024-11-05 13:00:00,2737.97,2746.736,2736.45,2744.765,10.4672,0.366
2024-11-05 14:00:00,2744.76,2750.04,2741.465,2746.98,12.4007,0.332
2024-11-05 15:00:00,2746.825,2746.935,2733.062,2742.098,12.6666,0.365
2024-11-05 16:00:00,2742.11,2744.598,2736.426,2739.005,8.5251,0.337
2024-11-05 17:00:00,2739.02,2743.788,2738.325,2742.065,4.6285,0.372
2024-11-05 18:00:00,2742.095,2743.955,2739.475,2741.33,4.5583,0.376
2024-11-05 19:00:00,2741.32,2742.325,2739.585,2740.535,3.5913,0.386
2024-11-05 20:00:00,2740.545,2743.578,2739.705,2743.088,3.3173,0.389
2024-11-05 21:00:00,2743.11,2744.935,2742.64,2744.275,1.3299,0.438
2024-11-05 23:00:00,2743.6,2746.44,2742.176,2745.705,1.7158,0.452
2024-11-06 00:00:00,2745.7,2745.706,2735.395,2738.055,6.6994,0.432
2024-11-06 01:00:00,2738.08,2749.72,2732.76,2747.069,12.7366,0.383
2024-11-06 02:00:00,2747.084,2748.345,2736.86,2737.54,14.8043,0.393
2024-11-06 03:00:00,2737.545,2743.616,2730.62,2734.255,13.331,0.396
2024-11-06 04:00:00,2734.25,2743.115,2733.31,2741.775,10.5472,0.333
2024-11-06 05:00:00,2741.79,2743.612,2736.5,2739.13,10.5276,0.376
2024-11-06 06:00:00,2739.145,2739.43,2701.49,2707.13,12.2955,0.475
2024-11-06 07:00:00,2707.115,2733.275,2704.205,2725.83,11.5233,0.43
2024-11-06 08:00:00,2725.72,2733.862,2722.85,2724.52,8.8182,0.414
2024-11-06 09:00:00,2724.505,2728.626,2716.54,2724.75,6.9672,0.392
2024-11-06 10:00:00,2724.72,2727.305,2718.716,2720.264,4.1096,0.418
2024-11-06 11:00:00,2720.25,2722.785,2696.155,2699.386,6.3045,0.442
2024-11-06 12:00:00,2699.24,2708.126,2693.474,2695.27,10.4796,0.409
2024-11-06 13:00:00,2695.09,2695.09,2659.19,2664.284,22.8838,0.406
2024-11-06 14:00:00,2664.26,2670.445,2652.49,2659.935,20.2599,0.388
2024-11-06 15:00:00,2659.96,2675.945,2657.56,2675.82,17.6447,0.356
2024-11-06 16:00:00,2675.815,2678.24,2662.94,2666.235,10.1273,0.377
2024-11-06 17:00:00,2666.26,2669.298,2661.684,2663.428,5.674,0.382
2024-11-06 18:00:00,2663.39,2669.61,2662.95,2665.685,6.8567,0.379
2024-11-06 19:00:00,2665.7,2668.605,2665.064,2667.12,5.4146,0.396
2024-11-06 20:00:00,2667.13,2667.81,2659.424,2660.79,5.2521,0.366
2024-11-06 21:00:00,2660.78,2662.535,2659.054,2659.225,1.5002,0.384
2024-11-06 23:00:00,2659.29,2664.394,2659.105,2664.105,2.62,0.462
2024-11-07 00:00:00,2664.115,2664.295,2661.025,2661.575,3.4251,0.422
2024-11-07 01:00:00,2661.555,2664.075,2643.4,2649.52,10.3752,0.412
2024-11-07 02:00:00,2649.56,2657.592,2649.56,2657.442,6.931,0.418
2024-11-07 03:00:00,2657.466,2661.333,2655.71,2659.308,5.0854,0.411
2024-11-07 04:00:00,2659.31,2659.698,2654.174,2654.67,3.7736,0.419
2024-11-07 05:00:00,2654.78,2660.764,2654.756,2659.245,4.7309,0.416
2024-11-07 06:00:00,2659.24,2659.555,2652.845,2657.19,5.6496,0.42
2024-11-07 07:00:00,2657.19,2667.685,2656.235,2663.335,7.5513,0.378
2024-11-07 08:00:00,2663.374,2666.77,2657.44,2657.69,6.59,0.383
2024-11-07 09:00:00,2657.675,2666.14,2657.53,2661.695,6.9201,0.387
2024-11-07 10:00:00,2661.71,2668.445,2659.928,2666.635,6.466,0.402
2024-11-07 11:00:00,2666.595,2668.17,2663.915,2666.38,4.9654,0.382
2024-11-07 12:00:00,2666.374,2674.18,2664.374,2673.72,9.2815,0.386
2024-11-07 13:00:00,2673.7,2685.23,2672.494,2684.64,15.0011,0.395
2024-11-07 14:00:00,2684.645,2695.058,2682.4,2691.885,14.1646,0.382
2024-11-07 15:00:00,2691.85,2700.196,2690.203,2698.89,13.3334,0.38
2024-11-07 16:00:00,2698.85,2699.525,2690.75,2695.825,9.6631,0.376
2024-11-07 17:00:00,2695.84,2700.41,2694.325,2699.435,5.2594,0.388
2024-11-07 18:00:00,2699.445,2699.476,2694.076,2695.552,5.2674,0.406
2024-11-07 19:00:00,2695.556,2698.127,2687.609,2694.375,12.3875,0.395
2024-11-07 20:00:00,2694.385,2710.438,2692.89,2704.47,10.377,0.379
2024-11-07 21:00:00,2704.48,2708.625,2703.705,2706.47,2.0859,0.403
2024-11-07 23:00:00,2706.4,2708.07,2704.175,2706.986,1.7631,0.459
2024-11-08 00:00:00,2706.955,2710.43,2705.668,2706.4,2.332,0.419
2024-11-08 01:00:00,2706.413,2707.68,2699.21,2699.88,7.3344,0.414
2024-11-08 02:00:00,2699.89,2701.1,2695.168,2697.6,5.0004,0.428
2024-11-08 03:00:00,2697.57,2700.552,2694.141,2695.24,4.3892,0.43
2024-11-08 04:00:00,2695.21,2696.182,2693.33,2693.624,2.8609,0.411
2024-11-08 05:00:00,2693.62,2696.37,2693.62,2695.27,3.9739,0.397
2024-11-08 06:00:00,2695.245,2695.862,2686.03,2686.48,7.3917,0.414
2024-11-08 07:00:00,2686.46,2687.924,2680.385,2687.475,7.1357,0.367
2024-11-08 08:00:00,2687.485,2691.89,2682.044,2688.78,13.308,0.369
2024-11-08 09:00:00,2688.77,2691.075,2687.115,2689.36,8.4557,0.331
2024-11-08 10:00:00,2689.38,2689.405,2682.101,2688.668,6.3828,0.389
2024-11-08 11:00:00,2688.678,2695.01,2686.81,2691.965,4.1561,0.394
2024-11-08 12:00:00,2691.95,2693.182,2686.28,2691.98,4.7297,0.393
2024-11-08 13:00:00,2691.97,2701.185,2687.975,2697.615,11.9491,0.394
2024-11-08 14:00:00,2697.64,2704.094,2687.85,2691.68,14.6108,0.395
2024-11-08 15:00:00,2691.598,2692.91,2683.48,2687.57,14.9094,0.4
2024-11-08 16:00:00,2687.565,2689.36,2682.994,2683.35,9.9433,0.413
2024-11-08 17:00:00,2683.37,2688.606,2683.37,2687.986,7.3825,0.413
2024-11-08 18:00:00,2687.992,2688.872,2683.93,2685.025,6.3797,0.405
2024-11-08 19:00:00,2685.07,2687.59,2683.345,2687.135,4.6452,0.418
2024-11-08 20:00:00,2687.074,2688.63,2685.045,2685.145,3.1784,0.406
2024-11-08 21:00:00,2685.135,2685.935,2682.9,2684.32,1.1808,0.432
2024-11-10 23:00:00,2684.8,2685.8,2679.422,2685.71,1.9827,0.451
2024-11-11 00:00:00,2685.735,2686.239,2682.745,2684.09,1.9706,0.418
2024-11-11 01:00:00,2684.065,2684.92,2671.92,2673.06,9.5926,0.413
2024-11-11 02:00:00,2673.075,2675.314,2666.54,2672.05,5.8055,0.419
2024-11-11 03:00:00,2672.046,2672.076,2668.09,2670.32,3.3154,0.423
2024-11-11 04:00:00,2670.31,2672.49,2668.91,2672.21,5.3076,0.427
2024-11-11 05:00:00,2672.215,2674.355,2667.074,2669.335,5.7651,0.432
2024-11-11 06:00:00,2669.34,2674.165,2668.535,2673.32,5.7326,0.443
2024-11-11 07:00:00,2673.325,2674.11,2668.87,2669.63,7.4807,0.389
2024-11-11 08:00:00,2669.645,2671.78,2667.66,2669.645,6.7968,0.353
2024-11-11 09:00:00,2669.6,2670.88,2663.918,2666.89,6.8534,0.373
2024-11-11 10:00:00,2666.885,2675.42,2661.045,2661.998,7.6319,0.38
2024-11-11 11:00:00,2662.01,2667.09,2659.065,2662.645,8.7008,0.407
2024-11-11 12:00:00,2662.675,2663.205,2656.765,2657.325,8.2448,0.382
2024-11-11 13:00:00,2657.345,2657.635,2634.354,2635.59,15.2307,0.378
2024-11-11 14:00:00,2635.575,2635.745,2617.788,2622.545,20.2791,0.372
2024-11-11 15:00:00,2622.542,2626.38,2613.498,2614.61,13.1854,0.381
2024-11-11 16:00:00,2614.604,2618.205,2612.784,2615.245,8.1145,0.386
2024-11-11 17:00:00,2615.208,2616.965,2611.53,2612.64,5.3382,0.406
2024-11-11 18:00:00,2612.635,2619.346,2610.706,2619.065,6.3781,0.391
2024-11-11 19:00:00,2619.066,2620.748,2617.978,2619.305,2.5511,0.388
2024-11-11 20:00:00,2619.35,2626.28,2619.35,2622.14,3.0699,0.393
2024-11-11 21:00:00,2622.075,2623.14,2619.015,2619.83,1.0493,0.396
2024-11-11 23:00:00,2619.2,2624.185,2619.136,2624.083,1.151,0.458
2024-11-12 00:00:00,2624.085,2625.232,2622.305,2624.032,2.4167,0.428
2024-11-12 01:00:00,2624.0,2627.205,2619.216,2624.24,6.4323,0.409
2024-11-12 02:00:00,2624.22,2625.545,2620.548,2622.035,6.0778,0.413
2024-11-12 03:00:00,2622.042,2623.81,2618.875,2619.025,3.4574,0.419
2024-11-12 04:00:00,2619.02,2619.181,2615.71,2617.844,3.1233,0.404
2024-11-12 05:00:00,2617.848,2618.248,2605.507,2606.93,6.3099,0.414
2024-11-12 06:00:00,2606.94,2610.24,2603.49,2608.005,7.5432,0.422
2024-11-12 07:00:00,2608.0,2609.12,2595.294,2598.305,7.7914,0.4
2024-11-12 08:00:00,2598.29,2606.56,2598.258,2600.7,4.7232,0.385
2024-11-12 09:00:00,2600.68,2600.81,2590.87,2593.305,5.8127,0.398
2024-11-12 10:00:00,2593.29,2598.69,2589.706,2596.74,5.519,0.38
2024-11-12 11:00:00,2596.74,2599.192,2592.634,2597.91,4.2412,0.399
2024-11-12 12:00:00,2597.935,2607.176,2597.935,2605.34,6.854,0.412
2024-11-12 13:00:00,2605.355,2616.426,2604.555,2611.665,11.7431,0.38
2024-11-12 14:00:00,2611.705,2617.03,2609.004,2610.366,11.9871,0.354
2024-11-12 15:00:00,2610.396,2611.757,2597.43,2598.56,10.4683,0.379
2024-11-12 16:00:00,2598.57,2604.202,2597.95,2600.875,7.5092,0.384
2024-11-12 17:00:00,2600.855,2601.245,2592.5,2597.522,6.6486,0.39
2024-11-12 18:00:00,2597.51,2602.115,2596.495,2599.23,7.1026,0.345
2024-11-12 19:00:00,2599.22,2601.455,2598.01,2598.19,5.6319,0.295
2024-11-12 20:00:00,2598.175,2601.375,2595.152,2599.757,5.3815,0.32
2024-11-12 21:00:00,2599.732,2600.77,2597.23,2598.245,1.9708,0.366
2024-11-12 23:00:00,2598.27,2599.895,2597.682,2598.98,0.7918,0.454
2024-11-13 00:00:00,2599.015,2599.974,2598.11,2599.53,1.71,0.419
2024-11-13 01:00:00,2599.525,2611.215,2599.52,2608.188,8.6329,0.4
2024-11-13 02:00:00,2608.194,2612.65,2605.215,2612.185,5.9622,0.398
2024-11-13 03:00:00,2612.214,2613.322,2606.5,2611.645,5.5746,0.349
2024-11-13 04:00:00,2611.64,2612.4,2606.168,2606.294,3.7775,0.411
2024-11-13 05:00:00,2606.34,2607.932,2603.576,2605.81,5.3099,0.387
2024-11-13 06:00:00,2605.814,2607.505,2604.246,2605.485,5.7669,0.405
2024-11-13 07:00:00,2605.49,2607.515,2604.365,2606.252,5.0776,0.385
2024-11-13 08:00:00,2606.276,2610.815,2601.094,2607.7,6.8134,0.382
2024-11-13 09:00:00,2607.685,2611.725,2607.365,2608.66,5.7709,0.383
2024-11-13 10:00:00,2608.665,2610.495,2607.055,2609.1,4.9094,0.377
2024-11-13 11:00:00,2609.095,2611.695,2605.905,2610.895,4.5064,0.383
2024-11-13 12:00:00,2610.915,2612.775,2608.965,2609.724,5.9387,0.385
2024-11-13 13:00:00,2609.734,2618.896,2607.235,2612.444,11.4807,0.425
2024-11-13 14:00:00,2612.435,2616.476,2601.13,2602.17,11.0602,0.403
2024-11-13 15:00:00,2602.141,2606.862,2593.718,2605.514,18.331,0.353
2024-11-13 16:00:00,2605.486,2606.08,2584.794,2585.926,11.0512,0.369
2024-11-13 17:00:00,2585.918,2586.91,2577.725,2583.405,12.8902,0.359
2024-11-13 18:00:00,2583.385,2585.57,2579.7,2582.83,3.7481,0.4
2024-11-13 19:00:00,2582.85,2584.958,2580.575,2580.94,5.7176,0.382
2024-11-13 20:00:00,2580.95,2581.114,2573.085,2573.875,4.6594,0.391
2024-11-13 21:00:00,2573.896,2577.215,2572.46,2572.78,1.4969,0.422
2024-11-13 23:00:00,2572.85,2581.436,2569.39,2570.935,4.4241,0.508
2024-11-14 00:00:00,2570.936,2574.75,2569.7,2572.492,5.0194,0.471
2024-11-14 01:00:00,2572.502,2572.97,2561.63,2562.66,8.4663,0.422
2024-11-14 02:00:00,2562.64,2564.632,2558.99,2560.655,5.6987,0.409
2024-11-14 03:00:00,2560.61,2565.149,2560.01,2560.775,4.6981,0.378
2024-11-14 04:00:00,2560.755,2565.32,2559.348,2565.22,3.4223,0.416
2024-11-14 05:00:00,2565.216,2565.23,2555.394,2558.666,5.4071,0.415
2024-11-14 06:00:00,2558.662,2560.58,2551.94,2555.115,6.076,0.411
2024-11-14 07:00:00,2555.12,2558.988,2550.435,2557.03,8.8082,0.375
2024-11-14 08:00:00,2557.01,2559.87,2554.576,2556.22,7.7151,0.381
2024-11-14 09:00:00,2556.215,2558.436,2536.87,2543.556,12.2858,0.407
2024-11-14 10:00:00,2543.546,2548.135,2539.11,2547.125,10.4211,0.399
2024-11-14 11:00:00,2547.12,2555.13,2545.258,2553.725,11.5033,0.397
2024-11-14 12:00:00,2553.715,2556.96,2550.145,2552.3,9.8859,0.401
2024-11-14 13:00:00,2552.295,2560.295,2551.338,2557.225,16.1222,0.414
2024-11-14 14:00:00,2557.165,2566.036,2554.328,2559.794,19.4669,0.411
2024-11-14 15:00:00,2559.758,2573.054,2558.645,2570.31,18.7928,0.404
2024-11-14 16:00:00,2570.33,2577.51,2569.305,2574.06,11.997,0.405
2024-11-14 17:00:00,2574.075,2575.955,2567.532,2573.055,9.1415,0.41
2024-11-14 18:00:00,2573.072,2573.575,2567.235,2569.955,7.6398,0.423
2024-11-14 19:00:00,2569.945,2577.014,2569.92,2576.065,6.0078,0.411
2024-11-14 20:00:00,2576.105,2576.558,2563.982,2567.33,11.3401,0.427
2024-11-14 21:00:00,2567.33,2569.645,2564.235,2564.675,3.3715,0.435
2024-11-14 23:00:00,2564.705,2567.355,2564.562,2566.985,1.3545,0.448
2024-11-15 00:00:00,2566.965,2567.676,2565.986,2566.905,2.5662,0.403
2024-11-15 01:00:00,2566.92,2571.78,2563.133,2565.08,7.5037,0.415
2024-11-15 02:00:00,2565.07,2571.17,2564.945,2570.234,4.5392,0.413
2024-11-15 03:00:00,2570.225,2571.205,2567.755,2567.79,3.9607,0.404
2024-11-15 04:00:00,2567.78,2569.624,2567.085,2567.134,2.3435,0.441
2024-11-15 05:00:00,2567.181,2567.315,2559.785,2560.0,5.1212,0.436
2024-11-15 06:00:00,2559.96,2563.645,2554.538,2561.525,6.5894,0.419
2024-11-15 07:00:00,2561.53,2564.97,2559.455,2563.84,5.9955,0.402
2024-11-15 08:00:00,2563.835,2569.022,2560.915,2566.92,7.9782,0.39
2024-11-15 09:00:00,2566.895,2569.04,2563.984,2564.035,8.5679,0.416
2024-11-15 10:00:00,2564.01,2570.49,2563.11,2567.9,9.3795,0.389
2024-11-15 11:00:00,2567.89,2573.332,2566.645,2570.79,11.2964,0.385
2024-11-15 12:00:00,2570.76,2571.09,2565.511,2569.175,13.5375,0.419
2024-11-15 13:00:00,2569.186,2575.81,2561.225,2565.32,20.9265,0.416
2024-11-15 14:00:00,2565.314,2575.69,2564.279,2572.859,15.8306,0.415
2024-11-15 15:00:00,2572.875,2576.126,2565.122,2570.87,17.0405,0.404
2024-11-15 16:00:00,2570.875,2573.38,2562.134,2562.226,13.7993,0.385
2024-11-15 17:00:00,2562.244,2564.904,2560.216,2563.045,10.2715,0.374
2024-11-15 18:00:00,2563.08,2567.87,2559.567,2567.585,8.352,0.416
2024-11-15 19:00:00,2567.57,2568.125,2562.855,2563.915,5.1629,0.418
2024-11-15 20:00:00,2563.94,2563.98,2559.825,2562.304,6.1501,0.423
2024-11-15 21:00:00,2562.308,2563.755,2561.175,2563.2,1.1532,0.431
2024-11-17 23:00:00,2564.882,2575.512,2564.39,2571.47,4.5421,0.394
2024-11-18 00:00:00,2571.465,2577.295,2569.92,2576.67,4.3992,0.368
2024-11-18 01:00:00,2576.665,2597.386,2576.616,2587.11,11.3984,0.396
2024-11-18 02:00:00,2587.09,2595.11,2586.965,2591.19,8.1234,0.373
2024-11-18 03:00:00,2591.165,2592.59,2587.875,2589.996,4.7622,0.331
2024-11-18 04:00:00,2589.995,2593.23,2589.39,2592.326,3.8457,0.351
2024-11-18 05:00:00,2592.284,2592.408,2585.135,2585.588,4.7371,0.415
2024-11-18 06:00:00,2585.59,2587.78,2580.464,2586.085,5.6742,0.417
2024-11-18 07:00:00,2586.08,2587.195,2581.735,2582.895,5.9046,0.408
2024-11-18 08:00:00,2582.815,2590.066,2582.095,2585.7,7.9341,0.361
2024-11-18 09:00:00,2585.695,2597.355,2583.855,2595.8,7.8325,0.365
2024-11-18 10:00:00,2595.78,2596.77,2589.601,2594.12,6.4801,0.386
2024-11-18 11:00:00,2594.145,2595.475,2590.565,2594.425,5.1879,0.386
2024-11-18 12:00:00,2594.34,2597.215,2590.405,2595.19,6.3976,0.387
2024-11-18 13:00:00,2595.175,2605.138,2592.953,2604.01,10.2985,0.379
2024-11-18 14:00:00,2603.985,2610.3,2602.81,2608.185,12.1868,0.39
2024-11-18 15:00:00,2608.2,2613.412,2605.95,2613.025,9.1769,0.382
2024-11-18 16:00:00,2613.05,2615.145,2609.43,2611.625,7.789,0.365
2024-11-18 17:00:00,2611.63,2612.015,2607.395,2610.445,5.2373,0.397
2024-11-18 18:00:00,2610.462,2612.125,2607.75,2611.215,3.6138,0.396
2024-11-18 19:00:00,2611.22,2612.67,2608.395,2609.87,4.2653,0.379
2024-11-18 20:00:00,2609.855,2611.625,2608.285,2610.342,4.0384,0.374
2024-11-18 21:00:00,2610.355,2612.44,2609.917,2611.965,1.8858,0.402
2024-11-18 23:00:00,2612.2,2613.12,2610.475,2612.66,0.8974,0.477
2024-11-19 00:00:00,2612.69,2613.784,2611.109,2613.395,2.2759,0.439
2024-11-19 01:00:00,2613.42,2617.946,2611.675,2615.77,8.9142,0.345
2024-11-19 02:00:00,2615.73,2624.235,2615.725,2622.578,5.8972,0.392
2024-11-19 03:00:00,2622.58,2625.655,2621.448,2624.502,4.517,0.397
2024-11-19 04:00:00,2624.506,2625.285,2621.58,2622.988,2.822,0.415
2024-11-19 05:00:00,2622.956,2623.525,2620.935,2622.635,3.9224,0.427
2024-11-19 06:00:00,2622.65,2626.7,2621.415,2625.18,6.7762,0.358
2024-11-19 07:00:00,2625.21,2625.345,2617.805,2619.15,6.2556,0.377
2024-11-19 08:00:00,2619.105,2627.11,2618.744,2626.45,9.4825,0.387
2024-11-19 09:00:00,2626.42,2634.545,2625.365,2630.295,10.4094,0.381
2024-11-19 10:00:00,2630.246,2636.545,2629.99,2635.17,8.4898,0.343
2024-11-19 11:00:00,2635.175,2636.08,2629.026,2629.625,6.1604,0.363
2024-11-19 12:00:00,2629.64,2639.42,2628.812,2639.305,7.5834,0.38
2024-11-19 13:00:00,2639.33,2639.51,2629.305,2635.34,11.9304,0.38
2024-11-19 14:00:00,2635.3,2637.0,2622.868,2623.52,14.7689,0.389
2024-11-19 15:00:00,2623.385,2628.788,2621.08,2624.505,12.6437,0.352
2024-11-19 16:00:00,2624.565,2628.555,2622.38,2626.506,8.6022,0.363
2024-11-19 17:00:00,2626.49,2633.186,2625.662,2628.15,7.5213,0.385
2024-11-19 18:00:00,2628.16,2630.505,2626.359,2630.25,6.67,0.393
2024-11-19 19:00:00,2630.285,2631.7,2628.985,2630.814,4.4795,0.395
2024-11-19 20:00:00,2630.808,2634.685,2630.51,2633.756,4.0879,0.392
2024-11-19 21:00:00,2633.75,2634.002,2630.605,2632.396,2.8677,0.336
2024-11-19 23:00:00,2632.46,2635.554,2631.988,2635.205,1.7507,0.406
2024-11-20 00:00:00,2635.2,2639.2,2634.75,2637.92,3.078,0.387
2024-11-20 01:00:00,2637.938,2641.57,2635.825,2639.64,7.0867,0.424
2024-11-20 02:00:00,2639.632,2641.845,2638.435,2640.246,6.1656,0.36
2024-11-20 03:00:00,2640.242,2641.295,2637.665,2638.01,4.2956,0.34
2024-11-20 04:00:00,2638.055,2638.845,2636.22,2636.71,2.8034,0.409
2024-11-20 05:00:00,2636.65,2638.57,2634.955,2636.96,4.2853,0.418
2024-11-20 06:00:00,2636.94,2637.16,2628.655,2629.556,7.6202,0.411
2024-11-20 07:00:00,2629.55,2630.298,2621.3,2621.61,7.1246,0.384
2024-11-20 08:00:00,2621.6,2624.583,2618.905,2624.285,6.8311,0.394
2024-11-20 09:00:00,2624.27,2625.745,2621.075,2621.965,5.8319,0.383
2024-11-20 10:00:00,2621.925,2626.25,2620.98,2625.176,5.868,0.382
2024-11-20 11:00:00,2625.186,2628.22,2621.515,2628.14,5.3337,0.387
2024-11-20 12:00:00,2628.135,2632.52,2627.095,2631.885,6.1398,0.39
2024-11-20 13:00:00,2631.85,2640.57,2631.202,2636.11,10.7091,0.366
2024-11-20 14:00:00,2636.114,2646.455,2634.162,2643.205,12.5031,0.369
2024-11-20 15:00:00,2643.175,2648.95,2640.89,2648.912,10.4929,0.376
2024-11-20 16:00:00,2648.89,2650.905,2646.19,2650.685,7.8144,0.384
2024-11-20 17:00:00,2650.695,2655.45,2649.356,2651.915,5.5995,0.382
2024-11-20 18:00:00,2651.945,2652.155,2645.485,2648.645,5.8687,0.38
2024-11-20 19:00:00,2648.655,2653.21,2648.495,2650.94,5.817,0.384
2024-11-20 20:00:00,2650.925,2651.285,2647.355,2648.985,6.6627,0.331
2024-11-20 21:00:00,2648.98,2650.75,2648.15,2650.59,2.3062,0.398
2024-11-20 23:00:00,2650.41,2653.0,2648.978,2652.265,1.3271,0.451
2024-11-21 00:00:00,2652.28,2658.88,2651.885,2658.57,3.7718,0.412
2024-11-21 01:00:00,2658.575,2660.495,2651.899,2653.465,6.893,0.41
2024-11-21 02:00:00,2653.46,2658.239,2652.64,2653.754,4.7413,0.423
2024-11-21 03:00:00,2653.694,2657.308,2650.49,2656.945,3.9359,0.42
2024-11-21 04:00:00,2656.92,2658.99,2656.895,2657.062,1.9162,0.404
2024-11-21 05:00:00,2657.056,2658.174,2654.67,2657.005,4.3615,0.409
2024-11-21 06:00:00,2657.01,2662.304,2656.625,2661.415,4.589,0.412
2024-11-21 07:00:00,2661.41,2664.72,2660.1,2663.185,5.3577,0.386
2024-11-21 08:00:00,2663.175,2670.31,2662.07,2668.905,6.6928,0.374
2024-11-21 09:00:00,2668.91,2671.758,2663.534,2668.884,9.1464,0.402
2024-11-21 10:00:00,2668.9,2670.415,2665.135,2670.02,5.1187,0.395
2024-11-21 11:00:00,2670.05,2673.585,2668.395,2671.51,5.0769,0.392
2024-11-21 12:00:00,2671.502,2671.8,2663.048,2663.36,6.5856,0.385
2024-11-21 13:00:00,2663.35,2667.75,2660.514,2665.52,9.5182,0.423
2024-11-21 14:00:00,2665.535,2671.665,2661.431,2664.984,8.3717,0.401
2024-11-21 15:00:00,2664.994,2670.585,2664.47,2667.725,9.8144,0.384
2024-11-21 16:00:00,2667.744,2669.775,2661.336,2664.75,11.8025,0.357
2024-11-21 17:00:00,2664.755,2672.822,2661.825,2671.876,7.9392,0.377
2024-11-21 18:00:00,2671.875,2672.978,2669.145,2672.45,5.6904,0.371
2024-11-21 19:00:00,2672.495,2673.462,2667.85,2669.735,6.1085,0.365
2024-11-21 20:00:00,2669.745,2671.91,2668.6,2671.585,2.7954,0.383
2024-11-21 21:00:00,2671.578,2671.955,2668.175,2669.755,2.4547,0.369
2024-11-21 23:00:00,2669.6,2670.234,2668.17,2669.192,1.5464,0.46
2024-11-22 00:00:00,2669.186,2673.625,2668.891,2673.235,2.8461,0.382
2024-11-22 01:00:00,2673.24,2679.53,2673.21,2677.915,8.2803,0.351
2024-11-22 02:00:00,2677.91,2686.488,2677.395,2686.155,6.0436,0.412
2024-11-22 03:00:00,2686.178,2690.565,2681.54,2686.295,6.1858,0.419
2024-11-22 04:00:00,2686.29,2692.436,2683.038,2688.83,3.855,0.415
2024-11-22 05:00:00,2688.875,2689.2,2683.135,2686.715,5.8236,0.39
2024-11-22 06:00:00,2686.73,2693.31,2685.885,2692.98,5.6057,0.419
2024-11-22 07:00:00,2692.985,2699.032,2690.55,2696.535,10.5771,0.355
2024-11-22 08:00:00,2696.56,2700.5,2694.794,2697.41,9.3847,0.391
2024-11-22 09:00:00,2697.416,2707.515,2693.55,2703.445,12.3234,0.391
2024-11-22 10:00:00,2703.455,2708.585,2702.77,2707.735,8.623,0.365
2024-11-22 11:00:00,2707.77,2710.205,2697.115,2698.91,8.9269,0.375
2024-11-22 12:00:00,2698.885,2704.975,2697.13,2703.025,8.0321,0.383
2024-11-22 13:00:00,2703.01,2704.205,2689.39,2692.975,13.6322,0.39
2024-11-22 14:00:00,2692.964,2696.335,2684.51,2694.74,11.9601,0.392
2024-11-22 15:00:00,2694.835,2705.154,2694.64,2703.74,13.7562,0.352
2024-11-22 16:00:00,2703.745,2706.656,2700.905,2705.225,7.2921,0.379
2024-11-22 17:00:00,2705.22,2707.326,2703.655,2706.905,4.6426,0.385
2024-11-22 18:00:00,2706.92,2711.475,2706.805,2710.975,6.746,0.371
2024-11-22 19:00:00,2710.99,2711.55,2707.12,2708.275,5.1464,0.35
2024-11-22 20:00:00,2708.27,2708.915,2705.165,2705.906,5.5291,0.36
2024-11-22 21:00:00,2705.894,2716.551,2705.878,2716.33,1.9656,0.418
2024-11-24 23:00:00,2714.138,2721.425,2691.301,2719.92,5.7496,0.513
2024-11-25 00:00:00,2719.875,2720.2,2709.88,2710.68,5.9134,0.453
2024-11-25 01:00:00,2710.705,2711.185,2695.03,2701.305,12.4789,0.419
2024-11-25 02:00:00,2701.295,2704.49,2692.433,2695.31,8.3331,0.423
2024-11-25 03:00:00,2695.3,2697.475,2659.105,2672.318,12.2171,0.449
2024-11-25 04:00:00,2672.284,2676.42,2663.955,2672.536,6.2384,0.439
2024-11-25 05:00:00,2672.525,2674.06,2658.298,2664.82,7.4109,0.427
2024-11-25 06:00:00,2664.86,2670.13,2661.725,2666.98,8.5691,0.419
2024-11-25 07:00:00,2666.99,2672.615,2663.835,2667.904,9.4221,0.414
2024-11-25 08:00:00,2667.918,2673.63,2667.235,2672.095,8.5467,0.384
2024-11-25 09:00:00,2672.09,2675.218,2669.955,2673.965,5.992,0.373
2024-11-25 10:00:00,2673.945,2678.096,2668.832,2677.75,4.8372,0.4
2024-11-25 11:00:00,2677.725,2688.805,2677.685,2686.88,4.275,0.417
2024-11-25 12:00:00,2686.9,2687.07,2679.982,2681.058,3.6373,0.418
2024-11-25 13:00:00,2681.008,2688.005,2676.794,2678.335,11.5331,0.41
2024-11-25 14:00:00,2678.374,2678.79,2633.695,2641.408,16.6449,0.402
2024-11-25 15:00:00,2641.41,2641.74,2626.36,2628.415,12.8423,0.397
2024-11-25 16:00:00,2628.43,2639.45,2628.38,2632.08,9.2534,0.372
2024-11-25 17:00:00,2632.045,2634.27,2624.488,2627.88,7.5207,0.395
2024-11-25 18:00:00,2627.925,2628.585,2615.663,2618.925,7.2431,0.403
2024-11-25 19:00:00,2618.905,2626.245,2618.471,2625.825,4.716,0.4
2024-11-25 20:00:00,2625.81,2628.815,2622.715,2626.195,4.3842,0.383
2024-11-25 21:00:00,2626.165,2628.37,2624.855,2625.06,1.4054,0.413
2024-11-25 23:00:00,2625.0,2628.677,2605.348,2610.635,5.5285,0.462
2024-11-26 00:00:00,2610.64,2624.702,2608.742,2619.925,8.2432,0.481
2024-11-26 01:00:00,2619.91,2632.228,2618.162,2628.24,11.1109,0.448
2024-11-26 02:00:00,2628.255,2630.595,2625.015,2625.43,7.2806,0.437
2024-11-26 03:00:00,2625.425,2631.095,2623.04,2630.465,5.2742,0.428
2024-11-26 04:00:00,2630.48,2631.476,2625.135,2626.47,2.8143,0.426
2024-11-26 05:00:00,2626.46,2626.56,2617.93,2624.465,5.2583,0.43
2024-11-26 06:00:00,2624.435,2626.112,2621.245,2622.114,7.7618,0.422
2024-11-26 07:00:00,2622.105,2622.902,2610.877,2614.115,6.9091,0.393
2024-11-26 08:00:00,2614.125,2618.395,2612.535,2613.435,7.9909,0.349
2024-11-26 09:00:00,2613.436,2627.205,2612.905,2626.05,7.9066,0.391
2024-11-26 10:00:00,2626.064,2633.245,2625.19,2631.47,6.7085,0.376
2024-11-26 11:00:00,2631.465,2633.3,2627.71,2633.3,5.6116,0.399
2024-11-26 12:00:00,2633.32,2634.805,2629.37,2631.1,6.7856,0.389
2024-11-26 13:00:00,2631.07,2641.975,2624.085,2629.94,12.1214,0.402
2024-11-26 14:00:00,2629.976,2633.87,2616.81,2622.727,10.2974,0.438
2024-11-26 15:00:00,2622.722,2632.926,2620.355,2629.59,13.1408,0.379
2024-11-26 16:00:00,2629.625,2631.52,2626.5,2628.705,7.3737,0.385
2024-11-26 17:00:00,2628.7,2628.7,2624.975,2624.984,7.6602,0.38
2024-11-26 18:00:00,2624.975,2624.975,2619.605,2623.595,8.4064,0.385
2024-11-26 19:00:00,2623.545,2629.096,2622.665,2628.195,4.1919,0.41
2024-11-26 20:00:00,2628.204,2632.885,2627.605,2631.74,4.0216,0.385
2024-11-26 21:00:00,2631.755,2633.62,2630.795,2633.075,2.4921,0.432
2024-11-26 23:00:00,2632.8,2634.195,2630.575,2632.315,1.3867,0.462
2024-11-27 00:00:00,2632.35,2633.17,2627.25,2627.845,2.0757,0.41
2024-11-27 01:00:00,2627.92,2632.805,2627.145,2631.475,5.7021,0.419
2024-11-27 02:00:00,2631.455,2640.625,2631.21,2637.64,5.9915,0.405
2024-11-27 03:00:00,2637.646,2639.486,2635.955,2637.86,3.7744,0.419
2024-11-27 04:00:00,2637.87,2640.748,2636.766,2639.105,3.519,0.372
2024-11-27 05:00:00,2639.11,2645.802,2638.274,2642.094,6.9848,0.421
2024-11-27 06:00:00,2642.09,2648.076,2639.056,2647.894,9.8641,0.441
2024-11-27 07:00:00,2647.86,2648.51,2646.01,2646.698,7.3793,0.45
2024-11-27 08:00:00,2646.575,2653.7,2645.226,2653.53,12.2453,0.458
2024-11-27 09:00:00,2653.555,2653.934,2647.917,2648.465,8.8276,0.463
2024-11-27 10:00:00,2648.458,2650.06,2647.819,2648.647,6.4424,0.481
2024-11-27 11:00:00,2648.653,2652.396,2643.203,2651.22,7.7183,0.458
2024-11-27 12:00:00,2651.199,2655.091,2649.57,2651.341,5.4156,0.431
2024-11-27 13:00:00,2651.354,2658.312,2646.038,2656.34,12.3151,0.416
2024-11-27 14:00:00,2656.355,2656.925,2649.132,2651.322,10.1645,0.424
2024-11-27 15:00:00,2651.362,2651.595,2635.554,2642.706,15.1652,0.381
2024-11-27 16:00:00,2642.71,2644.346,2638.14,2638.99,7.8103,0.41
2024-11-27 17:00:00,2638.984,2642.862,2635.354,2637.294,5.0654,0.426
2024-11-27 18:00:00,2637.284,2640.87,2636.614,2638.988,3.7545,0.421
2024-11-27 19:00:00,2638.99,2639.48,2634.025,2634.85,4.7749,0.371
2024-11-27 20:00:00,2634.825,2639.1,2634.37,2637.074,3.5866,0.372
2024-11-27 21:00:00,2637.095,2637.59,2634.906,2636.25,1.7161,0.348
2024-11-27 23:00:00,2636.75,2638.123,2636.32,2637.156,1.0154,0.439
2024-11-28 00:00:00,2637.176,2638.516,2635.23,2635.755,1.9009,0.4
2024-11-28 01:00:00,2635.735,2636.4,2620.996,2628.92,12.3286,0.388
2024-11-28 02:00:00,2628.94,2630.2,2625.676,2628.244,5.1054,0.428
2024-11-28 03:00:00,2628.234,2632.185,2625.739,2630.36,4.3824,0.427
2024-11-28 04:00:00,2630.355,2634.07,2629.38,2631.304,2.1553,0.419
2024-11-28 05:00:00,2631.31,2634.055,2630.19,2633.505,3.897,0.405
2024-11-28 06:00:00,2633.51,2639.641,2631.945,2636.87,5.0848,0.419
2024-11-28 07:00:00,2636.87,2639.391,2634.605,2637.405,3.6134,0.393
2024-11-28 08:00:00,2637.35,2646.435,2635.785,2644.154,5.7365,0.387
2024-11-28 09:00:00,2644.155,2648.069,2642.85,2646.225,4.1934,0.387
2024-11-28 10:00:00,2646.235,2649.72,2644.89,2647.556,3.6782,0.387
2024-11-28 11:00:00,2647.566,2649.575,2644.965,2646.965,3.3043,0.389
2024-11-28 12:00:00,2646.97,2647.3,2643.976,2646.14,3.7255,0.381
2024-11-28 13:00:00,2646.11,2647.87,2642.825,2647.09,8.6535,0.393
2024-11-28 14:00:00,2647.115,2647.988,2640.894,2641.365,5.2514,0.391
2024-11-28 15:00:00,2641.34,2643.194,2636.32,2638.23,6.0591,0.391
2024-11-28 16:00:00,2638.225,2642.515,2637.585,2642.135,3.2512,0.389
2024-11-28 17:00:00,2642.125,2642.41,2639.69,2641.03,1.0938,0.392
2024-11-28 18:00:00,2641.02,2641.524,2639.69,2640.045,0.6181,0.447
2024-11-28 19:00:00,2639.99,2640.135,2637.44,2637.515,0.8263,0.458
2024-11-28 23:00:00,2638.489,2639.365,2637.27,2638.835,1.0406,0.451
2024-11-29 00:00:00,2638.82,2639.228,2635.755,2636.17,3.358,0.39
2024-11-29 01:00:00,2636.15,2647.224,2634.124,2645.035,8.7294,0.402
2024-11-29 02:00:00,2644.97,2662.795,2644.865,2657.505,8.5276,0.403
2024-11-29 03:00:00,2657.53,2660.667,2654.876,2660.122,4.4756,0.424
2024-11-29 04:00:00,2660.1,2664.336,2658.46,2659.99,3.7325,0.434
2024-11-29 05:00:00,2659.98,2663.953,2659.51,2662.42,5.0677,0.415
2024-11-29 06:00:00,2662.41,2666.4,2661.802,2665.3,6.0088,0.418
2024-11-29 07:00:00,2665.295,2665.585,2659.155,2660.625,5.3992,0.389
2024-11-29 08:00:00,2660.63,2662.65,2654.562,2657.34,5.3658,0.388
2024-11-29 09:00:00,2657.32,2664.82,2655.938,2664.246,4.6144,0.399
2024-11-29 10:00:00,2664.275,2665.98,2661.32,2662.812,3.5402,0.393
2024-11-29 11:00:00,2662.81,2664.418,2659.555,2659.705,2.6236,0.382
2024-11-29 12:00:00,2659.694,2665.051,2659.07,2659.995,4.259,0.394
2024-11-29 13:00:00,2660.06,2663.365,2656.296,2658.05,7.6019,0.397
2024-11-29 14:00:00,2658.046,2662.835,2652.016,2653.57,8.4067,0.39
2024-11-29 15:00:00,2653.605,2658.965,2650.67,2658.965,7.7477,0.413
2024-11-29 16:00:00,2658.96,2662.304,2658.105,2662.25,7.3343,0.413
2024-11-29 17:00:00,2662.225,2662.305,2657.61,2660.684,5.9173,0.39
2024-11-29 18:00:00,2660.685,2660.755,2651.77,2652.782,3.4511,0.459
2024-11-29 19:00:00,2652.74,2653.16,2648.696,2650.184,3.5153,0.481
2024-12-01 23:00:00,2653.988,2654.008,2643.16,2645.805,3.189,0.488
2024-12-02 00:00:00,2645.891,2647.75,2630.08,2637.556,5.5503,0.419
2024-12-02 01:00:00,2637.54,2639.254,2622.994,2635.99,11.0143,0.392
2024-12-02 02:00:00,2635.97,2638.116,2625.586,2626.755,7.8034,0.413
2024-12-02 03:00:00,2626.702,2631.125,2624.145,2629.42,5.5403,0.412
2024-12-02 04:00:00,2629.418,2630.6,2626.279,2628.64,3.1136,0.425
2024-12-02 05:00:00,2628.636,2628.81,2622.052,2623.24,6.148,0.423
2024-12-02 06:00:00,2623.225,2627.8,2622.098,2625.97,6.8708,0.424
2024-12-02 07:00:00,2625.965,2633.69,2625.31,2629.95,7.8996,0.402
2024-12-02 08:00:00,2629.945,2632.87,2626.665,2629.57,7.6567,0.389
2024-12-02 09:00:00,2629.51,2636.915,2628.625,2633.67,7.4094,0.364
2024-12-02 10:00:00,2633.654,2637.735,2633.335,2635.91,3.936,0.398
2024-12-02 11:00:00,2635.905,2646.37,2635.795,2641.87,6.255,0.394
2024-12-02 12:00:00,2641.86,2645.2,2639.185,2641.09,5.0722,0.394
2024-12-02 13:00:00,2641.105,2648.85,2637.082,2647.044,13.3495,0.379
2024-12-02 14:00:00,2647.024,2651.832,2642.6,2645.91,12.6591,0.383
2024-12-02 15:00:00,2645.748,2649.438,2640.334,2642.38,13.9205,0.387
2024-12-02 16:00:00,2642.39,2644.455,2638.664,2641.42,7.1032,0.38
2024-12-02 17:00:00,2641.45,2641.928,2637.425,2638.895,3.5013,0.392
2024-12-02 18:00:00,2638.825,2638.975,2633.61,2637.13,5.8665,0.389
2024-12-02 19:00:00,2637.128,2640.29,2636.67,2637.7,4.094,0.373
2024-12-02 20:00:00,2637.67,2644.285,2635.345,2637.185,5.2485,0.365
2024-12-02 21:00:00,2637.17,2639.245,2636.62,2639.01,1.3024,0.398
2024-12-02 23:00:00,2639.3,2643.01,2638.578,2642.305,1.1906,0.478
2024-12-03 00:00:00,2642.34,2644.385,2640.62,2641.18,2.2869,0.409
2024-12-03 01:00:00,2641.195,2645.365,2634.158,2636.64,9.9437,0.42
2024-12-03 02:00:00,2636.61,2639.155,2634.535,2637.15,5.6414,0.413
2024-12-03 03:00:00,2637.12,2640.7,2636.34,2640.555,4.2318,0.397
2024-12-03 04:00:00,2640.545,2643.058,2638.43,2639.895,2.9802,0.414
2024-12-03 05:00:00,2639.884,2642.042,2637.2,2641.252,4.7394,0.407
2024-12-03 06:00:00,2641.272,2649.962,2641.272,2646.93,7.8394,0.405
2024-12-03 07:00:00,2646.94,2647.748,2644.482,2644.715,5.5438,0.375
2024-12-03 08:00:00,2644.695,2645.48,2639.31,2645.185,7.9621,0.373
2024-12-03 09:00:00,2645.194,2648.158,2643.985,2644.01,7.4784,0.386
2024-12-03 10:00:00,2644.06,2645.665,2642.6,2642.86,4.8273,0.391
2024-12-03 11:00:00,2642.855,2645.705,2642.785,2643.72,3.937,0.379
2024-12-03 12:00:00,2643.688,2644.305,2638.285,2639.9,5.2712,0.381
2024-12-03 13:00:00,2639.91,2653.766,2637.815,2652.942,12.9667,0.359
2024-12-03 14:00:00,2652.926,2655.666,2645.742,2646.66,15.841,0.389
2024-12-03 15:00:00,2646.706,2647.266,2635.278,2640.54,19.1793,0.421
2024-12-03 16:00:00,2640.525,2648.735,2639.008,2648.46,13.1148,0.415
2024-12-03 17:00:00,2648.465,2648.9,2643.51,2647.105,8.593,0.432
2024-12-03 18:00:00,2647.125,2649.205,2643.215,2645.825,6.6194,0.413
2024-12-03 19:00:00,2645.84,2646.365,2640.325,2641.065,6.061,0.401
2024-12-03 20:00:00,2641.076,2644.326,2640.765,2642.22,4.7773,0.398
2024-12-03 21:00:00,2642.225,2644.085,2642.02,2643.8,0.9295,0.445
2024-12-03 23:00:00,2643.565,2643.868,2641.168,2642.8,1.2611,0.436
2024-12-04 00:00:00,2642.805,2643.642,2639.748,2640.59,1.4211,0.416
2024-12-04 01:00:00,2640.544,2643.38,2637.764,2642.315,6.8495,0.409
2024-12-04 02:00:00,2642.292,2648.22,2642.026,2645.955,5.3646,0.382
2024-12-04 03:00:00,2645.967,2647.984,2643.225,2644.57,4.1355,0.407
2024-12-04 04:00:00,2644.56,2648.685,2643.846,2648.518,2.7347,0.412
2024-12-04 05:00:00,2648.458,2651.239,2647.592,2649.752,5.433,0.38
2024-12-04 06:00:00,2649.755,2651.475,2647.511,2649.32,5.1107,0.398
2024-12-04 07:00:00,2649.32,2649.415,2640.385,2641.524,5.8255,0.371
2024-12-04 08:00:00,2641.525,2642.255,2636.71,2641.372,5.3102,0.388
2024-12-04 09:00:00,2641.346,2642.84,2638.66,2640.976,5.1759,0.379
2024-12-04 10:00:00,2640.97,2644.62,2640.27,2644.47,5.0377,0.388
2024-12-04 11:00:00,2644.458,2647.77,2643.5,2646.275,5.084,0.386
2024-12-04 12:00:00,2646.28,2646.655,2636.324,2637.135,6.4224,0.379
2024-12-04 13:00:00,2637.018,2649.245,2632.47,2648.555,16.4412,0.386
2024-12-04 14:00:00,2648.525,2653.58,2645.23,2649.266,14.6747,0.413
2024-12-04 15:00:00,2649.337,2657.167,2648.834,2655.085,14.9966,0.398
2024-12-04 16:00:00,2655.074,2655.665,2647.069,2649.775,12.304,0.402
2024-12-04 17:00:00,2649.78,2653.075,2648.535,2651.455,7.8867,0.389
2024-12-04 18:00:00,2651.46,2653.025,2648.91,2649.092,8.4265,0.378
2024-12-04 19:00:00,2649.094,2655.514,2646.94,2651.735,9.0121,0.397
2024-12-04 20:00:00,2651.755,2651.98,2648.144,2650.12,5.2723,0.366
2024-12-04 21:00:00,2650.09,2651.265,2648.945,2649.98,1.0483,0.462
2024-12-04 23:00:00,2649.99,2651.636,2648.737,2650.422,1.4754,0.482
2024-12-05 00:00:00,2650.446,2650.471,2647.795,2648.445,2.171,0.413
2024-12-05 01:00:00,2648.455,2650.82,2646.3,2647.105,6.5696,0.412
2024-12-05 02:00:00,2647.115,2649.795,2645.335,2646.605,4.3605,0.404
2024-12-05 03:00:00,2646.596,2649.382,2644.766,2648.935,3.8878,0.39
2024-12-05 04:00:00,2648.925,2649.68,2645.805,2646.364,2.2401,0.423
2024-12-05 05:00:00,2646.35,2655.638,2645.6,2653.215,5.7342,0.436
2024-12-05 06:00:00,2653.18,2654.195,2646.68,2646.97,6.5696,0.434
2024-12-05 07:00:00,2646.97,2650.952,2645.435,2648.785,5.8765,0.394
2024-12-05 08:00:00,2648.765,2650.265,2642.075,2643.235,5.9761,0.395
2024-12-05 09:00:00,2643.225,2646.225,2641.954,2644.854,5.9826,0.432
2024-12-05 10:00:00,2644.83,2650.415,2644.748,2648.845,4.7016,0.415
2024-12-05 11:00:00,2648.845,2652.74,2648.225,2651.445,3.9857,0.378
2024-12-05 12:00:00,2651.466,2653.445,2647.634,2653.335,6.2092,0.407
2024-12-05 13:00:00,2653.345,2654.582,2644.37,2648.995,11.5109,0.392
2024-12-05 14:00:00,2649.01,2650.31,2639.668,2640.458,13.6705,0.384
2024-12-05 15:00:00,2640.468,2642.029,2632.008,2640.335,13.8269,0.321
2024-12-05 16:00:00,2640.32,2643.45,2632.996,2635.24,8.0841,0.357
2024-12-05 17:00:00,2635.26,2635.975,2623.794,2628.085,8.586,0.373
2024-12-05 18:00:00,2628.095,2629.714,2623.59,2629.645,5.4456,0.373
2024-12-05 19:00:00,2629.65,2631.795,2628.715,2629.9,4.2675,0.334
2024-12-05 20:00:00,2629.865,2631.865,2628.09,2631.375,3.6681,0.303
2024-12-05 21:00:00,2631.412,2632.53,2631.09,2632.01,0.8284,0.415
2024-12-05 23:00:00,2632.3,2633.93,2631.54,2633.85,1.2447,0.458
2024-12-06 00:00:00,2633.855,2633.87,2628.234,2628.55,2.9299,0.382
2024-12-06 01:00:00,2628.56,2630.645,2613.116,2617.645,11.1921,0.4
2024-12-06 02:00:00,2617.64,2625.555,2616.995,2625.385,5.9017,0.429
2024-12-06 03:00:00,2625.39,2642.615,2625.025,2640.9,7.0312,0.407
2024-12-06 04:00:00,2640.89,2644.625,2640.264,2642.25,4.2341,0.383
2024-12-06 05:00:00,2642.24,2642.645,2635.385,2637.995,5.9886,0.355
2024-12-06 06:00:00,2637.985,2642.312,2636.36,2639.45,5.2678,0.415
2024-12-06 07:00:00,2639.455,2640.245,2636.07,2639.826,4.4855,0.398
2024-12-06 08:00:00,2639.8,2645.25,2637.838,2644.254,5.9667,0.409
2024-12-06 09:00:00,2644.265,2645.758,2639.82,2640.833,4.8677,0.424
2024-12-06 10:00:00,2640.844,2640.956,2633.598,2634.185,4.6794,0.426
2024-12-06 11:00:00,2634.174,2639.39,2632.474,2638.52,3.3458,0.435
2024-12-06 12:00:00,2638.505,2641.565,2635.83,2638.63,4.6964,0.43
2024-12-06 13:00:00,2638.625,2643.606,2631.367,2635.8,14.8631,0.45
2024-12-06 14:00:00,2635.82,2638.936,2624.054,2635.79,14.5403,0.423
2024-12-06 15:00:00,2635.779,2640.635,2632.625,2637.64,12.1294,0.407
2024-12-06 16:00:00,2637.665,2641.7,2635.59,2640.505,8.1922,0.419
2024-12-06 17:00:00,2640.56,2640.725,2634.25,2635.015,6.1261,0.424
2024-12-06 18:00:00,2634.995,2639.035,2634.2,2637.25,4.4051,0.405
2024-12-06 19:00:00,2637.334,2637.48,2633.069,2634.87,2.8507,0.397
2024-12-06 20:00:00,2634.88,2636.45,2631.558,2631.905,1.9535,0.399
2024-12-06 21:00:00,2631.888,2633.895,2631.154,2633.395,0.9563,0.448
2024-12-08 23:00:00,2647.062,2648.41,2636.366,2640.12,4.3673,0.416
2024-12-09 00:00:00,2640.115,2640.115,2627.615,2631.045,4.6378,0.394
2024-12-09 01:00:00,2631.05,2650.68,2630.995,2646.815,12.4318,0.348
2024-12-09 02:00:00,2646.806,2648.725,2641.01,2646.095,7.4695,0.3
2024-12-09 03:00:00,2646.094,2646.66,2638.351,2638.894,6.1681,0.361
2024-12-09 04:00:00,2638.895,2639.395,2634.72,2636.055,4.3002,0.424
2024-12-09 05:00:00,2636.06,2640.455,2635.952,2638.395,4.0205,0.425
2024-12-09 06:00:00,2638.415,2644.546,2638.21,2643.905,4.8428,0.428
2024-12-09 07:00:00,2643.9,2651.285,2643.11,2650.585,6.3503,0.381
2024-12-09 08:00:00,2650.595,2651.145,2646.085,2649.425,7.2191,0.371
2024-12-09 09:00:00,2649.425,2657.48,2648.85,2655.67,5.2598,0.379
2024-12-09 10:00:00,2655.695,2658.445,2653.524,2657.575,6.4594,0.388
2024-12-09 11:00:00,2657.64,2660.495,2653.48,2656.305,6.8782,0.338
2024-12-09 12:00:00,2656.29,2658.337,2653.375,2656.295,5.9477,0.382
2024-12-09 13:00:00,2656.29,2666.405,2654.75,2665.59,12.7238,0.382
2024-12-09 14:00:00,2665.635,2675.37,2662.69,2674.235,14.1046,0.405
2024-12-09 15:00:00,2674.24,2676.47,2666.714,2668.396,13.9504,0.418
2024-12-09 16:00:00,2668.38,2670.63,2665.68,2667.644,8.8201,0.384
2024-12-09 17:00:00,2667.74,2669.46,2663.75,2664.574,3.991,0.415
2024-12-09 18:00:00,2664.61,2664.775,2661.728,2663.078,5.5678,0.369
2024-12-09 19:00:00,2663.095,2663.33,2658.97,2660.275,3.7919,0.397
2024-12-09 20:00:00,2660.26,2660.356,2656.838,2657.948,4.4279,0.332
2024-12-09 21:00:00,2657.95,2660.97,2657.884,2660.0,1.2432,0.303
2024-12-09 23:00:00,2661.2,2661.684,2659.675,2660.615,1.0825,0.426
2024-12-10 00:00:00,2660.605,2665.61,2658.035,2665.06,2.4091,0.423
2024-12-10 01:00:00,2665.07,2668.72,2660.649,2667.505,6.7913,0.406
2024-12-10 02:00:00,2667.52,2671.51,2666.194,2669.058,6.3884,0.414
2024-12-10 03:00:00,2669.05,2671.775,2665.47,2670.01,6.5493,0.368
2024-12-10 04:00:00,2670.036,2673.855,2669.735,2670.35,2.8147,0.417
2024-12-10 05:00:00,2670.414,2671.7,2668.296,2668.862,3.9446,0.406
2024-12-10 06:00:00,2668.85,2670.95,2665.79,2670.075,4.5178,0.394
2024-12-10 07:00:00,2670.075,2670.866,2663.714,2664.677,5.6074,0.385
2024-12-10 08:00:00,2664.685,2665.685,2661.26,2663.29,7.7142,0.38
2024-12-10 09:00:00,2663.3,2667.074,2661.705,2665.11,3.7728,0.404
2024-12-10 10:00:00,2665.13,2676.825,2664.476,2675.628,5.2202,0.374
2024-12-10 11:00:00,2675.638,2675.645,2669.83,2674.638,6.2666,0.393
2024-12-10 12:00:00,2674.649,2679.835,2672.946,2677.814,7.6873,0.386
2024-12-10 13:00:00,2677.88,2682.032,2672.355,2680.462,10.5149,0.385
2024-12-10 14:00:00,2680.47,2691.84,2679.556,2688.846,14.2435,0.406
2024-12-10 15:00:00,2688.754,2690.486,2684.604,2687.45,8.3616,0.481
2024-12-10 16:00:00,2687.484,2692.634,2684.73,2692.4,8.137,0.495
2024-12-10 17:00:00,2692.415,2695.587,2690.55,2694.374,4.3628,0.42
2024-12-10 18:00:00,2694.37,2695.295,2691.986,2692.455,6.2251,0.398
2024-12-10 19:00:00,2692.485,2694.61,2691.19,2692.036,3.6553,0.472
2024-12-10 20:00:00,2692.062,2693.21,2691.0,2691.83,4.4376,0.424
2024-12-10 21:00:00,2691.825,2694.532,2691.684,2694.02,1.1794,0.413
2024-12-10 23:00:00,2694.4,2698.47,2693.384,2696.092,2.5022,0.529
2024-12-11 00:00:00,2696.1,2701.986,2693.525,2701.104,4.9276,0.469
2024-12-11 01:00:00,2701.098,2703.79,2696.73,2700.064,9.987,0.486
2024-12-11 02:00:00,2700.06,2704.382,2698.345,2699.254,7.6044,0.504
2024-12-11 03:00:00,2699.22,2702.365,2693.395,2695.63,6.8645,0.694
2024-12-11 04:00:00,2695.584,2696.409,2682.492,2684.905,5.9824,1.345
2024-12-11 05:00:00,2684.826,2693.279,2675.346,2688.388,5.836,2.345
2024-12-11 06:00:00,2688.388,2698.195,2686.986,2696.54,5.9735,1.636
2024-12-11 07:00:00,2696.63,2696.704,2687.786,2690.164,7.2697,0.947
2024-12-11 08:00:00,2690.154,2696.199,2688.21,2691.145,9.5029,0.675
2024-12-11 09:00:00,2691.16,2696.015,2686.138,2695.747,10.6866,0.729
2024-12-11 10:00:00,2695.68,2699.792,2692.418,2694.6,9.0416,0.639
2024-12-11 11:00:00,2694.56,2697.758,2692.73,2696.71,8.3558,0.632
2024-12-11 12:00:00,2696.72,2697.643,2693.89,2695.815,9.1254,0.617
2024-12-11 13:00:00,2695.87,2702.196,2690.618,2701.125,13.9478,0.686
2024-12-11 14:00:00,2701.145,2707.03,2696.668,2706.32,16.9818,0.524
2024-12-11 15:00:00,2706.344,2716.08,2705.572,2713.23,20.0756,0.571
2024-12-11 16:00:00,2713.254,2718.604,2711.235,2715.36,17.1403,0.488
2024-12-11 17:00:00,2715.35,2720.034,2714.155,2718.275,12.2597,0.565
2024-12-11 18:00:00,2718.24,2721.29,2713.918,2714.295,9.828,0.568
2024-12-11 19:00:00,2714.258,2719.916,2713.388,2718.16,10.2524,0.464
2024-12-11 20:00:00,2718.155,2720.18,2716.165,2717.285,7.1857,0.446
2024-12-11 21:00:00,2717.26,2718.94,2716.105,2718.195,0.8984,0.572
2024-12-11 23:00:00,2717.905,2720.44,2717.035,2720.16,2.0042,0.837
2024-12-12 00:00:00,2719.36,2724.006,2719.35,2723.9,2.6326,0.576
2024-12-12 01:00:00,2725.145,2725.93,2699.625,2711.195,9.9807,0.802
2024-12-12 02:00:00,2711.215,2711.715,2703.754,2705.96,5.17,0.654
2024-12-12 03:00:00,2705.995,2711.56,2705.25,2710.66,4.8546,0.659
2024-12-12 04:00:00,2710.636,2715.822,2709.761,2712.79,4.0808,0.788
2024-12-12 05:00:00,2712.83,2716.69,2711.59,2713.554,4.3357,0.822
2024-12-12 06:00:00,2713.6,2718.775,2710.122,2718.696,5.6058,0.741
2024-12-12 07:00:00,2718.706,2720.591,2715.252,2716.29,8.0036,0.635
2024-12-12 08:00:00,2716.25,2719.65,2714.975,2718.045,9.8105,0.785
2024-12-12 09:00:00,2718.125,2718.935,2714.188,2714.93,8.6585,0.738
2024-12-12 10:00:00,2714.9,2715.8,2709.772,2711.505,8.8304,0.694
2024-12-12 11:00:00,2711.5,2713.585,2707.46,2711.02,10.0774,0.667
2024-12-12 12:00:00,2711.01,2712.544,2706.02,2706.844,8.1103,0.623
2024-12-12 13:00:00,2706.845,2712.235,2697.343,2697.614,15.6868,0.682
2024-12-12 14:00:00,2697.641,2699.685,2680.97,2686.625,22.5804,0.515
2024-12-12 15:00:00,2686.59,2688.433,2675.203,2679.819,18.0136,0.535
2024-12-12 16:00:00,2679.795,2683.955,2677.338,2683.673,9.7899,0.529
2024-12-12 17:00:00,2683.596,2686.765,2681.448,2686.39,9.7024,0.593
2024-12-12 18:00:00,2686.475,2687.155,2682.924,2684.274,7.3911,0.532
2024-12-12 19:00:00,2684.279,2686.954,2682.6,2683.1,5.6464,0.48
2024-12-12 20:00:00,2683.05,2683.656,2679.468,2679.798,7.0994,0.44
2024-12-12 21:00:00,2679.775,2683.105,2679.76,2681.29,1.4068,0.481
2024-12-12 23:00:00,2680.74,2681.74,2679.94,2680.754,1.1278,0.568
2024-12-13 00:00:00,2680.784,2685.76,2678.92,2685.574,3.5578,0.487
2024-12-13 01:00:00,2685.588,2692.875,2685.464,2690.005,10.8579,0.535
2024-12-13 02:00:00,2690.015,2691.325,2684.344,2686.755,8.0536,0.531
2024-12-13 03:00:00,2686.735,2691.375,2686.155,2688.165,5.675,0.57
2024-12-13 04:00:00,2688.06,2688.675,2685.694,2687.5,4.5509,0.499
2024-12-13 05:00:00,2687.54,2689.56,2685.279,2688.435,6.0772,0.462
2024-12-13 06:00:00,2688.465,2690.63,2683.399,2689.675,7.7362,0.578
2024-12-13 07:00:00,2689.659,2690.225,2681.095,2683.258,7.2973,0.548
2024-12-13 08:00:00,2683.248,2684.89,2674.635,2675.134,8.6048,0.562
2024-12-13 09:00:00,2674.934,2677.135,2667.565,2669.096,8.7865,0.581
2024-12-13 10:00:00,2669.064,2670.286,2665.154,2666.762,5.7537,0.533
2024-12-13 11:00:00,2666.797,2669.536,2664.356,2664.99,5.1689,0.517
2024-12-13 12:00:00,2664.96,2672.862,2663.004,2672.594,6.7067,0.549
2024-12-13 13:00:00,2672.598,2673.004,2659.688,2662.227,12.1175,0.551
2024-12-13 14:00:00,2662.175,2664.105,2657.4,2660.246,11.2008,0.55
2024-12-13 15:00:00,2660.225,2662.77,2654.725,2660.004,13.2617,0.489
2024-12-13 16:00:00,2659.97,2664.686,2658.88,2662.205,8.4524,0.519
2024-12-13 17:00:00,2662.202,2662.43,2655.655,2656.33,5.6084,0.464
2024-12-13 18:00:00,2656.345,2657.136,2652.154,2654.295,5.9467,0.471
2024-12-13 19:00:00,2654.335,2655.366,2652.399,2652.975,7.0817,0.416
2024-12-13 20:00:00,2652.98,2653.505,2646.484,2647.948,4.3954,0.454
2024-12-13 21:00:00,2647.974,2650.065,2646.208,2648.355,1.9961,0.544
2024-12-15 23:00:00,2650.0,2653.123,2648.756,2651.574,1.9417,0.538
2024-12-16 00:00:00,2651.544,2651.825,2643.588,2647.28,3.9478,0.511
2024-12-16 01:00:00,2647.255,2655.706,2646.86,2653.525,8.1121,0.508
2024-12-16 02:00:00,2653.53,2654.814,2650.58,2651.96,5.8041,0.505
2024-12-16 03:00:00,2651.944,2655.672,2651.735,2653.826,5.5501,0.49
2024-12-16 04:00:00,2653.832,2654.58,2651.96,2652.836,3.4983,0.473
2024-12-16 05:00:00,2652.851,2653.58,2649.59,2652.92,6.9433,0.44
2024-12-16 06:00:00,2652.891,2654.9,2652.15,2653.74,5.9463,0.451
2024-12-16 07:00:00,2653.746,2655.97,2651.736,2653.816,5.6899,0.455
2024-12-16 08:00:00,2653.88,2662.102,2652.316,2658.054,8.0101,0.501
2024-12-16 09:00:00,2658.034,2660.178,2655.882,2658.164,5.2392,0.546
2024-12-16 10:00:00,2658.149,2661.226,2658.085,2658.902,4.9127,0.531
2024-12-16 11:00:00,2658.895,2664.23,2657.77,2663.63,5.8648,0.5
2024-12-16 12:00:00,2663.64,2664.476,2657.409,2660.1,5.873,0.512
2024-12-16 13:00:00,2660.1,2664.356,2658.904,2661.94,8.548,0.487
2024-12-16 14:00:00,2661.915,2663.08,2654.35,2654.916,10.5677,0.442
2024-12-16 15:00:00,2654.896,2657.025,2650.91,2654.394,10.3323,0.48
2024-12-16 16:00:00,2654.43,2655.866,2648.663,2652.235,5.5859,0.457
2024-12-16 17:00:00,2652.19,2655.478,2651.91,2652.138,3.3164,0.455
2024-12-16 18:00:00,2652.145,2655.681,2651.394,2655.39,3.391,0.491
2024-12-16 19:00:00,2655.404,2655.814,2652.199,2653.338,3.2904,0.461
2024-12-16 20:00:00,2653.36,2653.67,2651.958,2652.794,4.5033,0.439
2024-12-16 21:00:00,2652.86,2653.215,2651.574,2652.95,0.9792,0.444
2024-12-16 23:00:00,2652.6,2653.134,2651.7,2651.8,1.1031,0.533
2024-12-17 00:00:00,2651.804,2655.535,2651.235,2655.34,2.5537,0.475
2024-12-17 01:00:00,2655.345,2658.705,2654.404,2658.176,6.6146,0.456
2024-12-17 02:00:00,2657.936,2658.685,2653.986,2655.04,5.7241,0.461
2024-12-17 03:00:00,2655.02,2656.26,2651.328,2653.636,5.0347,0.413
2024-12-17 04:00:00,2653.65,2655.41,2650.952,2651.79,3.5389,0.441
2024-12-17 05:00:00,2651.835,2654.83,2649.254,2653.785,5.8663,0.442
2024-12-17 06:00:00,2653.81,2654.675,2646.544,2648.994,6.9814,0.453
2024-12-17 07:00:00,2648.998,2657.167,2648.294,2653.81,5.9852,0.48
2024-12-17 08:00:00,2653.815,2653.815,2641.583,2644.244,8.3227,0.42
2024-12-17 09:00:00,2644.265,2646.168,2638.178,2639.766,9.9168,0.466
2024-12-17 10:00:00,2639.74,2643.37,2638.199,2638.31,5.5848,0.551
2024-12-17 11:00:00,2638.319,2642.609,2636.26,2642.345,6.4249,0.479
2024-12-17 12:00:00,2642.315,2645.634,2640.8,2642.945,6.3738,0.506
2024-12-17 13:00:00,2642.94,2646.936,2634.757,2637.157,10.3801,0.517
2024-12-17 14:00:00,2637.156,2642.115,2633.098,2636.8,13.2319,0.526
2024-12-17 15:00:00,2636.782,2642.982,2636.093,2640.24,12.3603,0.51
2024-12-17 16:00:00,2640.235,2641.572,2636.725,2638.964,7.1278,0.504
2024-12-17 17:00:00,2638.95,2647.112,2637.932,2646.02,7.3376,0.474
2024-12-17 18:00:00,2646.034,2649.075,2645.004,2647.356,6.8883,0.394
2024-12-17 19:00:00,2647.354,2648.272,2645.214,2645.41,4.577,0.378
2024-12-17 20:00:00,2645.492,2646.895,2643.04,2643.53,5.3334,0.329
2024-12-17 21:00:00,2643.715,2646.5,2643.489,2646.185,1.0261,0.419
2024-12-17 23:00:00,2645.875,2647.746,2644.888,2647.492,0.9925,0.535
2024-12-18 00:00:00,2647.475,2650.454,2646.6,2650.21,2.662,0.514
2024-12-18 01:00:00,2650.145,2651.8,2648.128,2651.0,6.1144,0.523
2024-12-18 02:00:00,2650.995,2651.13,2646.97,2647.489,5.9388,0.481
2024-12-18 03:00:00,2647.475,2648.989,2645.272,2645.77,5.725,0.405
2024-12-18 04:00:00,2645.764,2645.98,2642.795,2645.17,4.7843,0.449
2024-12-18 05:00:00,2645.17,2649.587,2643.975,2647.51,5.4487,0.453
2024-12-18 06:00:00,2647.544,2648.01,2644.596,2646.775,5.7106,0.436
2024-12-18 07:00:00,2646.755,2647.43,2643.395,2644.75,5.7693,0.434
2024-12-18 08:00:00,2644.72,2649.725,2642.18,2648.01,7.3865,0.429
2024-12-18 09:00:00,2647.975,2649.322,2645.55,2646.925,4.6087,0.485
2024-12-18 10:00:00,2646.94,2649.5,2646.272,2648.485,4.0578,0.486
2024-12-18 11:00:00,2648.455,2649.542,2645.802,2646.215,4.8415,0.438
2024-12-18 12:00:00,2646.21,2647.84,2643.525,2644.045,4.8803,0.421
2024-12-18 13:00:00,2644.045,2647.615,2641.18,2644.034,10.0396,0.451
2024-12-18 14:00:00,2644.006,2644.917,2637.05,2638.105,13.0206,0.466
2024-12-18 15:00:00,2638.1,2638.46,2634.048,2638.288,17.3178,0.4
2024-12-18 16:00:00,2638.29,2639.645,2633.165,2634.855,21.0146,0.356
2024-12-18 17:00:00,2634.84,2640.11,2634.738,2636.1,16.4223,0.422
2024-12-18 18:00:00,2636.101,2639.065,2635.395,2636.67,7.0117,0.445
2024-12-18 19:00:00,2636.675,2637.302,2604.145,2604.62,20.189,0.453
2024-12-18 20:00:00,2604.636,2609.376,2587.246,2592.529,16.2882,0.466
2024-12-18 21:00:00,2592.935,2595.476,2583.742,2585.064,3.36,0.558
2024-12-18 23:00:00,2584.635,2592.384,2582.884,2588.272,2.8512,0.581
2024-12-19 00:00:00,2588.276,2597.244,2588.07,2595.306,4.8597,0.491
2024-12-19 01:00:00,2595.35,2618.195,2593.45,2612.01,9.304,0.516
2024-12-19 02:00:00,2611.85,2614.054,2606.33,2612.215,6.3625,0.538
2024-12-19 03:00:00,2612.184,2613.472,2607.738,2610.564,4.2284,0.519
2024-12-19 04:00:00,2610.565,2611.564,2607.006,2609.315,3.3159,0.506
2024-12-19 05:00:00,2609.3,2610.606,2606.65,2607.301,3.8085,0.503
2024-12-19 06:00:00,2607.296,2614.348,2603.4,2613.074,6.4653,0.489
2024-12-19 07:00:00,2613.09,2622.71,2611.96,2616.61,7.6264,0.506
2024-12-19 08:00:00,2616.625,2619.236,2613.305,2618.544,6.7904,0.494
2024-12-19 09:00:00,2618.524,2622.964,2618.52,2620.44,9.06,0.46
2024-12-19 10:00:00,2620.449,2626.545,2617.366,2619.56,7.9531,0.45
2024-12-19 11:00:00,2619.514,2622.004,2616.178,2616.818,5.4932,0.476
2024-12-19 12:00:00,2616.803,2616.845,2604.36,2606.32,10.0303,0.485
2024-12-19 13:00:00,2606.357,2606.377,2595.345,2596.415,14.6875,0.48
2024-12-19 14:00:00,2596.395,2600.885,2592.025,2592.486,15.4403,0.434
2024-12-19 15:00:00,2592.49,2596.01,2587.01,2588.508,15.3189,0.416
2024-12-19 16:00:00,2588.435,2596.747,2587.26,2591.874,11.9953,0.407
2024-12-19 17:00:00,2591.864,2594.335,2590.838,2592.736,9.54,0.391
2024-12-19 18:00:00,2592.77,2600.01,2591.958,2599.854,9.2076,0.397
2024-12-19 19:00:00,2599.833,2601.135,2596.814,2596.88,5.7612,0.446
2024-12-19 20:00:00,2596.875,2600.435,2596.538,2596.828,6.5133,0.424
2024-12-19 21:00:00,2596.89,2597.06,2593.252,2594.14,1.1088,0.446
2024-12-19 23:00:00,2594.38,2595.966,2592.412,2593.605,1.3205,0.532
2024-12-20 00:00:00,2593.595,2595.386,2590.57,2590.888,3.1669,0.474
2024-12-20 01:00:00,2590.9,2603.97,2589.69,2603.91,8.6872,0.409
2024-12-20 02:00:00,2603.905,2604.064,2595.645,2597.206,7.3907,0.496
2024-12-20 03:00:00,2597.195,2599.149,2595.825,2598.596,4.1779,0.483
2024-12-20 04:00:00,2598.606,2601.036,2597.514,2598.074,3.1022,0.493
2024-12-20 05:00:00,2598.07,2601.37,2596.585,2600.28,4.5401,0.5
2024-12-20 06:00:00,2600.286,2605.452,2598.998,2604.884,4.3211,0.482
2024-12-20 07:00:00,2604.885,2607.64,2602.43,2606.395,4.699,0.502
2024-12-20 08:00:00,2606.385,2607.812,2604.4,2605.568,6.8615,0.477
2024-12-20 09:00:00,2605.578,2606.74,2603.183,2605.072,6.8873,0.492
2024-12-20 10:00:00,2605.106,2607.06,2604.014,2604.17,5.8237,0.468
2024-12-20 11:00:00,2604.16,2604.826,2600.1,2603.735,7.9567,0.374
2024-12-20 12:00:00,2603.69,2606.278,2602.245,2603.615,5.7363,0.455
2024-12-20 13:00:00,2603.605,2614.176,2600.298,2609.615,12.7061,0.42
2024-12-20 14:00:00,2609.61,2618.455,2608.62,2616.795,13.7755,0.474
2024-12-20 15:00:00,2616.865,2631.23,2616.454,2630.38,14.6478,0.429
2024-12-20 16:00:00,2630.405,2631.886,2622.356,2625.237,10.7758,0.464
2024-12-20 17:00:00,2625.227,2627.58,2622.268,2625.658,7.5893,0.494
2024-12-20 18:00:00,2625.654,2627.432,2623.452,2626.146,6.8833,0.525
2024-12-20 19:00:00,2626.14,2629.4,2624.948,2627.989,6.1022,0.542
2024-12-20 20:00:00,2627.965,2628.125,2622.24,2622.815,4.6762,0.468
2024-12-20 21:00:00,2622.836,2624.138,2619.308,2623.36,1.5425,0.523
2024-12-22 23:00:00,2624.075,2624.885,2621.638,2624.432,1.5985,0.564
2024-12-23 00:00:00,2624.495,2625.302,2617.565,2621.705,3.5646,0.516
2024-12-23 01:00:00,2621.685,2624.19,2618.592,2620.93,6.7674,0.507
2024-12-23 02:00:00,2620.905,2627.529,2620.721,2625.998,4.4405,0.528
2024-12-23 03:00:00,2626.06,2627.04,2622.44,2624.13,3.8461,0.509
2024-12-23 04:00:00,2624.005,2626.505,2623.94,2625.594,2.2228,0.522
2024-12-23 05:00:00,2625.73,2629.335,2625.075,2626.76,4.0583,0.542
2024-12-23 06:00:00,2626.745,2633.074,2624.59,2631.67,4.3239,0.538
2024-12-23 07:00:00,2631.685,2633.35,2629.54,2630.365,5.1576,0.471
2024-12-23 08:00:00,2630.325,2632.185,2626.128,2630.005,6.48,0.458
2024-12-23 09:00:00,2630.015,2630.845,2626.146,2626.525,5.6098,0.449
2024-12-23 10:00:00,2626.52,2627.034,2618.888,2619.57,8.491,0.508
2024-12-23 11:00:00,2619.546,2620.164,2613.105,2616.338,6.2699,0.487
2024-12-23 12:00:00,2616.33,2618.77,2614.162,2615.12,6.7006,0.467
2024-12-23 13:00:00,2615.1,2619.948,2614.065,2617.43,8.5559,0.426
2024-12-23 14:00:00,2617.324,2619.925,2613.779,2615.788,10.1625,0.417
2024-12-23 15:00:00,2615.758,2616.681,2609.396,2609.846,10.9517,0.451
2024-12-23 16:00:00,2609.855,2616.23,2608.25,2615.995,9.3491,0.493
2024-12-23 17:00:00,2616.0,2616.593,2610.786,2611.325,6.8062,0.488
2024-12-23 18:00:00,2611.31,2612.872,2609.998,2610.551,6.0645,0.464
2024-12-23 19:00:00,2610.594,2612.656,2609.632,2611.101,5.5409,0.436
2024-12-23 20:00:00,2611.09,2612.622,2609.17,2610.97,4.3946,0.422
2024-12-23 21:00:00,2611.01,2613.855,2610.295,2612.515,0.586,0.531
2024-12-23 23:00:00,2613.547,2617.188,2613.274,2615.616,1.037,0.544
2024-12-24 00:00:00,2615.647,2617.394,2613.63,2616.765,1.7304,0.53
2024-12-24 01:00:00,2616.805,2618.076,2614.624,2617.582,4.7399,0.529
2024-12-24 02:00:00,2617.575,2620.024,2616.712,2616.94,4.6437,0.503
2024-12-24 03:00:00,2616.945,2618.89,2615.774,2618.89,3.3082,0.445
2024-12-24 04:00:00,2618.896,2620.547,2618.28,2620.22,2.3804,0.498
2024-12-24 05:00:00,2620.225,2621.49,2618.433,2619.398,3.3148,0.522
2024-12-24 06:00:00,2619.388,2619.968,2616.505,2619.118,3.8582,0.518
2024-12-24 07:00:00,2619.088,2621.46,2617.985,2618.42,3.5795,0.467
2024-12-24 08:00:00,2618.48,2619.838,2616.8,2617.368,3.0291,0.354
2024-12-24 09:00:00,2617.38,2618.395,2613.446,2613.649,3.7495,0.457
2024-12-24 10:00:00,2613.665,2617.978,2613.218,2615.644,3.4142,0.527
2024-12-24 11:00:00,2615.613,2616.298,2612.454,2615.188,2.8647,0.547
2024-12-24 12:00:00,2615.225,2616.375,2612.604,2613.905,2.7204,0.545
2024-12-24 13:00:00,2613.825,2614.875,2611.399,2614.345,7.1035,0.494
2024-12-24 14:00:00,2614.35,2617.345,2610.188,2610.965,7.6524,0.493
2024-12-24 15:00:00,2610.946,2613.595,2610.118,2611.788,7.4057,0.485
2024-12-24 16:00:00,2611.795,2617.888,2611.638,2616.086,5.3926,0.409
2024-12-24 17:00:00,2616.07,2619.476,2615.328,2617.065,6.6138,0.484
2024-12-24 18:00:00,2617.12,2617.926,2614.88,2616.775,1.3044,0.745
2024-12-25 23:00:00,2619.825,2620.208,2615.096,2618.635,1.1952,0.983
2024-12-26 00:00:00,2618.645,2622.9,2618.57,2621.73,2.2487,0.653
2024-12-26 01:00:00,2621.721,2628.148,2620.965,2626.754,5.7962,0.63
2024-12-26 02:00:00,2626.78,2627.945,2625.935,2627.735,3.4215,0.556
2024-12-26 03:00:00,2627.745,2628.958,2625.8,2626.996,3.5808,0.566
2024-12-26 04:00:00,2626.992,2629.32,2626.316,2627.342,2.4806,0.514
2024-12-26 05:00:00,2627.33,2628.424,2626.022,2626.524,3.4136,0.434
2024-12-26 06:00:00,2626.514,2627.399,2624.735,2626.22,2.337,0.548
2024-12-26 07:00:00,2626.215,2629.716,2623.694,2625.496,2.2851,0.538
2024-12-26 08:00:00,2625.546,2629.115,2625.16,2627.61,2.5562,0.506
2024-12-26 09:00:00,2627.614,2628.308,2626.032,2627.49,1.6756,0.497
2024-12-26 10:00:00,2627.444,2629.436,2626.825,2628.75,2.7442,0.478
2024-12-26 11:00:00,2628.745,2629.955,2627.875,2628.012,2.6301,0.521
2024-12-26 12:00:00,2627.992,2628.632,2624.7,2626.808,2.1442,0.483
2024-12-26 13:00:00,2626.8,2631.206,2621.81,2623.27,8.1887,0.54
2024-12-26 14:00:00,2623.26,2630.276,2622.648,2630.096,8.5417,0.556
2024-12-26 15:00:00,2630.092,2639.19,2629.19,2636.534,12.4651,0.479
2024-12-26 16:00:00,2636.612,2636.835,2631.544,2632.17,7.98,0.522
2024-12-26 17:00:00,2632.215,2632.29,2628.042,2629.404,6.107,0.53
2024-12-26 18:00:00,2629.454,2636.06,2629.354,2634.865,6.609,0.504
2024-12-26 19:00:00,2634.86,2635.935,2632.739,2635.035,5.1152,0.482
2024-12-26 20:00:00,2635.045,2636.345,2633.805,2634.405,5.2573,0.489
2024-12-26 21:00:00,2634.412,2634.664,2633.21,2633.345,0.7379,0.614
2024-12-26 23:00:00,2632.825,2634.535,2631.685,2632.656,1.1689,0.583
2024-12-27 00:00:00,2632.616,2634.092,2631.428,2631.504,1.4781,0.473
2024-12-27 01:00:00,2631.498,2633.965,2630.808,2632.333,5.1052,0.39
2024-12-27 02:00:00,2632.355,2633.775,2628.975,2632.968,3.7728,0.44
2024-12-27 03:00:00,2632.984,2635.627,2631.7,2633.885,3.3396,0.521
2024-12-27 04:00:00,2633.88,2634.109,2632.075,2633.654,1.9934,0.433
2024-12-27 05:00:00,2633.676,2634.36,2631.415,2631.458,2.1237,0.491
2024-12-27 06:00:00,2631.468,2637.064,2631.375,2634.732,3.9499,0.556
2024-12-27 07:00:00,2634.694,2638.405,2633.2,2633.715,3.6125,0.546
2024-12-27 08:00:00,2633.594,2633.594,2626.112,2626.252,5.0593,0.473
2024-12-27 09:00:00,2626.246,2627.754,2623.81,2624.09,3.7959,0.45
2024-12-27 10:00:00,2624.075,2628.13,2623.526,2626.745,3.6788,0.49
2024-12-27 11:00:00,2626.81,2628.978,2625.228,2628.77,4.1426,0.531
2024-12-27 12:00:00,2628.841,2631.649,2625.685,2626.306,5.0367,0.496
2024-12-27 13:00:00,2626.292,2627.43,2618.17,2618.85,9.3692,0.496
2024-12-27 14:00:00,2618.84,2619.417,2611.692,2615.768,10.0673,0.524
2024-12-27 15:00:00,2615.744,2619.567,2612.962,2618.195,11.5129,0.552
2024-12-27 16:00:00,2618.22,2619.896,2615.368,2618.055,5.8851,0.515
2024-12-27 17:00:00,2618.076,2618.415,2614.128,2615.955,4.1589,0.544
2024-12-27 18:00:00,2615.9,2620.267,2615.3,2618.676,2.7837,0.523
2024-12-27 19:00:00,2618.717,2621.485,2617.522,2620.78,3.4885,0.492
2024-12-27 20:00:00,2620.824,2620.9,2612.812,2615.534,3.2597,0.465
2024-12-27 21:00:00,2615.558,2621.822,2615.435,2621.502,1.0915,0.424
2024-12-29 23:00:00,2620.634,2626.345,2619.35,2624.1,1.4766,0.695
2024-12-30 00:00:00,2624.178,2625.487,2621.575,2622.63,1.4091,0.569
2024-12-30 01:00:00,2622.575,2626.806,2622.287,2624.32,4.2794,0.567
2024-12-30 02:00:00,2624.315,2625.514,2622.363,2624.0,2.5316,0.564
2024-12-30 03:00:00,2623.957,2628.18,2623.227,2626.556,3.2879,0.459
2024-12-30 04:00:00,2626.605,2626.605,2621.475,2622.27,2.6146,0.424
2024-12-30 05:00:00,2622.252,2624.308,2620.607,2623.817,3.3926,0.547
2024-12-30 06:00:00,2623.795,2624.784,2618.386,2619.246,4.398,0.542
2024-12-30 07:00:00,2619.2,2620.035,2615.885,2616.868,3.4291,0.538
2024-12-30 08:00:00,2616.895,2617.534,2609.388,2612.014,5.2896,0.545
2024-12-30 09:00:00,2612.005,2617.622,2611.325,2612.842,3.0972,0.573
2024-12-30 10:00:00,2612.835,2615.35,2610.628,2610.663,4.6129,0.552
2024-12-30 11:00:00,2610.678,2618.725,2609.265,2616.385,6.7099,0.548
2024-12-30 12:00:00,2616.35,2622.64,2615.71,2621.698,4.3552,0.663
2024-12-30 13:00:00,2621.688,2622.69,2606.655,2606.75,12.5845,0.513
2024-12-30 14:00:00,2606.722,2613.946,2605.514,2611.64,12.0747,0.453
2024-12-30 15:00:00,2611.64,2611.8,2599.635,2601.565,15.2762,0.535
2024-12-30 16:00:00,2601.545,2602.899,2596.128,2599.886,10.9617,0.507
2024-12-30 17:00:00,2599.916,2605.655,2599.916,2605.32,6.3877,0.503
2024-12-30 18:00:00,2605.31,2606.93,2603.575,2606.285,5.8973,0.542
2024-12-30 19:00:00,2606.325,2608.52,2603.755,2607.285,7.4039,0.465
2024-12-30 20:00:00,2607.29,2609.67,2606.51,2607.805,5.7619,0.496
2024-12-30 21:00:00,2607.836,2608.115,2605.623,2606.395,0.7088,0.534
2024-12-30 23:00:00,2605.9,2607.346,2603.836,2606.782,1.0643,0.583
2024-12-31 00:00:00,2606.739,2608.765,2605.125,2607.78,1.3733,0.537
2024-12-31 01:00:00,2607.82,2611.685,2606.75,2608.93,5.3247,0.534
2024-12-31 02:00:00,2608.9,2609.745,2606.925,2607.218,3.0246,0.485
2024-12-31 03:00:00,2607.208,2607.634,2603.52,2604.672,3.3441,0.525
2024-12-31 04:00:00,2604.686,2607.225,2604.334,2606.685,1.874,0.514
2024-12-31 05:00:00,2606.69,2608.202,2602.718,2604.495,2.9776,0.504
2024-12-31 06:00:00,2604.465,2608.658,2603.66,2607.885,5.2054,0.537
2024-12-31 07:00:00,2607.88,2614.21,2607.326,2613.804,4.144,0.506
2024-12-31 08:00:00,2613.833,2617.844,2612.89,2616.655,5.1475,0.515
2024-12-31 09:00:00,2616.634,2616.902,2613.07,2615.325,4.9926,0.418
2024-12-31 10:00:00,2615.355,2615.79,2610.925,2611.83,5.2488,0.469
2024-12-31 11:00:00,2611.838,2614.325,2609.808,2611.115,3.161,0.545
2024-12-31 12:00:00,2611.095,2612.825,2609.34,2611.195,3.4752,0.54
2024-12-31 13:00:00,2611.215,2616.248,2605.45,2613.375,8.6968,0.507
2024-12-31 14:00:00,2613.396,2617.95,2611.348,2613.833,8.8878,0.49
2024-12-31 15:00:00,2613.838,2626.785,2612.51,2625.85,10.7364,0.479
2024-12-31 16:00:00,2625.82,2627.178,2622.274,2625.38,8.8961,0.401
2024-12-31 17:00:00,2625.38,2627.573,2623.275,2624.315,4.9363,0.372
2024-12-31 18:00:00,2624.305,2627.235,2622.715,2624.895,5.2693,0.34
2024-12-31 19:00:00,2624.975,2627.295,2622.895,2623.835,4.1777,0.334
2024-12-31 20:00:00,2623.775,2625.035,2622.14,2623.333,3.369,0.452
2024-12-31 21:00:00,2623.255,2624.905,2623.05,2624.525,0.3515,0.541
2025-01-01 23:00:00,2625.845,2626.325,2621.785,2623.845,1.3087,0.592
2025-01-02 00:00:00,2623.904,2628.034,2622.752,2625.418,2.597,0.534
2025-01-02 01:00:00,2625.43,2634.475,2623.873,2633.0,8.1185,0.545
2025-01-02 02:00:00,2633.005,2636.592,2632.362,2634.786,5.3121,0.528
2025-01-02 03:00:00,2634.739,2635.431,2632.308,2633.692,3.8454,0.537
2025-01-02 04:00:00,2633.702,2634.216,2631.106,2633.975,2.7952,0.471
2025-01-02 05:00:00,2633.97,2636.46,2633.108,2634.054,3.7458,0.377
2025-01-02 06:00:00,2633.936,2635.475,2631.262,2634.194,6.047,0.443
2025-01-02 07:00:00,2634.185,2636.106,2633.006,2636.056,4.8272,0.476
2025-01-02 08:00:00,2636.0,2637.842,2631.205,2636.566,6.6059,0.499
2025-01-02 09:00:00,2636.585,2640.065,2636.098,2636.184,5.7454,0.528
2025-01-02 10:00:00,2636.195,2646.366,2632.778,2642.752,9.1671,0.49
2025-01-02 11:00:00,2642.766,2644.665,2640.344,2641.98,4.5948,0.502
2025-01-02 12:00:00,2642.003,2646.534,2640.386,2643.42,5.9178,0.498
2025-01-02 13:00:00,2643.4,2647.345,2636.09,2642.975,11.4725,0.481
2025-01-02 14:00:00,2642.97,2651.15,2640.394,2647.694,11.1584,0.487
2025-01-02 15:00:00,2647.553,2655.95,2645.23,2654.136,11.4644,0.461
2025-01-02 16:00:00,2654.114,2660.476,2650.024,2659.346,11.0744,0.413
2025-01-02 17:00:00,2659.344,2660.54,2652.586,2656.63,8.2316,0.434
2025-01-02 18:00:00,2656.62,2658.88,2653.864,2655.465,5.6729,0.4
2025-01-02 19:00:00,2655.49,2657.296,2653.872,2654.87,6.5866,0.485
2025-01-02 20:00:00,2654.835,2660.508,2654.255,2659.812,5.9032,0.446
2025-01-02 21:00:00,2659.805,2660.33,2656.65,2657.91,0.8749,0.468
2025-01-02 23:00:00,2657.635,2659.686,2657.272,2658.525,1.3168,0.52
2025-01-03 00:00:00,2658.486,2661.195,2658.476,2660.85,2.4221,0.447
2025-01-03 01:00:00,2660.87,2662.56,2656.8,2659.545,5.2936,0.481
2025-01-03 02:00:00,2659.53,2664.135,2656.24,2662.594,6.2979,0.473
2025-01-03 03:00:00,2662.596,2665.388,2661.354,2662.36,4.8486,0.495
2025-01-03 04:00:00,2662.335,2664.42,2661.83,2662.945,2.6738,0.528
2025-01-03 05:00:00,2662.97,2663.0,2656.106,2658.66,4.0674,0.498
2025-01-03 06:00:00,2658.675,2660.39,2656.805,2659.634,4.0257,0.54
2025-01-03 07:00:00,2659.628,2659.68,2651.946,2654.248,5.3488,0.5
2025-01-03 08:00:00,2654.244,2655.822,2649.975,2653.01,6.7767,0.469
2025-01-03 09:00:00,2653.005,2656.05,2652.87,2653.7,4.8248,0.455
2025-01-03 10:00:00,2653.63,2658.134,2653.122,2657.784,4.6425,0.422
2025-01-03 11:00:00,2657.74,2659.394,2656.36,2657.686,4.9054,0.462
2025-01-03 12:00:00,2657.68,2658.458,2654.844,2655.34,4.7867,0.531
2025-01-03 13:00:00,2655.345,2656.408,2643.604,2649.964,10.1675,0.495
2025-01-03 14:00:00,2649.956,2652.755,2645.195,2647.83,12.1973,0.516
2025-01-03 15:00:00,2647.214,2648.297,2641.04,2643.954,11.2097,0.514
2025-01-03 16:00:00,2643.905,2647.355,2639.188,2639.985,9.1602,0.486
2025-01-03 17:00:00,2639.99,2642.73,2639.213,2641.837,5.129,0.508
2025-01-03 18:00:00,2641.86,2642.425,2639.796,2641.98,8.0157,0.434
2025-01-03 19:00:00,2641.97,2643.05,2639.208,2639.516,4.6206,0.437
2025-01-03 20:00:00,2639.512,2640.174,2636.95,2638.326,2.7416,0.386
2025-01-03 21:00:00,2638.31,2640.84,2636.828,2640.225,0.9612,0.489
2025-01-05 23:00:00,2640.1,2642.518,2639.109,2641.101,1.6452,0.521
2025-01-06 00:00:00,2641.095,2643.405,2638.685,2643.31,2.5962,0.537
2025-01-06 01:00:00,2643.28,2647.46,2640.855,2641.415,6.8439,0.496
2025-01-06 02:00:00,2641.42,2645.41,2639.819,2644.58,4.8441,0.513
2025-01-06 03:00:00,2644.575,2645.422,2639.258,2640.28,4.3933,0.466
2025-01-06 04:00:00,2640.27,2640.82,2634.426,2635.554,3.7044,0.479
2025-01-06 05:00:00,2635.555,2636.308,2631.692,2633.975,4.8863,0.484
2025-01-06 06:00:00,2633.965,2635.417,2630.29,2631.62,5.6452,0.484
2025-01-06 07:00:00,2631.595,2633.784,2625.268,2626.945,5.6505,0.488
2025-01-06 08:00:00,2626.91,2632.663,2625.795,2631.628,5.8752,0.477
2025-01-06 09:00:00,2631.53,2635.796,2631.278,2632.859,4.4114,0.533
2025-01-06 10:00:00,2632.86,2635.135,2631.06,2633.846,3.0641,0.48
2025-01-06 11:00:00,2633.85,2649.53,2632.594,2645.73,11.924,0.526
2025-01-06 12:00:00,2645.739,2647.949,2642.084,2645.487,8.3196,0.549
2025-01-06 13:00:00,2645.42,2648.91,2621.908,2624.322,12.0655,0.541
2025-01-06 14:00:00,2624.356,2635.028,2614.696,2631.692,12.4633,0.574
2025-01-06 15:00:00,2631.69,2639.71,2629.586,2634.42,13.0224,0.508
2025-01-06 16:00:00,2634.486,2641.346,2632.588,2640.806,8.9617,0.464
2025-01-06 17:00:00,2640.875,2641.075,2634.295,2636.795,6.6318,0.438
2025-01-06 18:00:00,2636.81,2638.688,2633.83,2634.726,7.4921,0.402
2025-01-06 19:00:00,2634.735,2635.58,2632.995,2634.435,6.2907,0.482
2025-01-06 20:00:00,2634.434,2635.5,2633.194,2634.705,5.4776,0.393
2025-01-06 21:00:00,2634.705,2637.17,2634.705,2636.455,0.9276,0.451
2025-01-06 23:00:00,2636.525,2636.85,2633.64,2634.71,1.1398,0.572
2025-01-07 00:00:00,2634.756,2635.276,2633.024,2635.125,2.1067,0.485
2025-01-07 01:00:00,2635.105,2641.315,2634.9,2639.05,6.8317,0.482
2025-01-07 02:00:00,2639.04,2640.225,2637.005,2638.686,4.5747,0.474
2025-01-07 03:00:00,2638.696,2640.33,2637.64,2639.606,2.5061,0.458
2025-01-07 04:00:00,2639.612,2639.875,2637.38,2638.333,2.6182,0.478
2025-01-07 05:00:00,2638.33,2645.828,2637.11,2644.554,4.9807,0.56
2025-01-07 06:00:00,2644.62,2646.772,2639.917,2640.378,5.6785,0.516
2025-01-07 07:00:00,2640.375,2642.202,2638.14,2640.566,5.06,0.488
2025-01-07 08:00:00,2640.562,2644.845,2640.145,2642.705,5.8381,0.453
2025-01-07 09:00:00,2642.635,2644.25,2640.214,2641.455,4.8446,0.45
2025-01-07 10:00:00,2641.44,2644.8,2641.372,2643.95,4.3641,0.458
2025-01-07 11:00:00,2643.95,2648.746,2642.09,2648.516,4.6974,0.481
2025-01-07 12:00:00,2648.487,2652.804,2647.493,2651.674,5.4726,0.519
2025-01-07 13:00:00,2651.664,2664.346,2650.035,2662.566,12.8778,0.423
2025-01-07 14:00:00,2662.582,2663.125,2655.81,2658.526,12.0188,0.516
2025-01-07 15:00:00,2658.544,2658.544,2642.218,2647.79,13.848,0.481
2025-01-07 16:00:00,2647.78,2655.702,2646.438,2651.908,9.1111,0.545
2025-01-07 17:00:00,2651.905,2656.112,2650.328,2652.618,5.799,0.534
2025-01-07 18:00:00,2652.598,2652.724,2647.355,2649.22,6.2986,0.457
2025-01-07 19:00:00,2649.23,2650.435,2646.996,2649.325,7.5014,0.392
2025-01-07 20:00:00,2649.324,2651.518,2647.24,2650.422,6.7629,0.521
2025-01-07 21:00:00,2650.44,2650.54,2647.875,2648.73,0.7949,0.53
2025-01-07 23:00:00,2648.775,2650.28,2648.188,2649.85,1.1292,0.666
2025-01-08 00:00:00,2649.705,2651.664,2648.708,2650.644,2.1803,0.528
2025-01-08 01:00:00,2650.68,2650.954,2647.235,2648.88,7.0943,0.527
2025-01-08 02:00:00,2648.854,2650.45,2646.005,2648.965,4.324,0.52
2025-01-08 03:00:00,2648.88,2648.934,2645.7,2646.865,3.727,0.526
2025-01-08 04:00:00,2646.845,2648.794,2645.36,2647.106,2.8325,0.513
2025-01-08 05:00:00,2647.116,2650.816,2646.775,2650.14,4.0426,0.492
2025-01-08 06:00:00,2650.116,2653.14,2649.022,2652.29,4.4512,0.491
2025-01-08 07:00:00,2652.294,2654.475,2651.75,2652.672,4.7922,0.445
2025-01-08 08:00:00,2652.692,2653.915,2649.625,2652.042,6.825,0.438
2025-01-08 09:00:00,2652.0,2655.07,2651.824,2653.58,5.9452,0.456
2025-01-08 10:00:00,2653.585,2655.131,2652.766,2653.276,4.4757,0.407
2025-01-08 11:00:00,2653.14,2653.242,2647.68,2650.906,7.6851,0.505
2025-01-08 12:00:00,2650.91,2652.555,2645.9,2652.092,7.9831,0.524
2025-01-08 13:00:00,2652.032,2660.314,2651.688,2660.255,12.4076,0.523
2025-01-08 14:00:00,2660.245,2667.745,2660.08,2661.493,14.5325,0.521
2025-01-08 15:00:00,2661.514,2667.822,2659.45,2665.917,11.4762,0.513
2025-01-08 16:00:00,2665.932,2670.024,2662.658,2669.652,7.2628,0.48
2025-01-08 17:00:00,2669.667,2669.844,2649.435,2655.715,9.5054,0.449
2025-01-08 18:00:00,2655.72,2659.279,2651.642,2653.184,6.9364,0.581
2025-01-08 19:00:00,2653.195,2660.634,2652.609,2658.38,8.2928,0.519
2025-01-08 20:00:00,2658.365,2664.124,2658.365,2663.536,6.3808,0.428
2025-01-08 21:00:00,2663.48,2664.199,2661.005,2661.815,1.4408,0.601
2025-01-08 23:00:00,2661.76,2663.351,2661.542,2662.72,0.8976,0.544
2025-01-09 00:00:00,2662.715,2662.962,2659.618,2660.055,2.0505,0.533
2025-01-09 01:00:00,2660.06,2661.495,2657.465,2658.746,5.369,0.538
2025-01-09 02:00:00,2658.756,2660.26,2656.378,2658.785,4.4245,0.54
2025-01-09 03:00:00,2658.8,2662.258,2658.554,2659.485,3.9158,0.543
2025-01-09 04:00:00,2659.44,2659.845,2655.555,2659.114,3.137,0.521
2025-01-09 05:00:00,2659.098,2661.07,2657.714,2658.44,4.2146,0.521
2025-01-09 06:00:00,2658.435,2667.011,2658.417,2666.83,5.93,0.404
2025-01-09 07:00:00,2666.82,2666.87,2662.274,2662.386,3.8693,0.5
2025-01-09 08:00:00,2662.35,2666.96,2660.502,2664.4,8.0653,0.514
2025-01-09 09:00:00,2664.504,2666.704,2662.322,2665.11,6.0793,0.561
2025-01-09 10:00:00,2665.1,2668.663,2664.526,2667.514,4.5801,0.587
2025-01-09 11:00:00,2667.5,2673.364,2665.244,2670.228,6.5726,0.555
2025-01-09 12:00:00,2670.25,2675.236,2669.55,2674.094,5.1354,0.586
2025-01-09 13:00:00,2674.038,2678.574,2672.014,2672.72,11.5483,0.521
2025-01-09 14:00:00,2672.62,2675.82,2667.29,2672.544,8.9753,0.561
2025-01-09 15:00:00,2672.573,2675.45,2668.134,2668.377,8.2863,0.555
2025-01-09 16:00:00,2668.382,2671.06,2666.362,2667.635,5.2995,0.553
2025-01-09 17:00:00,2667.65,2668.712,2662.822,2666.011,5.1093,0.504
2025-01-09 18:00:00,2665.995,2672.634,2665.09,2671.444,4.6796,0.598
2025-01-09 19:00:00,2671.45,2671.9,2668.714,2670.244,5.5963,0.567
2025-01-09 20:00:00,2670.174,2670.9,2669.33,2669.754,4.1456,0.432
2025-01-09 21:00:00,2669.716,2671.525,2669.127,2670.37,0.6478,0.51
2025-01-09 23:00:00,2670.8,2671.656,2668.638,2670.05,0.8931,0.553
2025-01-10 00:00:00,2670.095,2671.37,2668.99,2670.64,2.7682,0.487
2025-01-10 01:00:00,2670.66,2672.01,2669.32,2671.1,5.1418,0.511
2025-01-10 02:00:00,2671.09,2674.835,2670.598,2673.53,4.1328,0.51
2025-01-10 03:00:00,2673.54,2674.875,2672.59,2673.758,2.6356,0.548
2025-01-10 04:00:00,2673.786,2674.12,2671.892,2671.95,2.6573,0.485
2025-01-10 05:00:00,2671.86,2675.98,2671.68,2675.1,4.5433,0.526
2025-01-10 06:00:00,2675.035,2678.586,2674.335,2678.26,4.6198,0.526
2025-01-10 07:00:00,2678.286,2678.795,2673.61,2676.26,5.3287,0.536
2025-01-10 08:00:00,2676.27,2680.572,2675.845,2680.045,8.0512,0.567
2025-01-10 09:00:00,2680.1,2682.49,2677.786,2678.534,7.446,0.652
2025-01-10 10:00:00,2678.54,2682.855,2678.312,2681.065,6.7212,0.691
2025-01-10 11:00:00,2681.055,2683.162,2680.368,2681.396,6.0691,0.587
2025-01-10 12:00:00,2681.324,2681.466,2674.851,2678.435,8.8925,0.657
2025-01-10 13:00:00,2678.436,2683.468,2663.92,2682.72,15.7785,0.822
2025-01-10 14:00:00,2682.76,2693.486,2680.841,2688.34,20.161,0.772
2025-01-10 15:00:00,2686.588,2698.07,2682.3,2692.67,20.8713,0.666
2025-01-10 16:00:00,2692.63,2697.22,2686.844,2696.333,16.1529,0.661
2025-01-10 17:00:00,2696.37,2698.107,2692.395,2696.102,11.9289,0.68
2025-01-10 18:00:00,2696.097,2697.252,2685.23,2687.351,10.5589,0.629
2025-01-10 19:00:00,2687.346,2687.845,2684.678,2685.894,8.9417,0.68
2025-01-10 20:00:00,2685.918,2691.065,2684.5,2690.805,5.0933,0.529
2025-01-10 21:00:00,2690.81,2693.812,2688.545,2690.45,1.5081,0.802
2025-01-12 23:00:00,2690.95,2691.272,2687.572,2691.256,1.9752,0.812
2025-01-13 00:00:00,2691.22,2693.49,2688.28,2689.73,2.2043,0.618
2025-01-13 01:00:00,2689.715,2690.02,2679.405,2685.77,10.5551,0.57
2025-01-13 02:00:00,2685.78,2690.627,2685.069,2688.66,6.1927,0.508
2025-01-13 03:00:00,2688.655,2688.748,2685.432,2688.09,4.7459,0.574
2025-01-13 04:00:00,2688.07,2690.96,2684.428,2685.995,4.3299,0.496
2025-01-13 05:00:00,2686.1,2687.095,2683.355,2687.045,5.3659,0.547
2025-01-13 06:00:00,2687.095,2691.465,2687.045,2689.927,5.0208,0.531
2025-01-13 07:00:00,2689.917,2690.52,2684.505,2685.222,5.6057,0.556
2025-01-13 08:00:00,2685.207,2689.812,2684.027,2687.216,9.2746,0.62
2025-01-13 09:00:00,2687.207,2688.545,2683.047,2684.835,9.406,0.642
2025-01-13 10:00:00,2684.815,2685.104,2677.414,2679.514,9.8925,0.56
2025-01-13 11:00:00,2679.55,2680.703,2675.504,2675.964,9.5567,0.634
2025-01-13 12:00:00,2675.94,2677.156,2664.43,2671.33,11.631,0.669
2025-01-13 13:00:00,2671.326,2672.43,2663.858,2669.28,14.4345,0.546
2025-01-13 14:00:00,2669.285,2674.353,2664.132,2671.88,12.4055,0.507
2025-01-13 15:00:00,2671.867,2672.984,2661.102,2661.732,11.959,0.517
2025-01-13 16:00:00,2661.712,2668.114,2660.84,2661.277,10.5356,0.514
2025-01-13 17:00:00,2661.292,2664.222,2659.345,2660.98,9.4972,0.553
2025-01-13 18:00:00,2660.985,2662.533,2657.675,2659.236,8.1373,0.525
2025-01-13 19:00:00,2659.312,2660.73,2656.82,2658.988,6.9719,0.487
2025-01-13 20:00:00,2659.013,2662.963,2658.893,2662.413,6.6849,0.335
2025-01-13 21:00:00,2662.373,2664.295,2660.965,2663.22,1.1097,0.47
2025-01-13 23:00:00,2663.339,2669.508,2662.696,2668.005,1.7252,0.598
2025-01-14 00:00:00,2668.0,2671.17,2666.387,2670.505,2.434,0.503
2025-01-14 01:00:00,2670.5,2672.245,2667.914,2670.813,7.3782,0.517
2025-01-14 02:00:00,2670.833,2672.315,2668.658,2670.61,4.7502,0.495
2025-01-14 03:00:00,2670.605,2672.378,2668.936,2669.88,4.5003,0.529
2025-01-14 04:00:00,2669.86,2674.125,2668.518,2673.67,2.8569,0.469
2025-01-14 05:00:00,2673.72,2675.424,2667.45,2668.555,4.8911,0.525
2025-01-14 06:00:00,2668.565,2669.68,2667.47,2669.125,3.9668,0.488
2025-01-14 07:00:00,2669.14,2670.978,2667.24,2669.255,2.9671,0.489
2025-01-14 08:00:00,2669.34,2674.495,2667.354,2671.134,5.4679,0.553
2025-01-14 09:00:00,2671.054,2671.683,2664.937,2667.375,6.0499,0.575
2025-01-14 10:00:00,2667.4,2668.928,2664.68,2666.74,4.9222,0.544
2025-01-14 11:00:00,2666.775,2669.913,2664.617,2669.338,4.8592,0.56
2025-01-14 12:00:00,2669.288,2671.704,2666.535,2668.464,5.6742,0.56
2025-01-14 13:00:00,2668.46,2674.492,2660.944,2662.992,11.5852,0.54
2025-01-14 14:00:00,2662.932,2666.104,2659.894,2665.268,14.052,0.498
2025-01-14 15:00:00,2665.293,2672.855,2665.205,2671.796,13.9669,0.501
2025-01-14 16:00:00,2671.787,2674.23,2669.899,2671.702,9.2292,0.57
2025-01-14 17:00:00,2671.645,2672.04,2668.08,2669.12,6.2233,0.555
2025-01-14 18:00:00,2669.13,2672.725,2666.77,2672.525,7.1149,0.502
2025-01-14 19:00:00,2672.51,2676.295,2671.932,2674.306,6.2855,0.51
2025-01-14 20:00:00,2674.277,2676.576,2671.92,2676.576,7.2237,0.478
2025-01-14 21:00:00,2676.502,2678.368,2675.892,2677.55,1.0508,0.518
2025-01-14 23:00:00,2677.97,2679.912,2674.05,2675.668,1.0202,0.564
2025-01-15 00:00:00,2675.688,2676.185,2672.675,2672.785,1.4127,0.449
2025-01-15 01:00:00,2672.81,2674.418,2669.983,2670.075,5.2068,0.415
2025-01-15 02:00:00,2670.1,2675.11,2669.493,2673.515,5.2161,0.479
2025-01-15 03:00:00,2673.515,2676.36,2672.346,2676.173,3.5818,0.485
2025-01-15 04:00:00,2676.155,2676.763,2674.2,2675.623,2.3978,0.481
2025-01-15 05:00:00,2675.643,2679.408,2674.583,2679.328,5.1091,0.463
2025-01-15 06:00:00,2679.333,2683.36,2679.2,2681.04,4.8722,0.477
2025-01-15 07:00:00,2681.017,2684.2,2680.15,2681.405,4.4346,0.481
2025-01-15 08:00:00,2681.445,2685.443,2681.265,2684.015,6.3232,0.496
2025-01-15 09:00:00,2683.98,2688.616,2682.975,2685.907,7.2154,0.449
2025-01-15 10:00:00,2685.925,2689.063,2684.822,2688.448,6.9907,0.453
2025-01-15 11:00:00,2688.563,2689.003,2685.244,2686.97,6.8176,0.435
2025-01-15 12:00:00,2686.96,2687.585,2684.175,2684.703,6.0846,0.477
2025-01-15 13:00:00,2684.69,2694.261,2682.214,2693.83,13.1419,0.566
2025-01-15 14:00:00,2693.835,2696.175,2678.198,2682.08,14.5149,0.566
2025-01-15 15:00:00,2682.07,2683.185,2676.725,2678.534,12.3679,0.534
2025-01-15 16:00:00,2678.54,2690.046,2676.985,2689.452,10.6628,0.537
2025-01-15 17:00:00,2689.528,2693.066,2688.527,2692.765,6.2652,0.419
2025-01-15 18:00:00,2692.75,2695.01,2691.117,2694.112,8.0373,0.499
2025-01-15 19:00:00,2694.116,2695.236,2692.597,2694.176,4.9223,0.485
2025-01-15 20:00:00,2694.132,2696.572,2693.297,2696.465,4.5947,0.371
2025-01-15 21:00:00,2696.47,2697.63,2694.007,2696.397,1.2969,0.541
2025-01-15 23:00:00,2697.95,2698.34,2694.685,2695.015,0.9302,0.605
2025-01-16 00:00:00,2695.045,2698.26,2692.872,2695.31,3.8626,0.524
2025-01-16 01:00:00,2695.345,2702.246,2694.48,2696.232,8.6309,0.533
2025-01-16 02:00:00,2696.266,2698.19,2695.305,2697.6,5.2375,0.516
2025-01-16 03:00:00,2697.58,2698.442,2695.704,2697.134,4.3452,0.435
2025-01-16 04:00:00,2697.126,2698.105,2696.764,2697.392,1.9463,0.516
2025-01-16 05:00:00,2697.386,2697.515,2693.88,2694.853,4.0385,0.449
2025-01-16 06:00:00,2694.854,2695.699,2689.98,2694.02,4.8303,0.502
2025-01-16 07:00:00,2694.01,2700.058,2693.585,2698.286,5.9092,0.493
2025-01-16 08:00:00,2698.362,2703.39,2697.17,2699.042,8.2158,0.531
2025-01-16 09:00:00,2699.032,2706.245,2697.512,2705.489,9.6819,0.461
2025-01-16 10:00:00,2705.508,2708.583,2704.83,2707.87,5.2894,0.554
2025-01-16 11:00:00,2707.885,2711.258,2706.116,2706.4,4.0928,0.467
2025-01-16 12:00:00,2706.337,2707.403,2700.292,2703.785,7.5047,0.632
2025-01-16 13:00:00,2703.78,2718.436,2701.302,2715.46,10.7826,0.597
2025-01-16 14:00:00,2715.445,2719.332,2712.93,2718.602,14.8893,0.55
2025-01-16 15:00:00,2718.582,2719.723,2712.702,2716.922,15.1051,0.603
2025-01-16 16:00:00,2716.931,2722.57,2716.717,2720.468,11.0604,0.601
2025-01-16 17:00:00,2720.503,2724.833,2719.567,2721.812,7.3294,0.566
2025-01-16 18:00:00,2721.851,2723.37,2714.81,2715.28,9.1058,0.494
2025-01-16 19:00:00,2715.28,2717.348,2714.74,2715.28,7.2617,0.462
2025-01-16 20:00:00,2715.29,2717.168,2714.493,2715.905,5.6376,0.352
2025-01-16 21:00:00,2715.865,2715.95,2712.625,2714.588,1.4465,0.729
2025-01-16 23:00:00,2715.008,2715.254,2712.455,2714.66,1.095,0.618
2025-01-17 00:00:00,2714.614,2716.17,2713.935,2714.767,2.7844,0.479
2025-01-17 01:00:00,2714.787,2714.852,2709.955,2714.808,5.7593,0.502
2025-01-17 02:00:00,2714.858,2717.18,2713.92,2715.968,4.5083,0.494
2025-01-17 03:00:00,2715.933,2717.493,2714.66,2715.49,4.5777,0.451
2025-01-17 04:00:00,2715.485,2716.638,2714.345,2714.79,2.8796,0.498
2025-01-17 05:00:00,2714.793,2715.618,2711.236,2711.643,5.3413,0.423
2025-01-17 06:00:00,2711.656,2713.295,2710.607,2712.813,5.0025,0.465
2025-01-17 07:00:00,2712.828,2714.767,2708.785,2710.67,5.6184,0.526
2025-01-17 08:00:00,2710.708,2712.973,2709.544,2711.793,5.0323,0.533
2025-01-17 09:00:00,2711.754,2712.1,2703.987,2705.188,6.2096,0.616
2025-01-17 10:00:00,2705.173,2706.276,2702.912,2704.058,5.8264,0.503
2025-01-17 11:00:00,2704.044,2708.815,2703.798,2708.182,5.8603,0.524
2025-01-17 12:00:00,2708.16,2711.84,2706.996,2711.02,7.4377,0.515
2025-01-17 13:00:00,2711.05,2712.215,2704.537,2705.067,9.3289,0.522
2025-01-17 14:00:00,2705.087,2712.655,2702.775,2711.873,9.3883,0.487
2025-01-17 15:00:00,2711.843,2715.215,2710.183,2714.375,6.4462,0.447
2025-01-17 16:00:00,2714.463,2717.405,2713.65,2716.155,6.2457,0.464
2025-01-17 17:00:00,2716.165,2716.515,2710.673,2712.678,4.8779,0.47
2025-01-17 18:00:00,2712.698,2713.42,2705.475,2705.683,6.6503,0.461
2025-01-17 19:00:00,2705.663,2707.325,2702.895,2703.255,6.2233,0.47
2025-01-17 20:00:00,2703.225,2704.293,2699.964,2701.01,4.7833,0.46
2025-01-17 21:00:00,2701.013,2703.518,2699.025,2703.248,1.1089,0.638
2025-01-19 23:00:00,2702.678,2703.28,2691.35,2696.49,2.8867,0.894
2025-01-20 00:00:00,2696.425,2696.515,2692.65,2694.625,2.1374,0.494
2025-01-20 01:00:00,2694.654,2695.988,2689.48,2693.928,7.523,0.517
2025-01-20 02:00:00,2693.958,2698.105,2693.808,2697.6,4.7626,0.534
2025-01-20 03:00:00,2697.613,2704.115,2697.57,2703.585,3.872,0.516
2025-01-20 04:00:00,2703.555,2706.54,2702.32,2706.025,3.0167,0.53
2025-01-20 05:00:00,2705.95,2707.685,2703.71,2707.393,4.2991,0.508
2025-01-20 06:00:00,2707.405,2713.88,2706.683,2711.815,4.8879,0.509
2025-01-20 07:00:00,2711.81,2712.005,2702.875,2703.66,3.5839,0.482
2025-01-20 08:00:00,2703.675,2708.168,2702.967,2707.073,3.4966,0.495
2025-01-20 09:00:00,2707.024,2709.03,2703.08,2706.225,3.3506,0.477
2025-01-20 10:00:00,2706.18,2709.988,2705.33,2708.415,3.8352,0.555
2025-01-20 11:00:00,2708.413,2712.633,2705.022,2708.4,5.085,0.609
2025-01-20 12:00:00,2708.425,2710.123,2706.12,2708.239,3.6179,0.515
2025-01-20 13:00:00,2708.234,2710.74,2702.076,2705.28,8.3077,0.622
2025-01-20 14:00:00,2705.265,2712.494,2705.14,2710.505,8.5685,0.624
2025-01-20 15:00:00,2710.513,2710.91,2705.18,2707.078,5.9854,0.848
2025-01-20 16:00:00,2707.028,2709.245,2703.344,2707.62,4.7014,0.835
2025-01-20 17:00:00,2707.605,2711.062,2704.47,2707.365,2.9625,1.004
2025-01-20 18:00:00,2707.395,2711.21,2705.455,2710.875,2.1764,0.932
2025-01-20 19:00:00,2710.89,2711.28,2707.202,2708.012,0.8413,1.179
2025-01-20 23:00:00,2707.05,2711.305,2706.605,2710.485,1.9043,0.794
2025-01-21 00:00:00,2710.472,2711.566,2702.895,2705.58,5.4207,0.508
2025-01-21 01:00:00,2705.6,2719.435,2703.28,2718.11,9.6406,0.532
2025-01-21 02:00:00,2718.082,2725.735,2717.915,2724.948,8.6815,0.516
2025-01-21 03:00:00,2724.968,2727.065,2721.202,2724.37,6.6417,0.477
2025-01-21 04:00:00,2724.39,2727.955,2723.056,2727.453,4.9015,0.442
2025-01-21 05:00:00,2727.473,2729.278,2725.384,2726.26,4.7136,0.534
2025-01-21 06:00:00,2726.23,2729.615,2723.855,2724.33,5.7294,0.574
2025-01-21 07:00:00,2724.3,2732.995,2722.7,2729.998,6.1781,0.694
2025-01-21 08:00:00,2729.978,2730.1,2721.542,2723.385,7.0408,0.584
2025-01-21 09:00:00,2723.37,2724.234,2717.865,2721.255,7.8036,0.621
2025-01-21 10:00:00,2721.24,2724.0,2718.95,2719.865,5.4929,0.564
2025-01-21 11:00:00,2719.8,2724.695,2716.604,2724.124,3.4149,0.49
2025-01-21 12:00:00,2724.114,2727.399,2721.895,2726.825,3.4854,0.492
2025-01-21 13:00:00,2726.764,2730.123,2724.663,2726.359,5.0949,0.486
2025-01-21 14:00:00,2726.388,2738.83,2725.454,2738.195,5.5073,0.49
2025-01-21 15:00:00,2738.19,2740.495,2734.634,2738.9,7.9701,0.49
2025-01-21 16:00:00,2738.875,2745.07,2737.815,2743.265,5.1134,0.465
2025-01-21 17:00:00,2743.285,2745.9,2740.0,2740.18,2.425,0.508
2025-01-21 18:00:00,2740.086,2746.096,2739.82,2744.625,2.1291,0.512
2025-01-21 19:00:00,2744.664,2745.555,2741.43,2742.825,1.9264,0.521
2025-01-21 20:00:00,2742.785,2743.372,2740.09,2742.555,3.2117,0.484
2025-01-21 21:00:00,2742.53,2746.185,2742.144,2744.62,0.6984,0.567
2025-01-21 23:00:00,2744.466,2745.452,2741.985,2744.326,2.8424,0.618
2025-01-22 00:00:00,2744.362,2749.275,2742.7,2748.295,2.4138,0.496
2025-01-22 01:00:00,2748.294,2750.105,2746.925,2748.13,6.721,0.502
2025-01-22 02:00:00,2748.065,2749.796,2746.346,2749.05,4.962,0.456
2025-01-22 03:00:00,2749.02,2751.13,2748.02,2750.402,4.3184,0.463
2025-01-22 04:00:00,2750.396,2753.01,2749.302,2752.181,2.8897,0.463
2025-01-22 05:00:00,2752.202,2758.724,2750.425,2758.145,5.7038,0.497
2025-01-22 06:00:00,2758.14,2758.26,2745.635,2746.92,9.016,0.473
2025-01-22 07:00:00,2746.935,2754.095,2746.605,2748.625,3.5849,0.552
2025-01-22 08:00:00,2748.635,2753.975,2746.885,2753.28,4.2169,0.496
2025-01-22 09:00:00,2753.26,2762.494,2752.93,2758.44,4.7438,0.564
2025-01-22 10:00:00,2758.45,2763.43,2758.362,2760.036,2.4941,0.52
2025-01-22 11:00:00,2760.156,2760.546,2756.406,2756.646,3.2619,0.614
2025-01-22 12:00:00,2756.652,2758.736,2751.765,2758.41,3.5878,0.544
2025-01-22 13:00:00,2758.482,2761.786,2751.055,2757.775,7.5642,0.466
2025-01-22 14:00:00,2757.76,2758.31,2750.417,2753.925,8.9231,0.477
2025-01-22 15:00:00,2753.982,2760.42,2750.482,2759.445,8.3157,0.457
2025-01-22 16:00:00,2759.475,2760.335,2755.95,2758.335,5.1222,0.464
2025-01-22 17:00:00,2758.395,2758.61,2755.964,2756.64,3.0357,0.504
2025-01-22 18:00:00,2756.638,2759.485,2755.0,2757.87,4.5627,0.497
2025-01-22 19:00:00,2757.918,2757.935,2755.09,2755.44,3.2144,0.484
2025-01-22 20:00:00,2755.38,2757.185,2754.925,2756.785,4.5119,0.458
2025-01-22 21:00:00,2756.765,2757.185,2754.915,2756.29,1.0119,0.464
2025-01-22 23:00:00,2756.19,2756.825,2753.89,2755.575,1.8727,0.927
2025-01-23 00:00:00,2755.475,2756.022,2753.26,2755.422,2.4116,0.458
2025-01-23 01:00:00,2755.442,2756.302,2750.656,2752.84,7.1223,0.47
2025-01-23 02:00:00,2752.816,2755.008,2752.1,2752.625,5.7295,0.47
2025-01-23 03:00:00,2752.655,2753.144,2749.585,2750.109,4.4976,0.477
2025-01-23 04:00:00,2750.094,2753.686,2749.925,2751.708,2.718,0.485
2025-01-23 05:00:00,2751.77,2753.574,2751.434,2751.99,5.8733,0.466
2025-01-23 06:00:00,2752.032,2755.645,2751.232,2753.286,6.009,0.44
2025-01-23 07:00:00,2753.296,2754.785,2751.797,2752.865,4.2876,0.455
2025-01-23 08:00:00,2752.895,2754.925,2752.054,2752.815,5.9626,0.444
2025-01-23 09:00:00,2752.865,2753.83,2741.036,2745.97,8.5612,0.446
2025-01-23 10:00:00,2745.965,2752.58,2745.325,2751.375,6.611,0.438
2025-01-23 11:00:00,2751.455,2754.471,2750.89,2751.885,4.6377,0.468
2025-01-23 12:00:00,2751.89,2753.44,2742.08,2744.89,6.778,0.469
2025-01-23 13:00:00,2744.88,2746.04,2735.895,2741.666,13.0246,0.493
2025-01-23 14:00:00,2741.708,2747.518,2740.44,2746.175,12.1033,0.457
2025-01-23 15:00:00,2746.16,2749.57,2742.114,2746.495,9.0271,0.439
2025-01-23 16:00:00,2746.452,2757.415,2744.245,2753.985,12.0382,0.472
2025-01-23 17:00:00,2753.905,2758.92,2752.395,2757.805,8.3436,0.534
2025-01-23 18:00:00,2757.815,2758.36,2755.235,2755.885,6.1855,0.475
2025-01-23 19:00:00,2755.88,2758.175,2753.882,2754.19,6.1817,0.529
2025-01-23 20:00:00,2754.165,2754.85,2751.36,2753.995,8.3264,0.545
2025-01-23 21:00:00,2753.955,2755.19,2752.195,2755.01,0.9466,0.61
2025-01-23 23:00:00,2754.565,2755.715,2753.62,2754.595,0.8403,0.575
2025-01-24 00:00:00,2754.604,2761.225,2754.325,2759.87,2.5795,0.495
2025-01-24 01:00:00,2759.86,2762.66,2758.656,2762.42,6.0511,0.505
2025-01-24 02:00:00,2762.43,2775.46,2762.415,2774.39,9.0748,0.54
2025-01-24 03:00:00,2774.34,2777.445,2771.002,2772.47,7.372,0.513
2025-01-24 04:00:00,2772.466,2775.145,2770.605,2772.095,5.0919,0.512
2025-01-24 05:00:00,2772.09,2776.72,2772.09,2775.29,5.7679,0.539
2025-01-24 06:00:00,2775.25,2778.385,2773.315,2773.93,6.979,0.528
2025-01-24 07:00:00,2773.945,2775.525,2772.072,2772.71,6.2764,0.428
2025-01-24 08:00:00,2772.734,2775.422,2770.105,2774.235,4.8863,0.508
2025-01-24 09:00:00,2774.2,2778.0,2771.015,2772.94,4.1099,0.556
2025-01-24 10:00:00,2772.925,2776.276,2771.66,2775.846,3.4857,0.498
2025-01-24 11:00:00,2775.837,2780.205,2774.175,2776.73,3.6472,0.492
2025-01-24 12:00:00,2776.75,2779.18,2776.24,2778.655,2.4846,0.508
2025-01-24 13:00:00,2778.622,2784.725,2777.932,2782.372,10.0953,0.459
2025-01-24 14:00:00,2782.37,2784.425,2773.845,2778.415,10.6206,0.512
2025-01-24 15:00:00,2778.45,2786.045,2775.585,2775.955,11.2364,0.456
2025-01-24 16:00:00,2775.936,2777.64,2769.956,2772.038,9.9748,0.46
2025-01-24 17:00:00,2771.97,2776.22,2770.61,2773.345,5.5567,0.485
2025-01-24 18:00:00,2773.356,2774.21,2771.415,2773.544,4.3482,0.428
2025-01-24 19:00:00,2773.554,2775.37,2771.37,2774.755,4.1318,0.398
2025-01-24 20:00:00,2774.77,2774.924,2770.81,2771.155,3.1684,0.455
2025-01-24 21:00:00,2771.125,2772.265,2770.453,2770.745,1.309,0.529
2025-01-26 23:00:00,2770.85,2771.25,2765.004,2767.58,2.6134,0.857
2025-01-27 00:00:00,2767.585,2771.1,2766.115,2769.695,3.6003,0.465
2025-01-27 01:00:00,2769.755,2772.7,2762.94,2763.04,7.2046,0.512
2025-01-27 02:00:00,2763.022,2763.655,2753.87,2756.325,7.1689,0.514
2025-01-27 03:00:00,2756.315,2762.69,2755.22,2761.15,4.5066,0.53
2025-01-27 04:00:00,2761.17,2761.17,2755.71,2758.225,3.165,0.537
2025-01-27 05:00:00,2758.08,2758.145,2752.9,2753.275,5.1211,0.503
2025-01-27 06:00:00,2753.235,2755.24,2750.83,2754.655,5.8107,0.519
2025-01-27 07:00:00,2754.65,2755.225,2747.315,2749.525,8.2522,0.46
2025-01-27 08:00:00,2749.475,2759.945,2749.395,2757.305,5.0273,0.47
2025-01-27 09:00:00,2757.29,2764.912,2755.705,2763.495,3.9082,0.506
2025-01-27 10:00:00,2763.48,2771.12,2762.884,2768.14,5.2079,0.509
2025-01-27 11:00:00,2768.075,2772.145,2765.135,2771.485,4.5049,0.538
2025-01-27 12:00:00,2771.448,2771.85,2760.54,2761.435,3.9227,0.519
2025-01-27 13:00:00,2761.41,2762.475,2752.428,2757.33,6.4705,0.489
2025-01-27 14:00:00,2757.332,2757.95,2745.149,2751.494,8.0487,0.518
2025-01-27 15:00:00,2751.504,2751.524,2739.545,2742.185,7.3673,0.515
2025-01-27 16:00:00,2742.135,2743.34,2733.305,2734.54,5.27,0.514
2025-01-27 17:00:00,2734.545,2737.115,2730.697,2733.82,3.9581,0.53
2025-01-27 18:00:00,2733.81,2737.99,2733.188,2737.09,2.211,0.522
2025-01-27 19:00:00,2737.045,2740.615,2736.85,2739.45,2.1641,0.53
2025-01-27 20:00:00,2739.47,2742.595,2738.175,2741.552,5.8217,0.46
2025-01-27 21:00:00,2741.552,2744.065,2740.365,2740.39,1.0678,0.473
2025-01-27 23:00:00,2740.21,2745.362,2739.605,2741.84,2.7537,0.562
2025-01-28 00:00:00,2741.83,2744.515,2739.915,2740.715,3.0144,0.53
2025-01-28 01:00:00,2740.786,2745.275,2739.56,2741.59,4.2272,0.51
2025-01-28 02:00:00,2741.575,2741.688,2738.508,2739.569,5.0009,0.497
2025-01-28 03:00:00,2739.545,2741.895,2737.915,2738.825,3.8617,0.477
2025-01-28 04:00:00,2738.822,2742.7,2738.482,2742.38,3.2232,0.445
2025-01-28 05:00:00,2742.544,2744.97,2741.264,2741.818,3.2833,0.501
2025-01-28 06:00:00,2741.755,2743.005,2739.132,2739.565,2.9497,0.467
2025-01-28 07:00:00,2739.606,2743.085,2738.385,2738.958,3.2909,0.461
2025-01-28 08:00:00,2738.998,2741.89,2734.916,2741.285,5.7549,0.447
2025-01-28 09:00:00,2741.355,2745.176,2740.555,2743.455,5.0975,0.473
2025-01-28 10:00:00,2743.435,2745.215,2741.104,2743.284,3.1104,0.49
2025-01-28 11:00:00,2743.29,2744.675,2741.635,2742.805,1.7654,0.479
2025-01-28 12:00:00,2742.775,2745.66,2741.235,2745.644,1.5006,0.475
2025-01-28 13:00:00,2745.658,2749.625,2745.215,2748.965,3.7286,0.499
2025-01-28 14:00:00,2749.15,2756.39,2748.996,2753.695,6.0962,0.467
2025-01-28 15:00:00,2753.695,2757.335,2751.17,2755.342,5.8687,0.47
2025-01-28 16:00:00,2755.346,2759.636,2755.25,2758.685,5.6784,0.462
2025-01-28 17:00:00,2758.69,2760.19,2757.595,2759.78,6.0094,0.522
2025-01-28 18:00:00,2759.8,2763.582,2759.21,2762.167,4.7386,0.499
2025-01-28 19:00:00,2762.146,2765.12,2761.319,2764.97,2.6679,0.509
2025-01-28 20:00:00,2764.87,2765.09,2762.385,2764.186,6.6821,0.441
2025-01-28 21:00:00,2764.116,2764.325,2762.955,2763.63,1.1765,0.4
2025-01-28 23:00:00,2763.4,2764.428,2762.435,2762.82,0.912,0.679
2025-01-29 00:00:00,2762.835,2764.885,2762.335,2764.09,1.6017,0.572
2025-01-29 01:00:00,2763.982,2766.245,2763.65,2763.825,4.6787,0.48
2025-01-29 02:00:00,2763.8,2765.76,2763.47,2764.325,3.1006,0.533
2025-01-29 03:00:00,2764.335,2764.64,2762.42,2762.82,3.7759,0.56
2025-01-29 04:00:00,2762.792,2764.48,2761.61,2762.54,3.2755,0.515
2025-01-29 05:00:00,2762.49,2763.175,2760.21,2760.825,1.3372,0.528
2025-01-29 06:00:00,2760.965,2762.264,2759.27,2759.285,3.89,0.466
2025-01-29 07:00:00,2759.285,2760.72,2757.515,2759.225,3.9154,0.439
2025-01-29 08:00:00,2759.215,2766.116,2759.215,2764.08,8.4381,0.388
2025-01-29 09:00:00,2764.155,2764.57,2760.49,2762.792,5.7475,0.449
2025-01-29 10:00:00,2762.78,2763.415,2757.112,2758.245,5.4312,0.509
2025-01-29 11:00:00,2758.265,2759.905,2757.52,2759.11,5.8944,0.396
2025-01-29 12:00:00,2759.11,2759.205,2755.585,2756.59,8.7368,0.372
2025-01-29 13:00:00,2756.605,2759.614,2752.318,2758.725,9.6485,0.49
2025-01-29 14:00:00,2758.75,2761.19,2756.62,2759.425,10.2686,0.48
2025-01-29 15:00:00,2759.515,2759.83,2748.467,2754.235,9.2683,0.486
2025-01-29 16:00:00,2754.245,2756.375,2748.45,2751.68,6.381,0.475
2025-01-29 17:00:00,2751.695,2754.62,2751.094,2753.024,6.4635,0.481
2025-01-29 18:00:00,2753.005,2753.985,2748.845,2751.736,7.6171,0.443
2025-01-29 19:00:00,2751.926,2757.776,2745.056,2755.235,11.0675,0.545
2025-01-29 20:00:00,2755.19,2759.13,2752.78,2754.965,7.8033,0.47
2025-01-29 21:00:00,2754.915,2759.9,2754.15,2759.46,2.1309,0.433
2025-01-29 23:00:00,2759.45,2760.72,2758.072,2760.305,1.3724,0.774
2025-01-30 00:00:00,2760.29,2762.59,2759.055,2762.132,2.1481,0.532
2025-01-30 01:00:00,2762.195,2762.195,2759.06,2760.26,4.2851,0.505
2025-01-30 02:00:00,2760.24,2761.552,2759.22,2760.45,4.9402,0.522
2025-01-30 03:00:00,2760.39,2762.515,2759.325,2761.82,4.2811,0.583
2025-01-30 04:00:00,2761.83,2763.466,2759.885,2760.435,3.9759,0.506
2025-01-30 05:00:00,2760.45,2761.26,2758.735,2760.68,3.3965,0.48
2025-01-30 06:00:00,2760.675,2766.486,2760.29,2765.526,4.0965,0.506
2025-01-30 07:00:00,2765.512,2769.576,2764.942,2769.155,5.3825,0.471
2025-01-30 08:00:00,2769.184,2776.7,2768.475,2776.32,6.3594,0.443
2025-01-30 09:00:00,2776.34,2776.56,2771.48,2774.35,6.39,0.504
2025-01-30 10:00:00,2774.245,2779.325,2773.85,2778.39,5.9632,0.426
2025-01-30 11:00:00,2778.4,2779.585,2777.186,2777.805,5.1424,0.386
2025-01-30 12:00:00,2777.81,2781.315,2776.29,2780.28,6.1207,0.388
2025-01-30 13:00:00,2780.215,2786.076,2778.52,2785.746,8.0699,0.52
2025-01-30 14:00:00,2785.775,2789.33,2780.199,2787.832,9.5337,0.556
2025-01-30 15:00:00,2787.95,2796.86,2786.61,2795.51,12.6128,0.49
2025-01-30 16:00:00,2795.53,2798.515,2790.315,2790.764,10.0427,0.573
2025-01-30 17:00:00,2790.754,2795.984,2788.795,2795.68,5.4306,0.53
2025-01-30 18:00:00,2795.68,2797.334,2792.205,2795.145,5.3559,0.522
2025-01-30 19:00:00,2795.1,2795.346,2790.832,2793.58,3.7709,0.581
2025-01-30 20:00:00,2793.568,2798.26,2792.385,2795.67,7.7492,0.492
2025-01-30 21:00:00,2795.615,2798.49,2790.751,2794.375,2.6559,1.37
2025-01-30 23:00:00,2794.096,2796.965,2792.672,2796.265,2.0677,1.181
2025-01-31 00:00:00,2796.246,2799.67,2794.558,2795.948,3.409,0.589
2025-01-31 01:00:00,2795.93,2796.77,2794.702,2796.445,5.0479,0.475
2025-01-31 02:00:00,2796.435,2798.265,2794.875,2796.35,5.1518,0.528
2025-01-31 03:00:00,2796.345,2798.325,2795.885,2796.46,4.6935,0.516
2025-01-31 04:00:00,2796.455,2796.53,2794.55,2796.025,3.6549,0.503
2025-01-31 05:00:00,2795.96,2796.575,2793.944,2795.725,5.6612,0.562
2025-01-31 06:00:00,2795.72,2795.965,2792.185,2792.915,4.152,0.591
2025-01-31 07:00:00,2792.925,2801.11,2792.29,2798.305,5.9292,0.588
2025-01-31 08:00:00,2798.28,2799.505,2791.68,2793.395,5.1928,0.59
2025-01-31 09:00:00,2793.444,2796.555,2792.705,2793.765,3.5713,0.486
2025-01-31 10:00:00,2793.775,2795.35,2791.112,2794.364,4.4976,0.503
2025-01-31 11:00:00,2794.154,2800.918,2792.478,2800.315,6.4705,0.639
2025-01-31 12:00:00,2800.275,2807.9,2799.945,2805.495,5.4966,0.585
2025-01-31 13:00:00,2805.355,2808.59,2803.37,2806.415,5.9289,0.628
2025-01-31 14:00:00,2806.406,2812.708,2804.635,2812.425,7.4396,0.497
2025-01-31 15:00:00,2812.465,2817.16,2808.33,2809.21,12.2594,0.468
2025-01-31 16:00:00,2809.285,2810.345,2805.02,2807.565,7.7517,0.504
2025-01-31 17:00:00,2807.569,2816.37,2803.115,2808.614,12.9034,0.477
2025-01-31 18:00:00,2808.61,2809.12,2795.345,2799.034,10.636,0.501
2025-01-31 19:00:00,2799.05,2802.818,2795.257,2796.22,7.5503,0.553
2025-01-31 20:00:00,2796.245,2802.202,2794.29,2800.896,7.6479,0.479
2025-01-31 21:00:00,2800.882,2802.65,2797.964,2799.05,2.7898,0.946
2025-02-02 23:00:00,2794.62,2804.9,2784.7,2793.73,5.2144,2.58
2025-02-03 00:00:00,2793.625,2796.818,2790.14,2792.305,6.0695,1.248
2025-02-03 01:00:00,2792.275,2792.325,2778.185,2782.355,7.8924,0.631
2025-02-03 02:00:00,2782.335,2782.87,2773.815,2778.25,9.8036,0.741
2025-02-03 03:00:00,2778.278,2778.62,2772.225,2774.495,7.0491,0.678
2025-02-03 04:00:00,2774.47,2783.245,2774.295,2780.855,7.3851,0.592
2025-02-03 05:00:00,2780.835,2785.25,2780.095,2783.165,4.4608,0.58
2025-02-03 06:00:00,2783.125,2788.232,2782.956,2786.83,4.3042,0.579
2025-02-03 07:00:00,2786.83,2789.875,2785.356,2789.394,6.2837,0.554
2025-02-03 08:00:00,2789.395,2800.608,2786.975,2796.804,8.1246,0.554
2025-02-03 09:00:00,2796.814,2800.917,2794.76,2796.48,7.9446,0.555
2025-02-03 10:00:00,2796.485,2800.215,2793.025,2798.106,6.4984,0.511
2025-02-03 11:00:00,2798.092,2804.354,2797.955,2801.282,6.7849,0.501
2025-02-03 12:00:00,2801.301,2810.828,2800.432,2810.555,6.7571,0.571
2025-02-03 13:00:00,2810.51,2812.08,2807.55,2811.118,10.6417,0.618
2025-02-03 14:00:00,2811.168,2830.938,2810.205,2830.57,11.5398,0.567
2025-02-03 15:00:00,2829.662,2830.495,2813.486,2817.588,13.0908,0.668
2025-02-03 16:00:00,2817.61,2825.385,2813.042,2814.225,6.5313,0.678
2025-02-03 17:00:00,2814.225,2822.305,2813.945,2817.34,4.0384,0.519
2025-02-03 18:00:00,2817.315,2821.95,2815.97,2821.18,2.8695,0.522
2025-02-03 19:00:00,2821.2,2822.867,2818.045,2818.785,2.373,0.473
2025-02-03 20:00:00,2818.35,2819.51,2815.684,2816.618,3.9331,0.412
2025-02-03 21:00:00,2816.605,2817.605,2812.494,2814.73,2.8426,0.613
2025-02-03 23:00:00,2813.1,2815.278,2812.13,2813.986,1.9224,1.286
2025-02-04 00:00:00,2813.995,2817.859,2812.708,2817.564,1.2034,0.78
2025-02-04 01:00:00,2817.744,2824.515,2815.94,2823.5,4.7346,0.561
2025-02-04 02:00:00,2823.48,2824.74,2816.845,2821.23,4.5823,0.556
2025-02-04 03:00:00,2821.175,2824.295,2817.475,2821.485,3.196,0.552
2025-02-04 04:00:00,2821.495,2821.62,2818.012,2819.094,2.9529,0.551
2025-02-04 05:00:00,2819.098,2819.4,2813.405,2815.776,6.4148,0.554
2025-02-04 06:00:00,2815.76,2816.132,2810.87,2813.635,7.3295,0.556
2025-02-04 07:00:00,2813.595,2814.485,2807.205,2812.765,7.1149,0.57
2025-02-04 08:00:00,2812.825,2819.272,2810.156,2815.205,6.8339,0.509
2025-02-04 09:00:00,2815.185,2821.905,2814.17,2820.434,7.4184,0.499
2025-02-04 10:00:00,2820.428,2820.515,2812.695,2814.92,8.2016,0.505
2025-02-04 11:00:00,2814.89,2816.855,2813.345,2815.505,5.3802,0.455
2025-02-04 12:00:00,2815.525,2823.06,2814.53,2821.855,6.2248,0.498
2025-02-04 13:00:00,2821.875,2837.264,2821.485,2831.735,9.1583,0.509
2025-02-04 14:00:00,2831.74,2841.47,2829.055,2839.038,10.3814,0.509
2025-02-04 15:00:00,2839.109,2845.57,2833.77,2835.965,8.3493,0.493
2025-02-04 16:00:00,2835.924,2842.54,2832.684,2840.545,7.1698,0.448
2025-02-04 17:00:00,2840.57,2844.72,2839.534,2844.07,7.1977,0.49
2025-02-04 18:00:00,2844.025,2845.05,2842.506,2842.756,7.3435,0.449
2025-02-04 19:00:00,2842.78,2844.23,2841.91,2843.155,7.8569,0.441
2025-02-04 20:00:00,2843.17,2844.917,2840.96,2844.374,4.6314,0.492
2025-02-04 21:00:00,2844.42,2844.896,2841.066,2842.18,1.0778,0.55
2025-02-04 23:00:00,2841.69,2842.705,2840.628,2841.394,1.0875,0.797
2025-02-05 00:00:00,2841.548,2848.384,2840.784,2845.33,2.828,0.726
2025-02-05 01:00:00,2845.35,2849.065,2839.705,2844.604,6.9514,0.609
2025-02-05 02:00:00,2844.68,2854.07,2844.054,2851.17,4.2078,0.606
2025-02-05 03:00:00,2851.205,2854.428,2849.895,2852.41,2.9064,0.57
2025-02-05 04:00:00,2852.36,2858.27,2851.93,2855.315,2.4073,0.626
2025-02-05 05:00:00,2855.335,2860.785,2853.708,2859.425,2.7837,0.662
2025-02-05 06:00:00,2859.42,2861.894,2857.05,2859.32,3.8871,0.623
2025-02-05 07:00:00,2859.27,2864.31,2854.925,2864.215,6.0001,0.483
2025-02-05 08:00:00,2864.175,2869.755,2863.635,2867.585,6.5414,0.47
2025-02-05 09:00:00,2867.555,2872.28,2865.495,2870.325,4.451,0.486
2025-02-05 10:00:00,2870.365,2877.115,2866.145,2867.865,6.1274,0.474
2025-02-05 11:00:00,2867.89,2870.555,2864.795,2868.645,4.9317,0.468
2025-02-05 12:00:00,2868.658,2871.025,2867.094,2870.425,3.4366,0.488
2025-02-05 13:00:00,2870.395,2870.79,2858.685,2861.765,6.1131,0.581
2025-02-05 14:00:00,2861.825,2872.68,2860.755,2871.011,6.9081,0.503
2025-02-05 15:00:00,2870.95,2882.47,2870.95,2880.225,6.5499,0.503
2025-02-05 16:00:00,2880.212,2881.235,2863.125,2875.035,5.9914,0.502
2025-02-05 17:00:00,2875.03,2876.801,2871.44,2873.05,3.4862,0.513
2025-02-05 18:00:00,2873.07,2873.57,2863.928,2865.77,3.7933,0.533
2025-02-05 19:00:00,2865.75,2869.128,2862.855,2863.61,3.3014,0.524
2025-02-05 20:00:00,2863.64,2866.24,2860.06,2862.728,3.8634,0.547
2025-02-05 21:00:00,2862.685,2867.678,2861.244,2866.735,0.9516,0.615
2025-02-05 23:00:00,2866.97,2871.1,2865.19,2869.24,1.2377,0.681
2025-02-06 00:00:00,2869.235,2869.965,2867.178,2869.805,2.2567,0.531
2025-02-06 01:00:00,2869.835,2871.99,2863.721,2871.74,5.3977,0.562
2025-02-06 02:00:00,2871.878,2873.36,2868.415,2870.641,4.4868,0.537
2025-02-06 03:00:00,2870.642,2870.662,2864.336,2869.425,4.5335,0.591
2025-02-06 04:00:00,2869.45,2872.43,2868.345,2868.496,2.208,0.554
2025-02-06 05:00:00,2868.465,2869.975,2865.51,2868.42,3.0783,0.557
2025-02-06 06:00:00,2868.415,2871.52,2858.598,2859.28,5.0018,0.593
2025-02-06 07:00:00,2859.275,2861.85,2855.02,2855.795,6.6578,0.493
2025-02-06 08:00:00,2855.765,2858.605,2848.825,2856.192,6.7918,0.526
2025-02-06 09:00:00,2856.195,2860.175,2855.825,2859.455,5.0477,0.491
2025-02-06 10:00:00,2859.49,2861.992,2855.68,2859.255,4.2894,0.478
2025-02-06 11:00:00,2859.2,2867.57,2858.206,2866.025,3.9088,0.519
2025-02-06 12:00:00,2866.055,2870.32,2863.71,2864.505,3.1541,0.502
2025-02-06 13:00:00,2864.495,2864.98,2855.635,2856.825,8.4626,0.522
2025-02-06 14:00:00,2856.815,2859.89,2841.244,2841.984,8.7902,0.486
2025-02-06 15:00:00,2841.944,2853.34,2834.21,2850.685,8.892,0.495
2025-02-06 16:00:00,2850.695,2854.884,2848.9,2848.915,5.7959,0.484
2025-02-06 17:00:00,2848.91,2852.795,2848.185,2852.378,5.14,0.495
2025-02-06 18:00:00,2852.394,2853.859,2849.925,2852.67,4.414,0.507
2025-02-06 19:00:00,2852.693,2854.298,2850.42,2853.97,6.0057,0.496
2025-02-06 20:00:00,2853.985,2857.385,2853.73,2856.51,7.2483,0.386
2025-02-06 21:00:00,2856.585,2857.245,2854.91,2856.575,1.479,0.44
2025-02-06 23:00:00,2856.146,2858.815,2855.81,2858.11,1.2438,0.63
2025-02-07 00:00:00,2858.12,2860.574,2858.09,2858.52,1.0763,0.549
2025-02-07 01:00:00,2858.53,2868.335,2857.755,2866.295,3.6969,0.561
2025-02-07 02:00:00,2866.275,2869.36,2865.415,2868.93,2.4819,0.542
2025-02-07 03:00:00,2868.895,2870.65,2866.032,2867.335,2.8927,0.556
2025-02-07 04:00:00,2867.325,2869.705,2866.142,2866.48,2.3151,0.584
2025-02-07 05:00:00,2866.532,2867.195,2862.09,2862.185,2.9649,0.559
2025-02-07 06:00:00,2862.125,2866.308,2859.065,2860.8,4.7789,0.518
2025-02-07 07:00:00,2860.82,2865.755,2860.295,2864.245,4.0577,0.459
2025-02-07 08:00:00,2864.305,2866.78,2863.265,2866.42,3.9552,0.469
2025-02-07 09:00:00,2866.415,2870.78,2865.655,2869.015,5.6642,0.459
2025-02-07 10:00:00,2869.045,2869.335,2863.5,2867.644,4.7796,0.473
2025-02-07 11:00:00,2867.634,2868.39,2865.115,2867.785,3.467,0.501
2025-02-07 12:00:00,2867.795,2868.175,2863.52,2863.715,3.2104,0.505
2025-02-07 13:00:00,2863.775,2871.845,2852.48,2862.652,8.3269,0.561
2025-02-07 14:00:00,2862.656,2878.346,2856.245,2876.706,11.2992,0.626
2025-02-07 15:00:00,2875.968,2886.835,2873.49,2880.385,12.1582,0.607
2025-02-07 16:00:00,2880.48,2881.625,2860.545,2860.833,6.8402,0.546
2025-02-07 17:00:00,2860.828,2862.828,2853.475,2860.195,5.6479,0.562
2025-02-07 18:00:00,2860.19,2865.205,2859.83,2861.192,3.2711,0.515
2025-02-07 19:00:00,2861.21,2863.285,2858.945,2860.318,3.2798,0.523
2025-02-07 20:00:00,2860.344,2863.915,2859.445,2860.74,4.6507,0.469
2025-02-07 21:00:00,2860.765,2863.4,2860.404,2860.765,1.982,0.636
2025-02-09 23:00:00,2859.025,2870.48,2855.225,2867.562,1.9507,0.771
2025-02-10 00:00:00,2867.586,2869.175,2865.836,2868.045,2.4989,0.581
2025-02-10 01:00:00,2868.06,2876.7,2866.1,2871.978,6.0925,0.582
2025-02-10 02:00:00,2871.974,2875.065,2871.385,2873.989,5.5091,0.582
2025-02-10 03:00:00,2874.01,2875.775,2871.418,2875.63,2.9671,0.533
2025-02-10 04:00:00,2875.645,2879.675,2874.445,2879.359,2.1933,0.612
2025-02-10 05:00:00,2879.348,2880.115,2876.2,2879.333,3.4638,0.586
2025-02-10 06:00:00,2879.324,2892.455,2878.971,2888.505,3.9253,0.538
2025-02-10 07:00:00,2888.495,2896.705,2886.825,2895.649,7.0645,0.471
2025-02-10 08:00:00,2895.62,2898.966,2892.345,2896.69,6.7685,0.496
2025-02-10 09:00:00,2896.66,2903.41,2896.285,2903.095,5.7188,0.512
2025-02-10 10:00:00,2903.11,2906.38,2898.222,2902.52,4.8149,0.528
2025-02-10 11:00:00,2902.525,2905.826,2898.35,2904.67,4.7176,0.5
2025-02-10 12:00:00,2904.64,2907.11,2902.77,2903.04,5.3154,0.534
2025-02-10 13:00:00,2902.955,2911.105,2899.8,2900.982,8.3245,0.523
2025-02-10 14:00:00,2900.96,2909.32,2896.435,2908.78,9.5353,0.538
2025-02-10 15:00:00,2908.8,2912.01,2904.51,2909.11,8.5884,0.503
2025-02-10 16:00:00,2909.135,2910.35,2899.085,2901.11,6.4124,0.49
2025-02-10 17:00:00,2901.105,2904.535,2896.605,2903.195,4.4383,0.515
2025-02-10 18:00:00,2903.195,2907.12,2900.895,2905.17,4.2575,0.514
2025-02-10 19:00:00,2905.215,2906.75,2902.595,2904.43,3.4678,0.512
2025-02-10 20:00:00,2904.42,2907.795,2902.905,2907.396,7.6522,0.448
2025-02-10 21:00:00,2907.307,2908.44,2905.37,2908.065,1.5372,0.651
2025-02-10 23:00:00,2907.955,2921.754,2907.91,2917.925,2.1134,0.738
2025-02-11 00:00:00,2917.955,2925.07,2916.465,2922.5,1.9763,0.586
2025-02-11 01:00:00,2922.556,2936.265,2919.616,2934.042,6.4075,0.612
2025-02-11 02:00:00,2934.046,2942.905,2905.66,2919.07,8.6602,0.728
2025-02-11 03:00:00,2918.952,2925.964,2911.635,2919.757,7.1075,0.882
2025-02-11 04:00:00,2919.838,2921.0,2915.0,2916.37,3.8207,0.718
2025-02-11 05:00:00,2916.3,2923.905,2915.425,2922.935,4.1969,0.722
2025-02-11 06:00:00,2922.905,2929.638,2915.508,2917.955,5.8989,0.761
2025-02-11 07:00:00,2917.95,2918.405,2907.335,2913.505,5.4591,0.523
2025-02-11 08:00:00,2913.475,2915.192,2907.065,2907.465,6.0834,0.465
2025-02-11 09:00:00,2907.415,2912.295,2903.02,2903.245,5.7796,0.528
2025-02-11 10:00:00,2903.202,2907.275,2901.88,2902.818,4.6283,0.553
2025-02-11 11:00:00,2902.778,2906.854,2902.338,2904.015,3.3481,0.522
2025-02-11 12:00:00,2904.005,2904.385,2886.825,2889.65,6.4335,0.539
2025-02-11 13:00:00,2889.485,2898.415,2881.885,2896.525,11.6498,0.578
2025-02-11 14:00:00,2896.575,2904.455,2894.895,2896.785,10.2515,0.591
2025-02-11 15:00:00,2896.58,2906.685,2890.995,2904.835,7.3666,0.565
2025-02-11 16:00:00,2904.845,2908.71,2902.36,2902.455,4.6717,0.5
2025-02-11 17:00:00,2902.45,2907.39,2899.75,2905.63,4.2412,0.553
2025-02-11 18:00:00,2905.62,2907.24,2903.34,2905.88,4.0254,0.584
2025-02-11 19:00:00,2905.87,2906.598,2899.779,2900.375,4.1714,0.519
2025-02-11 20:00:00,2900.274,2900.615,2894.11,2897.59,8.1664,0.475
2025-02-11 21:00:00,2897.645,2899.94,2897.37,2897.805,1.4039,0.494
2025-02-11 23:00:00,2897.54,2900.85,2896.65,2898.685,0.8849,0.7
2025-02-12 00:00:00,2898.724,2898.974,2889.364,2892.395,1.7852,0.549
2025-02-12 01:00:00,2892.345,2897.895,2883.73,2893.385,5.5322,0.599
2025-02-12 02:00:00,2893.39,2897.872,2891.87,2892.525,3.6689,0.577
2025-02-12 03:00:00,2892.505,2893.17,2886.894,2889.13,3.9309,0.571
2025-02-12 04:00:00,2889.008,2890.684,2884.184,2885.27,3.0647,0.549
2025-02-12 05:00:00,2885.37,2888.114,2883.765,2886.454,3.3307,0.57
2025-02-12 06:00:00,2886.399,2894.805,2885.73,2892.725,3.6617,0.563
2025-02-12 07:00:00,2892.725,2895.965,2890.855,2892.9,6.4067,0.493
2025-02-12 08:00:00,2892.945,2894.135,2888.105,2891.81,5.5663,0.468
2025-02-12 09:00:00,2891.815,2893.545,2886.452,2886.745,5.4855,0.45
2025-02-12 10:00:00,2886.8,2889.993,2879.366,2882.775,5.7829,0.46
2025-02-12 11:00:00,2882.715,2886.064,2879.467,2879.815,4.7404,0.472
2025-02-12 12:00:00,2879.888,2886.03,2879.056,2885.062,5.8128,0.49
2025-02-12 13:00:00,2885.082,2885.785,2864.144,2884.83,11.2976,0.645
2025-02-12 14:00:00,2884.84,2898.125,2881.955,2894.49,8.7856,0.616
2025-02-12 15:00:00,2894.585,2896.058,2886.905,2894.754,5.7101,0.584
2025-02-12 16:00:00,2894.748,2904.56,2892.195,2902.545,5.1787,0.517
2025-02-12 17:00:00,2902.56,2909.315,2902.0,2902.885,4.162,0.546
2025-02-12 18:00:00,2902.894,2903.904,2900.51,2901.046,3.9825,0.532
2025-02-12 19:00:00,2901.162,2901.87,2893.635,2897.945,3.6289,0.514
2025-02-12 20:00:00,2897.96,2901.484,2895.565,2901.05,5.6793,0.495
2025-02-12 21:00:00,2901.05,2904.564,2900.205,2904.395,2.3291,0.606
2025-02-12 23:00:00,2904.48,2906.505,2900.5,2905.806,1.162,0.64
2025-02-13 00:00:00,2905.812,2909.106,2904.576,2906.385,1.9438,0.563
2025-02-13 01:00:00,2906.34,2907.51,2901.502,2906.16,4.4575,0.576
2025-02-13 02:00:00,2906.12,2909.095,2905.351,2908.948,3.2533,0.57
2025-02-13 03:00:00,2908.938,2918.12,2907.402,2916.545,2.9515,0.548
2025-02-13 04:00:00,2916.535,2919.278,2916.295,2918.654,3.0169,0.564
2025-02-13 05:00:00,2918.703,2922.864,2916.67,2918.138,2.7805,0.529
2025-02-13 06:00:00,2918.134,2919.024,2912.616,2916.328,5.3013,0.561
2025-02-13 07:00:00,2916.324,2920.938,2913.248,2914.615,5.3505,0.536
2025-02-13 08:00:00,2914.58,2918.15,2909.515,2911.745,6.784,0.496
2025-02-13 09:00:00,2911.755,2918.48,2909.865,2915.475,4.3983,0.485
2025-02-13 10:00:00,2915.425,2919.465,2913.975,2918.025,2.097,0.502
2025-02-13 11:00:00,2917.955,2918.555,2915.425,2917.98,2.9338,0.502
2025-02-13 12:00:00,2918.04,2921.355,2915.65,2917.735,2.7076,0.492
2025-02-13 13:00:00,2917.73,2917.985,2905.876,2908.625,9.3928,0.52
2025-02-13 14:00:00,2908.595,2917.445,2906.655,2915.165,7.3398,0.507
2025-02-13 15:00:00,2915.155,2921.058,2914.58,2920.355,8.1731,0.494
2025-02-13 16:00:00,2920.325,2920.965,2913.114,2913.925,4.7408,0.476
2025-02-13 17:00:00,2913.91,2919.185,2913.62,2919.04,4.6581,0.528
2025-02-13 18:00:00,2919.08,2925.405,2914.29,2924.125,3.5991,0.532
2025-02-13 19:00:00,2924.13,2927.545,2924.036,2926.985,2.1906,0.491
2025-02-13 20:00:00,2926.96,2929.058,2924.905,2928.529,5.987,0.475
2025-02-13 21:00:00,2928.49,2929.64,2927.715,2928.24,1.82,0.496
2025-02-13 23:00:00,2927.565,2932.504,2927.255,2931.225,1.3089,0.715
2025-02-14 00:00:00,2931.18,2931.55,2927.582,2927.92,1.7525,0.567
2025-02-14 01:00:00,2928.015,2933.955,2927.96,2929.935,3.9792,0.559
2025-02-14 02:00:00,2929.97,2930.57,2926.065,2927.47,4.1514,0.571
2025-02-14 03:00:00,2927.444,2930.475,2923.19,2924.44,3.6841,0.578
2025-02-14 04:00:00,2924.427,2929.305,2923.9,2928.555,2.2808,0.593
2025-02-14 05:00:00,2928.585,2932.59,2926.785,2930.956,3.4707,0.617
2025-02-14 06:00:00,2930.926,2936.895,2929.925,2934.495,5.0719,0.534
2025-02-14 07:00:00,2934.485,2935.26,2930.575,2931.885,5.8373,0.501
2025-02-14 08:00:00,2931.905,2938.644,2930.855,2935.26,6.2196,0.48
2025-02-14 09:00:00,2935.23,2938.94,2934.135,2935.18,5.379,0.493
2025-02-14 10:00:00,2935.28,2940.149,2934.275,2935.925,4.5528,0.484
2025-02-14 11:00:00,2935.955,2937.71,2929.375,2931.185,2.8357,0.489
2025-02-14 12:00:00,2931.145,2933.25,2927.87,2930.85,3.3612,0.493
2025-02-14 13:00:00,2930.82,2933.38,2917.655,2920.615,9.9474,0.546
2025-02-14 14:00:00,2920.675,2928.6,2914.325,2921.224,10.584,0.536
2025-02-14 15:00:00,2921.218,2921.85,2893.06,2902.044,12.1589,0.529
2025-02-14 16:00:00,2901.938,2903.93,2888.58,2895.96,7.081,0.555
2025-02-14 17:00:00,2895.965,2897.595,2885.485,2887.03,5.6291,0.566
2025-02-14 18:00:00,2887.16,2888.05,2882.205,2883.845,3.6276,0.538
2025-02-14 19:00:00,2883.85,2886.085,2878.873,2880.724,4.0615,0.564
2025-02-14 20:00:00,2880.795,2886.32,2877.04,2885.466,5.8978,0.513
2025-02-14 21:00:00,2885.47,2885.83,2882.24,2882.65,1.9901,0.505
2025-02-16 23:00:00,2882.705,2894.112,2878.598,2879.36,2.9439,1.12
2025-02-17 00:00:00,2879.38,2888.318,2879.38,2883.548,1.9258,0.658
2025-02-17 01:00:00,2883.554,2896.7,2882.548,2895.675,4.2383,0.62
2025-02-17 02:00:00,2895.745,2899.818,2893.995,2899.29,3.2109,0.705
2025-02-17 03:00:00,2899.285,2904.732,2897.87,2903.68,2.5143,0.626
2025-02-17 04:00:00,2903.675,2904.888,2898.555,2899.346,2.0737,0.613
2025-02-17 05:00:00,2899.36,2905.37,2896.14,2896.29,3.3946,0.649
2025-02-17 06:00:00,2896.25,2897.964,2888.4,2896.674,3.1083,0.622
2025-02-17 07:00:00,2896.708,2903.695,2896.56,2902.565,5.4896,0.469
2025-02-17 08:00:00,2902.61,2902.8,2895.205,2900.265,6.8962,0.506
2025-02-17 09:00:00,2900.277,2906.48,2900.26,2902.64,5.9452,0.503
2025-02-17 10:00:00,2902.565,2903.015,2895.6,2902.885,5.8637,0.49
2025-02-17 11:00:00,2902.875,2903.96,2897.946,2901.06,5.123,0.523
2025-02-17 12:00:00,2901.085,2901.67,2895.582,2897.61,3.1371,0.596
2025-02-17 13:00:00,2897.601,2899.21,2895.672,2896.84,7.7065,0.542
2025-02-17 14:00:00,2896.835,2903.955,2896.485,2903.1,4.1842,0.486
2025-02-17 15:00:00,2903.141,2904.185,2898.015,2899.354,3.3096,0.496
2025-02-17 16:00:00,2899.344,2901.272,2896.615,2899.275,1.5677,0.504
2025-02-17 17:00:00,2899.3,2899.938,2898.088,2898.618,1.6663,0.569
2025-02-17 18:00:00,2898.605,2899.31,2897.145,2898.32,1.3411,0.513
2025-02-17 19:00:00,2898.26,2898.714,2896.935,2898.514,0.6437,0.526
2025-02-17 23:00:00,2899.319,2899.56,2897.195,2899.42,0.5544,0.613
2025-02-18 00:00:00,2899.38,2900.408,2898.325,2899.285,0.9228,0.509
2025-02-18 01:00:00,2899.29,2899.966,2892.095,2895.738,3.5436,0.542
2025-02-18 02:00:00,2895.728,2905.285,2895.455,2903.205,2.9758,0.6
2025-02-18 03:00:00,2903.215,2910.98,2902.91,2909.104,2.9667,0.596
2025-02-18 04:00:00,2909.094,2911.094,2907.315,2910.89,1.4039,0.572
2025-02-18 05:00:00,2911.19,2915.78,2909.925,2910.93,2.3319,0.62
2025-02-18 06:00:00,2910.855,2914.53,2910.025,2913.878,2.0197,0.559
2025-02-18 07:00:00,2913.888,2915.315,2908.575,2911.56,4.0374,0.444
2025-02-18 08:00:00,2911.555,2913.39,2908.33,2912.43,4.6937,0.467
2025-02-18 09:00:00,2912.42,2913.495,2910.095,2912.725,4.5288,0.503
2025-02-18 10:00:00,2912.685,2913.6,2907.17,2911.36,4.1733,0.507
2025-02-18 11:00:00,2911.38,2914.822,2909.779,2914.338,4.5945,0.55
2025-02-18 12:00:00,2914.333,2918.994,2912.24,2918.195,6.5724,0.566
2025-02-18 13:00:00,2918.22,2921.394,2913.335,2918.84,8.2787,0.52
2025-02-18 14:00:00,2918.83,2928.755,2917.82,2927.9,10.9198,0.484
2025-02-18 15:00:00,2927.965,2929.76,2923.672,2927.16,8.9034,0.523
2025-02-18 16:00:00,2927.145,2933.815,2924.275,2932.87,6.5296,0.593
2025-02-18 17:00:00,2932.875,2933.63,2929.546,2931.116,5.5071,0.587
2025-02-18 18:00:00,2931.112,2933.844,2928.405,2933.34,2.9669,0.597
2025-02-18 19:00:00,2933.315,2937.06,2932.002,2935.82,4.7126,0.556
2025-02-18 20:00:00,2935.825,2936.79,2932.5,2933.535,5.7123,0.463
2025-02-18 21:00:00,2933.588,2936.88,2933.32,2935.245,1.4543,0.549
2025-02-18 23:00:00,2934.675,2935.69,2933.175,2934.072,0.3676,0.756
2025-02-19 00:00:00,2934.062,2934.394,2928.575,2929.33,0.9333,0.561
2025-02-19 01:00:00,2929.245,2939.758,2928.068,2938.57,3.4992,0.588
2025-02-19 02:00:00,2938.585,2939.8,2924.217,2929.275,3.4874,0.579
2025-02-19 03:00:00,2929.23,2930.628,2924.98,2928.93,2.6574,0.561
2025-02-19 04:00:00,2928.89,2929.655,2926.595,2929.455,1.7892,0.576
2025-02-19 05:00:00,2929.493,2934.605,2928.04,2932.945,2.3247,0.59
2025-02-19 06:00:00,2932.865,2935.968,2930.785,2931.705,2.9706,0.552
2025-02-19 07:00:00,2931.73,2935.925,2930.485,2934.285,4.299,0.525
2025-02-19 08:00:00,2934.235,2940.155,2933.74,2938.675,6.068,0.474
2025-02-19 09:00:00,2938.655,2946.695,2938.275,2945.495,4.9651,0.492
2025-02-19 10:00:00,2945.535,2947.115,2942.685,2944.915,4.5442,0.484
2025-02-19 11:00:00,2944.9,2946.218,2934.272,2935.085,5.1101,0.467
2025-02-19 12:00:00,2935.072,2936.848,2931.335,2933.583,6.0261,0.478
2025-02-19 13:00:00,2933.58,2941.755,2932.535,2936.395,8.7852,0.507
2025-02-19 14:00:00,2936.383,2940.63,2930.325,2938.21,7.758,0.524
2025-02-19 15:00:00,2938.12,2939.403,2925.65,2925.84,7.1334,0.522
2025-02-19 16:00:00,2925.81,2930.94,2923.083,2928.11,5.4708,0.529
2025-02-19 17:00:00,2928.101,2929.93,2921.52,2923.845,3.3162,0.536
2025-02-19 18:00:00,2923.82,2926.825,2918.63,2924.996,4.2491,0.566
2025-02-19 19:00:00,2925.32,2932.425,2923.292,2931.855,5.736,0.512
2025-02-19 20:00:00,2931.865,2936.65,2931.42,2935.93,7.7847,0.493
2025-02-19 21:00:00,2935.938,2937.496,2932.34,2933.535,1.7492,0.464
2025-02-19 23:00:00,2933.53,2936.36,2933.32,2935.38,0.5351,0.68
2025-02-20 00:00:00,2935.588,2941.48,2935.435,2940.945,1.4522,0.589
2025-02-20 01:00:00,2940.95,2942.436,2934.64,2937.06,3.4354,0.565
2025-02-20 02:00:00,2937.04,2941.675,2933.895,2941.025,3.6283,0.622
2025-02-20 03:00:00,2940.776,2944.184,2940.625,2942.02,1.9146,0.63
2025-02-20 04:00:00,2942.015,2942.745,2939.428,2939.965,1.5863,0.621
2025-02-20 05:00:00,2940.055,2946.97,2939.41,2946.945,2.1813,0.577
2025-02-20 06:00:00,2946.996,2949.09,2944.04,2947.81,2.7715,0.578
2025-02-20 07:00:00,2947.81,2954.345,2946.48,2949.045,5.1807,0.468
2025-02-20 08:00:00,2949.065,2954.913,2949.005,2954.58,2.7452,0.527
2025-02-20 09:00:00,2954.6,2954.995,2949.905,2951.554,2.8239,0.525
2025-02-20 10:00:00,2951.558,2954.938,2949.3,2952.4,3.3876,0.522
2025-02-20 11:00:00,2952.41,2952.99,2947.28,2948.792,2.6248,0.525
2025-02-20 12:00:00,2948.762,2950.9,2938.815,2945.685,3.7922,0.5
2025-02-20 13:00:00,2945.64,2947.795,2933.966,2934.055,7.1788,0.492
2025-02-20 14:00:00,2934.006,2940.05,2924.185,2935.186,8.885,0.482
2025-02-20 15:00:00,2935.261,2939.705,2931.744,2938.685,6.2142,0.498
2025-02-20 16:00:00,2938.68,2945.765,2936.045,2943.125,3.8669,0.481
2025-02-20 17:00:00,2943.11,2947.13,2940.105,2940.555,2.8105,0.512
2025-02-20 18:00:00,2940.485,2942.6,2937.49,2941.88,4.3949,0.526
2025-02-20 19:00:00,2941.918,2942.03,2933.525,2938.008,3.5958,0.537
2025-02-20 20:00:00,2938.03,2938.84,2935.575,2937.94,5.3188,0.47
2025-02-20 21:00:00,2937.885,2940.312,2937.475,2939.524,1.6663,0.518
2025-02-20 23:00:00,2939.05,2943.508,2938.399,2941.615,0.6403,0.73
2025-02-21 00:00:00,2941.65,2942.89,2937.256,2940.08,1.5814,0.628
2025-02-21 01:00:00,2940.074,2949.878,2926.83,2928.97,5.8389,0.622
2025-02-21 02:00:00,2928.87,2941.294,2926.53,2939.285,4.1499,0.612
2025-02-21 03:00:00,2939.315,2939.83,2927.14,2931.265,4.4397,0.62
2025-02-21 04:00:00,2931.225,2932.375,2926.676,2928.535,2.7267,0.564
2025-02-21 05:00:00,2928.455,2934.264,2924.275,2930.265,2.9241,0.622
2025-02-21 06:00:00,2930.195,2931.625,2925.696,2929.598,2.8287,0.58
2025-02-21 07:00:00,2929.628,2933.195,2929.165,2930.145,2.152,0.491
2025-02-21 08:00:00,2930.05,2931.395,2916.845,2923.37,5.1741,0.5
2025-02-21 09:00:00,2923.34,2929.772,2923.1,2929.414,2.4868,0.488
2025-02-21 10:00:00,2929.428,2931.135,2928.945,2930.655,3.3906,0.457
2025-02-21 11:00:00,2930.675,2936.185,2928.025,2928.405,4.7674,0.474
2025-02-21 12:00:00,2928.4,2935.275,2927.601,2930.16,3.5631,0.485
2025-02-21 13:00:00,2930.165,2934.69,2927.005,2931.015,7.3183,0.466
2025-02-21 14:00:00,2930.985,2939.11,2928.225,2933.845,9.7291,0.595
2025-02-21 15:00:00,2933.649,2935.89,2921.62,2928.72,10.5283,0.494
2025-02-21 16:00:00,2928.73,2938.57,2927.43,2936.775,5.7324,0.508
2025-02-21 17:00:00,2936.79,2941.745,2936.205,2939.795,5.0751,0.499
2025-02-21 18:00:00,2939.845,2942.88,2937.78,2941.875,5.9587,0.502
2025-02-21 19:00:00,2941.85,2942.76,2933.015,2933.425,4.9491,0.49
2025-02-21 20:00:00,2933.4,2937.3,2932.51,2934.745,3.7416,0.478
2025-02-21 21:00:00,2934.775,2938.455,2932.185,2935.704,1.6397,0.562
2025-02-23 23:00:00,2935.775,2940.486,2934.025,2936.955,2.0657,0.872
2025-02-24 00:00:00,2936.855,2938.127,2929.65,2930.308,2.4323,0.676
2025-02-24 01:00:00,2930.298,2931.49,2921.405,2928.155,6.9056,0.714
2025-02-24 02:00:00,2928.14,2941.15,2925.055,2941.07,4.641,0.738
2025-02-24 03:00:00,2941.015,2944.875,2939.955,2941.18,4.1905,0.772
2025-02-24 04:00:00,2941.22,2943.195,2937.88,2940.86,3.3751,0.721
2025-02-24 05:00:00,2940.855,2942.285,2935.655,2936.53,3.3252,0.651
2025-02-24 06:00:00,2936.43,2941.985,2935.38,2938.78,1.8039,0.631
2025-02-24 07:00:00,2938.75,2945.025,2938.45,2943.935,3.4258,0.477
2025-02-24 08:00:00,2943.993,2948.845,2938.32,2946.4,5.2962,0.461
2025-02-24 09:00:00,2946.315,2948.31,2942.895,2944.335,4.8511,0.446
2025-02-24 10:00:00,2944.305,2944.775,2934.975,2938.375,3.6012,0.473
2025-02-24 11:00:00,2938.415,2948.3,2937.735,2947.835,5.0687,0.463
2025-02-24 12:00:00,2947.805,2951.235,2945.485,2946.635,4.2957,0.483
2025-02-24 13:00:00,2946.605,2954.755,2946.375,2954.555,7.3547,0.466
2025-02-24 14:00:00,2954.565,2956.25,2934.735,2938.77,11.7051,0.452
2025-02-24 15:00:00,2938.733,2940.615,2930.79,2936.56,12.6218,0.441
2025-02-24 16:00:00,2936.55,2943.68,2936.535,2943.47,8.2944,0.47
2025-02-24 17:00:00,2943.48,2944.87,2941.095,2943.315,5.9458,0.489
2025-02-24 18:00:00,2943.34,2948.075,2942.82,2947.415,5.3601,0.478
2025-02-24 19:00:00,2947.44,2949.92,2946.845,2949.23,5.3563,0.488
2025-02-24 20:00:00,2949.22,2951.614,2947.025,2950.625,5.6583,0.499
2025-02-24 21:00:00,2950.625,2953.585,2950.345,2953.255,1.3044,0.568
2025-02-24 23:00:00,2953.1,2954.025,2948.32,2950.055,1.294,0.639
2025-02-25 00:00:00,2950.005,2952.68,2948.27,2949.754,1.239,0.54
2025-02-25 01:00:00,2949.764,2952.505,2945.28,2949.69,4.5489,0.554
2025-02-25 02:00:00,2949.7,2952.372,2947.115,2948.72,3.3937,0.557
2025-02-25 03:00:00,2948.745,2949.638,2937.536,2939.575,4.1822,0.55
2025-02-25 04:00:00,2939.555,2939.862,2935.172,2936.905,2.3267,0.552
2025-02-25 05:00:00,2936.885,2941.175,2936.715,2938.016,3.3252,0.525
2025-02-25 06:00:00,2937.802,2938.544,2933.585,2935.905,2.1324,0.535
2025-02-25 07:00:00,2935.905,2940.478,2930.78,2931.77,7.6182,0.455
2025-02-25 08:00:00,2931.795,2942.485,2929.585,2941.704,6.5711,0.475
2025-02-25 09:00:00,2941.699,2942.548,2937.505,2938.932,2.2783,0.487
2025-02-25 10:00:00,2938.926,2941.585,2937.505,2937.552,3.9067,0.497
2025-02-25 11:00:00,2937.535,2940.63,2937.135,2938.714,5.0602,0.569
2025-02-25 12:00:00,2938.778,2941.385,2924.075,2928.69,11.9412,0.524
2025-02-25 13:00:00,2928.7,2938.02,2926.19,2937.514,13.5809,0.522
2025-02-25 14:00:00,2937.508,2944.896,2932.002,2932.695,13.0127,0.568
2025-02-25 15:00:00,2932.667,2935.065,2900.718,2906.018,11.8508,0.488
2025-02-25 16:00:00,2905.994,2906.945,2888.338,2896.48,9.2247,0.479
2025-02-25 17:00:00,2896.475,2909.025,2893.72,2907.698,8.8315,0.464
2025-02-25 18:00:00,2907.71,2912.3,2905.475,2909.63,5.418,0.497
2025-02-25 19:00:00,2909.56,2913.915,2905.85,2912.175,4.3444,0.514
2025-02-25 20:00:00,2912.15,2913.49,2910.91,2912.79,6.66,0.461
2025-02-25 21:00:00,2912.8,2917.4,2912.68,2914.836,1.9871,0.574
2025-02-25 23:00:00,2914.925,2919.104,2913.735,2918.66,1.0685,0.72
2025-02-26 00:00:00,2918.744,2926.405,2918.724,2923.644,2.2567,0.613
2025-02-26 01:00:00,2923.66,2930.294,2915.35,2917.93,4.203,0.537
2025-02-26 02:00:00,2917.91,2923.2,2914.886,2921.082,3.3366,0.558
2025-02-26 03:00:00,2921.101,2921.702,2916.56,2917.23,1.8098,0.544
2025-02-26 04:00:00,2917.258,2919.065,2912.78,2915.16,1.8673,0.574
2025-02-26 05:00:00,2915.168,2921.278,2914.865,2915.475,2.5514,0.561
2025-02-26 06:00:00,2915.415,2916.295,2906.77,2906.824,2.6799,0.576
2025-02-26 07:00:00,2906.888,2917.565,2905.835,2915.505,5.2548,0.51
2025-02-26 08:00:00,2915.495,2918.505,2909.565,2918.075,4.6142,0.477
2025-02-26 09:00:00,2918.035,2919.075,2912.266,2913.192,4.5247,0.489
2025-02-26 10:00:00,2913.196,2916.945,2910.986,2912.725,4.3917,0.458
2025-02-26 11:00:00,2912.735,2915.515,2912.165,2913.87,3.9409,0.466
2025-02-26 12:00:00,2913.905,2915.618,2910.145,2913.9,3.7686,0.468
2025-02-26 13:00:00,2913.945,2915.23,2905.565,2905.955,7.8431,0.461
2025-02-26 14:00:00,2905.96,2906.304,2890.802,2901.435,6.7472,0.521
2025-02-26 15:00:00,2901.482,2914.355,2898.63,2913.325,8.1469,0.464
2025-02-26 16:00:00,2913.32,2916.819,2910.005,2913.15,5.8023,0.485
2025-02-26 17:00:00,2913.14,2916.36,2910.43,2913.86,4.956,0.495
2025-02-26 18:00:00,2913.863,2916.32,2912.45,2914.95,12.8856,0.464
2025-02-26 19:00:00,2914.97,2916.465,2913.355,2914.02,7.0119,0.464
2025-02-26 20:00:00,2914.01,2916.765,2912.1,2916.34,5.5566,0.455
2025-02-26 21:00:00,2916.32,2918.825,2915.96,2916.64,1.7437,0.517
2025-02-26 23:00:00,2916.835,2920.875,2915.478,2919.245,0.628,0.653
2025-02-27 00:00:00,2919.235,2919.235,2915.895,2917.24,1.3368,0.545
2025-02-27 01:00:00,2917.235,2918.47,2911.075,2912.71,5.6944,0.558
2025-02-27 02:00:00,2912.69,2914.99,2904.37,2906.78,4.1026,0.548
2025-02-27 03:00:00,2906.87,2909.235,2905.29,2905.73,2.2581,0.54
2025-02-27 04:00:00,2905.785,2906.495,2896.275,2897.39,2.9518,0.56
2025-02-27 05:00:00,2897.425,2898.595,2888.575,2890.925,4.88,0.546
2025-02-27 06:00:00,2890.965,2898.505,2890.61,2894.275,3.5496,0.556
2025-02-27 07:00:00,2894.27,2896.835,2888.07,2892.105,6.3641,0.465
2025-02-27 08:00:00,2892.0,2892.275,2880.555,2881.43,10.0264,0.531
2025-02-27 09:00:00,2881.335,2893.595,2877.02,2887.465,8.1749,0.57
2025-02-27 10:00:00,2887.47,2895.125,2886.614,2892.26,5.8823,0.564
2025-02-27 11:00:00,2892.275,2894.948,2883.485,2884.155,7.2508,0.551
2025-02-27 12:00:00,2884.128,2888.84,2883.205,2885.175,7.1099,0.58
2025-02-27 13:00:00,2885.145,2892.235,2881.195,2888.972,9.43,0.61
2025-02-27 14:00:00,2888.745,2892.368,2867.875,2872.402,11.4711,0.598
2025-02-27 15:00:00,2872.392,2882.695,2870.492,2872.312,9.6567,0.614
2025-02-27 16:00:00,2872.234,2878.236,2871.866,2877.562,7.6139,0.568
2025-02-27 17:00:00,2877.542,2883.851,2876.175,2883.221,5.735,0.585
2025-02-27 18:00:00,2883.195,2887.462,2882.816,2887.462,3.7951,0.479
2025-02-27 19:00:00,2887.482,2887.726,2877.348,2879.344,4.1136,0.572
2025-02-27 20:00:00,2879.348,2879.46,2872.795,2874.01,9.5276,0.5
2025-02-27 21:00:00,2873.97,2878.07,2871.388,2877.405,1.7499,0.539
2025-02-27 23:00:00,2876.836,2878.48,2874.92,2876.06,0.692,0.715
2025-02-28 00:00:00,2876.07,2880.385,2874.952,2877.025,1.8221,0.546
2025-02-28 01:00:00,2877.092,2885.228,2873.895,2874.85,4.8668,0.537
2025-02-28 02:00:00,2874.845,2877.952,2870.495,2873.46,4.0502,0.576
2025-02-28 03:00:00,2873.455,2876.48,2863.662,2865.83,4.3924,0.535
2025-02-28 04:00:00,2865.81,2866.125,2857.064,2863.496,3.8288,0.562
2025-02-28 05:00:00,2863.492,2867.285,2861.837,2864.13,2.3712,0.542
2025-02-28 06:00:00,2864.192,2866.735,2862.004,2863.62,3.2943,0.538
2025-02-28 07:00:00,2863.615,2865.255,2857.38,2858.815,5.1342,0.492
2025-02-28 08:00:00,2858.76,2860.41,2851.036,2856.098,4.4439,0.519
2025-02-28 09:00:00,2856.088,2864.414,2855.958,2862.548,5.6479,0.545
2025-02-28 10:00:00,2862.538,2864.958,2860.735,2862.859,4.3818,0.566
2025-02-28 11:00:00,2862.845,2863.81,2859.125,2862.304,3.8729,0.576
2025-02-28 12:00:00,2862.294,2865.038,2854.446,2856.466,5.6525,0.595
2025-02-28 13:00:00,2856.465,2862.36,2848.38,2848.612,9.308,0.578
2025-02-28 14:00:00,2848.636,2851.75,2833.49,2833.938,15.6556,0.546
2025-02-28 15:00:00,2833.913,2850.775,2832.698,2850.235,14.0784,0.508
2025-02-28 16:00:00,2850.285,2854.085,2846.385,2848.774,7.3937,0.586
2025-02-28 17:00:00,2848.768,2851.665,2844.635,2845.155,5.7942,0.572
2025-02-28 18:00:00,2845.128,2847.756,2838.21,2845.296,5.823,0.604
2025-02-28 19:00:00,2845.385,2851.02,2844.085,2849.67,4.402,0.592
2025-02-28 20:00:00,2849.635,2855.13,2847.755,2854.745,5.4787,0.503
2025-02-28 21:00:00,2854.755,2859.65,2853.365,2857.6,1.972,0.501
2025-03-02 23:00:00,2855.84,2877.27,2855.675,2870.972,4.8296,0.603
2025-03-03 00:00:00,2870.932,2871.373,2865.23,2865.8,2.5962,0.625
2025-03-03 01:00:00,2865.83,2872.085,2864.172,2870.955,5.1939,0.542
2025-03-03 02:00:00,2870.94,2872.114,2867.95,2868.32,3.3906,0.528
2025-03-03 03:00:00,2868.122,2868.132,2859.34,2864.885,4.4396,0.53
2025-03-03 04:00:00,2864.902,2868.61,2863.155,2867.482,2.4189,0.517
2025-03-03 05:00:00,2867.396,2867.55,2861.45,2863.965,2.1248,0.52
2025-03-03 06:00:00,2863.945,2866.18,2861.82,2865.556,2.827,0.549
2025-03-03 07:00:00,2865.748,2866.435,2860.195,2863.365,3.695,0.47
2025-03-03 08:00:00,2863.388,2868.915,2858.98,2868.65,7.1985,0.461
2025-03-03 09:00:00,2868.678,2871.58,2864.385,2867.435,6.1405,0.442
2025-03-03 10:00:00,2867.465,2873.775,2867.2,2872.025,5.8508,0.531
2025-03-03 11:00:00,2871.995,2875.564,2871.365,2874.49,2.3082,0.503
2025-03-03 12:00:00,2874.46,2877.732,2874.055,2875.695,2.1736,0.474
2025-03-03 13:00:00,2875.665,2876.285,2868.825,2872.74,6.1872,0.517
2025-03-03 14:00:00,2872.75,2883.118,2871.345,2877.452,7.2157,0.503
2025-03-03 15:00:00,2876.778,2890.51,2873.826,2887.9,6.6774,0.501
2025-03-03 16:00:00,2887.96,2893.18,2886.075,2891.465,3.6907,0.478
2025-03-03 17:00:00,2891.465,2893.025,2887.365,2890.93,4.3408,0.508
2025-03-03 18:00:00,2890.95,2892.52,2886.585,2890.02,3.418,0.498
2025-03-03 19:00:00,2889.945,2891.375,2879.65,2881.6,3.9399,0.523
2025-03-03 20:00:00,2881.59,2891.54,2878.355,2890.605,6.8936,0.492
2025-03-03 21:00:00,2890.66,2895.265,2890.266,2892.636,1.7469,0.559
2025-03-03 23:00:00,2892.525,2893.4,2890.612,2890.94,0.6568,0.755
2025-03-04 00:00:00,2890.92,2893.87,2890.265,2891.88,1.1889,0.581
2025-03-04 01:00:00,2891.885,2893.105,2881.932,2888.355,3.5115,0.568
2025-03-04 02:00:00,2888.335,2889.435,2884.835,2885.583,2.1354,0.534
2025-03-04 03:00:00,2885.56,2893.208,2885.034,2888.696,2.4199,0.535
2025-03-04 04:00:00,2888.682,2892.782,2886.877,2891.342,2.9409,0.542
2025-03-04 05:00:00,2891.256,2894.485,2888.49,2889.745,2.1818,0.541
2025-03-04 06:00:00,2889.725,2889.975,2884.46,2887.44,3.3075,0.551
2025-03-04 07:00:00,2887.445,2901.635,2887.063,2900.045,5.288,0.479
2025-03-04 08:00:00,2899.962,2918.729,2896.765,2914.135,6.6869,0.507
2025-03-04 09:00:00,2914.19,2921.34,2912.65,2918.092,4.0191,0.533
2025-03-04 10:00:00,2918.032,2918.31,2912.085,2914.695,3.9704,0.575
2025-03-04 11:00:00,2914.64,2921.775,2912.84,2920.016,4.4067,0.561
2025-03-04 12:00:00,2920.03,2925.625,2918.745,2924.945,4.8454,0.571
2025-03-04 13:00:00,2925.015,2927.905,2919.915,2922.62,12.6438,0.52
2025-03-04 14:00:00,2922.724,2923.128,2903.382,2903.606,14.0496,0.545
2025-03-04 15:00:00,2903.63,2912.424,2900.308,2906.04,11.3893,0.573
2025-03-04 16:00:00,2906.043,2916.146,2903.685,2915.122,10.3513,0.562
2025-03-04 17:00:00,2915.127,2916.402,2911.125,2911.7,4.6852,0.611
2025-03-04 18:00:00,2911.695,2915.26,2908.31,2911.37,4.7187,0.604
2025-03-04 19:00:00,2911.399,2916.585,2911.245,2916.185,4.8408,0.578
2025-03-04 20:00:00,2916.185,2920.58,2914.37,2917.378,8.8423,0.538
2025-03-04 21:00:00,2917.344,2918.565,2913.385,2917.625,2.4116,0.532
2025-03-04 23:00:00,2918.15,2918.446,2914.3,2914.4,0.6478,0.84
2025-03-05 00:00:00,2914.43,2917.265,2912.245,2914.155,1.8862,0.587
2025-03-05 01:00:00,2914.15,2915.095,2903.555,2907.305,5.2177,0.625
2025-03-05 02:00:00,2907.305,2914.715,2902.146,2904.464,4.7947,0.647
2025-03-05 03:00:00,2904.399,2913.67,2903.448,2908.81,2.9459,0.768
2025-03-05 04:00:00,2908.78,2912.735,2908.645,2910.615,1.3715,0.642
2025-03-05 05:00:00,2910.525,2918.975,2910.035,2918.905,1.5168,0.64
2025-03-05 06:00:00,2918.845,2921.825,2913.632,2917.208,2.313,0.606
2025-03-05 07:00:00,2917.248,2919.925,2913.045,2918.055,5.2946,0.448
2025-03-05 08:00:00,2918.058,2922.008,2916.77,2920.054,8.6706,0.514
2025-03-05 09:00:00,2920.058,2922.588,2913.36,2919.069,8.6559,0.493
2025-03-05 10:00:00,2919.074,2919.334,2908.985,2913.375,8.4133,0.491
2025-03-05 11:00:00,2913.31,2917.328,2912.052,2913.252,6.8998,0.494
2025-03-05 12:00:00,2913.373,2919.373,2912.397,2916.162,8.8968,0.579
2025-03-05 13:00:00,2916.222,2916.68,2894.32,2900.025,13.6074,0.584
2025-03-05 14:00:00,2900.03,2917.19,2897.752,2911.714,16.5758,0.599
2025-03-05 15:00:00,2912.546,2923.922,2907.125,2917.285,18.196,0.519
2025-03-05 16:00:00,2917.172,2929.996,2915.27,2923.915,12.6633,0.546
2025-03-05 17:00:00,2923.925,2925.365,2913.706,2916.086,7.7195,0.584
2025-03-05 18:00:00,2916.09,2920.815,2911.37,2917.48,7.4414,0.593
2025-03-05 19:00:00,2917.483,2921.46,2916.29,2920.595,5.7346,0.551
2025-03-05 20:00:00,2920.6,2923.11,2919.67,2922.165,6.8838,0.51
2025-03-05 21:00:00,2922.27,2922.46,2917.856,2919.465,1.1663,0.576
2025-03-05 23:00:00,2918.555,2919.205,2916.85,2918.458,0.6146,0.801
2025-03-06 00:00:00,2918.445,2920.435,2916.57,2916.775,1.2878,0.543
2025-03-06 01:00:00,2916.756,2925.814,2915.975,2924.774,3.0852,0.547
2025-03-06 02:00:00,2924.778,2926.674,2922.976,2925.545,3.4671,0.529
2025-03-06 03:00:00,2925.565,2925.696,2920.186,2921.28,1.5659,0.52
2025-03-06 04:00:00,2921.27,2921.574,2916.415,2917.432,1.8206,0.516
2025-03-06 05:00:00,2917.436,2920.798,2914.674,2919.92,2.1609,0.55
2025-03-06 06:00:00,2919.945,2923.135,2919.924,2920.69,2.1004,0.537
2025-03-06 07:00:00,2920.7,2922.615,2909.87,2910.215,7.8904,0.472
2025-03-06 08:00:00,2910.175,2911.575,2901.15,2904.855,9.1094,0.475
2025-03-06 09:00:00,2904.805,2905.395,2891.16,2894.385,10.7792,0.558
2025-03-06 10:00:00,2894.36,2905.26,2892.045,2899.24,6.6007,0.52
2025-03-06 11:00:00,2899.215,2907.78,2898.66,2905.935,4.5359,0.508
2025-03-06 12:00:00,2905.945,2907.333,2899.365,2903.295,4.0248,0.525
2025-03-06 13:00:00,2903.29,2909.465,2900.925,2904.465,8.2983,0.568
2025-03-06 14:00:00,2904.415,2916.732,2903.368,2915.285,10.4673,0.597
2025-03-06 15:00:00,2915.398,2922.842,2909.114,2914.572,11.5181,0.574
2025-03-06 16:00:00,2914.556,2918.545,2912.59,2917.215,8.3031,0.599
2025-03-06 17:00:00,2917.218,2921.542,2914.43,2915.515,8.0191,0.577
2025-03-06 18:00:00,2915.585,2920.784,2913.81,2916.255,6.7528,0.633
2025-03-06 19:00:00,2916.24,2917.766,2912.315,2914.069,6.1443,0.716
2025-03-06 20:00:00,2913.978,2916.66,2908.431,2908.8,6.0411,0.568
2025-03-06 21:00:00,2908.84,2911.995,2908.415,2911.535,1.2293,0.603
2025-03-06 23:00:00,2911.695,2913.748,2909.96,2910.372,1.1357,0.628
2025-03-07 00:00:00,2910.346,2910.382,2896.471,2904.805,3.4421,0.611
2025-03-07 01:00:00,2904.835,2910.25,2901.575,2906.83,4.6598,0.552
2025-03-07 02:00:00,2906.796,2909.36,2901.245,2908.245,4.881,0.532
2025-03-07 03:00:00,2908.155,2909.138,2903.975,2905.42,3.5933,0.528
2025-03-07 04:00:00,2905.387,2908.43,2904.782,2906.71,3.1069,0.533
2025-03-07 05:00:00,2906.78,2912.635,2906.48,2909.565,3.5876,0.506
2025-03-07 06:00:00,2909.535,2914.964,2907.84,2913.605,3.1427,0.531
2025-03-07 07:00:00,2913.61,2917.414,2911.68,2917.26,2.8004,0.489
2025-03-07 08:00:00,2917.235,2923.075,2915.285,2922.478,4.5719,0.549
2025-03-07 09:00:00,2922.474,2923.04,2920.274,2921.655,4.314,0.59
2025-03-07 10:00:00,2921.645,2921.915,2917.087,2917.962,4.7447,0.573
2025-03-07 11:00:00,2917.956,2922.145,2916.699,2918.845,3.7652,0.596
2025-03-07 12:00:00,2918.85,2922.885,2918.083,2918.742,4.8309,0.592
2025-03-07 13:00:00,2918.64,2926.405,2910.25,2913.842,11.3456,0.61
2025-03-07 14:00:00,2913.756,2928.851,2903.702,2926.792,5.6764,0.612
2025-03-07 15:00:00,2926.585,2930.44,2909.007,2915.878,4.7651,0.601
2025-03-07 16:00:00,2915.798,2919.535,2911.735,2914.018,3.4341,0.519
2025-03-07 17:00:00,2914.008,2916.235,2904.966,2908.38,3.3456,0.52
2025-03-07 18:00:00,2908.235,2908.801,2902.088,2906.62,3.0483,0.512
2025-03-07 19:00:00,2906.75,2909.65,2904.695,2905.33,3.163,0.5
2025-03-07 20:00:00,2905.295,2911.345,2904.87,2909.74,3.304,0.49
2025-03-07 21:00:00,2909.76,2912.862,2908.565,2909.9,0.8344,0.633
2025-03-09 22:00:00,2911.75,2915.31,2909.73,2912.0,1.5706,0.588
2025-03-09 23:00:00,2911.995,2916.946,2911.425,2916.206,1.6449,0.621
2025-03-10 00:00:00,2916.221,2918.112,2913.086,2913.94,2.871,0.557
2025-03-10 01:00:00,2913.9,2918.415,2911.307,2912.227,4.1174,0.537
2025-03-10 02:00:00,2912.267,2914.645,2909.452,2911.585,5.0743,0.506
2025-03-10 03:00:00,2911.58,2913.74,2908.245,2910.97,3.4226,0.548
2025-03-10 04:00:00,2910.89,2912.745,2910.267,2910.942,1.4068,0.55
2025-03-10 05:00:00,2910.965,2912.005,2906.942,2910.015,2.8118,0.534
2025-03-10 06:00:00,2910.02,2914.75,2909.423,2914.47,5.2031,0.545
2025-03-10 07:00:00,2914.475,2915.538,2904.383,2908.445,7.3596,0.474
2025-03-10 08:00:00,2908.455,2910.755,2897.657,2897.912,9.7511,0.552
2025-03-10 09:00:00,2897.897,2915.523,2896.757,2911.305,7.816,0.576
2025-03-10 10:00:00,2911.295,2911.425,2898.382,2903.032,6.2104,0.576
2025-03-10 11:00:00,2903.092,2904.824,2895.745,2904.177,7.2512,0.547
2025-03-10 12:00:00,2904.215,2907.768,2900.438,2906.765,12.5945,0.521
2025-03-10 13:00:00,2906.835,2908.652,2897.735,2903.848,15.2495,0.538
2025-03-10 14:00:00,2903.824,2909.284,2900.974,2908.085,11.3194,0.579
2025-03-10 15:00:00,2908.343,2910.64,2900.66,2904.595,8.3485,0.553
2025-03-10 16:00:00,2904.606,2906.92,2895.93,2896.015,5.0827,0.611
2025-03-10 17:00:00,2895.974,2896.16,2882.78,2886.115,7.4522,0.61
2025-03-10 18:00:00,2886.125,2889.754,2880.255,2885.638,5.2028,0.633
2025-03-10 19:00:00,2885.564,2891.105,2880.255,2885.528,8.0329,0.57
2025-03-10 20:00:00,2885.555,2889.685,2884.415,2888.905,1.9162,0.573
2025-03-10 22:00:00,2889.049,2889.967,2884.141,2884.782,1.0181,0.639
2025-03-10 23:00:00,2884.732,2885.995,2882.282,2884.779,1.2065,0.619
2025-03-11 00:00:00,2884.77,2888.754,2884.239,2887.282,3.5701,0.611
2025-03-11 01:00:00,2887.475,2890.985,2880.245,2890.67,3.9823,0.617
2025-03-11 02:00:00,2890.635,2900.569,2889.995,2899.115,5.936,0.602
2025-03-11 03:00:00,2899.095,2899.435,2895.146,2897.005,4.2363,0.601
2025-03-11 04:00:00,2897.002,2898.758,2895.502,2897.755,1.2846,0.54
2025-03-11 05:00:00,2897.715,2899.218,2892.715,2895.908,3.1175,0.545
2025-03-11 06:00:00,2895.914,2902.88,2893.54,2902.455,7.1071,0.548
2025-03-11 07:00:00,2902.45,2903.7,2897.64,2901.132,5.1751,0.506
2025-03-11 08:00:00,2901.16,2910.474,2900.496,2910.115,5.382,0.466
2025-03-11 09:00:00,2910.11,2912.465,2908.824,2911.745,6.1289,0.461
2025-03-11 10:00:00,2911.783,2914.585,2910.915,2912.055,4.3978,0.455
2025-03-11 11:00:00,2912.083,2915.476,2910.745,2913.665,5.5979,0.466
2025-03-11 12:00:00,2913.67,2916.045,2910.55,2913.13,7.1499,0.467
2025-03-11 13:00:00,2913.195,2922.276,2906.905,2918.16,9.7313,0.482
2025-03-11 14:00:00,2918.149,2920.965,2911.845,2914.104,7.1029,0.499
2025-03-11 15:00:00,2914.096,2919.915,2914.01,2916.885,6.6551,0.482
2025-03-11 16:00:00,2916.877,2918.165,2915.175,2917.23,2.7075,0.497
2025-03-11 17:00:00,2917.235,2920.71,2914.123,2917.805,3.4204,0.525
2025-03-11 18:00:00,2917.802,2919.63,2915.24,2918.26,2.3505,0.502
2025-03-11 19:00:00,2918.285,2921.45,2917.485,2918.425,7.1112,0.46
2025-03-11 20:00:00,2918.428,2919.09,2915.14,2916.245,1.2826,0.484
2025-03-11 22:00:00,2915.65,2918.1,2914.454,2917.565,0.9782,0.601
2025-03-11 23:00:00,2917.585,2919.775,2915.417,2915.456,0.8152,0.639
2025-03-12 00:00:00,2915.476,2915.592,2912.17,2914.355,1.5993,0.566
2025-03-12 01:00:00,2914.31,2917.468,2910.856,2914.985,3.1611,0.55
2025-03-12 02:00:00,2914.835,2918.395,2914.015,2916.375,3.1391,0.55
2025-03-12 03:00:00,2916.33,2920.069,2914.91,2914.98,2.3357,0.522
2025-03-12 04:00:00,2915.035,2916.15,2912.59,2915.055,1.9281,0.532
2025-03-12 05:00:00,2915.02,2916.552,2912.132,2916.016,2.6887,0.565
2025-03-12 06:00:00,2916.065,2921.285,2911.365,2911.88,6.9593,0.505
2025-03-12 07:00:00,2911.89,2915.745,2909.025,2914.558,6.8451,0.465
2025-03-12 08:00:00,2914.548,2922.27,2914.065,2922.26,8.2624,0.469
2025-03-12 09:00:00,2922.265,2925.395,2913.76,2914.806,6.9836,0.486
2025-03-12 10:00:00,2914.782,2917.085,2912.815,2914.47,5.4208,0.49
2025-03-12 11:00:00,2914.465,2916.788,2912.74,2915.36,4.3166,0.49
2025-03-12 12:00:00,2915.345,2923.405,2912.17,2917.58,7.6747,0.508
2025-03-12 13:00:00,2917.57,2918.91,2906.03,2915.695,9.8748,0.536
2025-03-12 14:00:00,2915.675,2922.655,2914.365,2921.97,12.0846,0.548
2025-03-12 15:00:00,2921.98,2929.435,2921.495,2928.445,9.0478,0.553
2025-03-12 16:00:00,2928.653,2939.221,2927.985,2936.28,7.299,0.566
2025-03-12 17:00:00,2936.272,2940.632,2935.888,2936.254,5.0938,0.581
2025-03-12 18:00:00,2936.199,2937.545,2933.765,2935.295,5.2106,0.592
2025-03-12 19:00:00,2935.246,2935.78,2931.05,2931.384,6.7117,0.533
2025-03-12 20:00:00,2931.326,2934.305,2930.965,2933.925,2.0006,0.587
2025-03-12 22:00:00,2934.696,2939.094,2933.335,2938.264,1.0315,0.659
2025-03-12 23:00:00,2938.239,2939.495,2934.735,2938.17,2.4378,0.579
2025-03-13 00:00:00,2938.155,2939.489,2937.632,2938.7,1.9306,0.576
2025-03-13 01:00:00,2938.75,2941.595,2936.496,2937.935,3.0826,0.554
2025-03-13 02:00:00,2937.975,2946.13,2937.545,2944.35,3.5453,0.534
2025-03-13 03:00:00,2944.358,2947.218,2943.02,2945.72,2.2384,0.552
2025-03-13 04:00:00,2945.68,2946.335,2943.575,2944.745,1.4549,0.558
2025-03-13 05:00:00,2944.785,2945.2,2938.295,2940.17,3.0905,0.572
2025-03-13 06:00:00,2940.155,2940.405,2935.515,2936.92,6.5705,0.512
2025-03-13 07:00:00,2936.968,2938.205,2932.986,2935.315,5.5526,0.471
2025-03-13 08:00:00,2935.315,2945.01,2934.905,2941.58,6.1684,0.507
2025-03-13 09:00:00,2941.593,2948.945,2941.1,2947.816,5.6712,0.469
2025-03-13 10:00:00,2947.84,2948.685,2942.155,2944.14,5.349,0.466
2025-03-13 11:00:00,2944.125,2948.66,2944.125,2946.385,6.9061,0.47
2025-03-13 12:00:00,2946.382,2949.268,2941.128,2942.464,9.1503,0.501
2025-03-13 13:00:00,2942.464,2952.463,2939.055,2950.405,8.1223,0.493
2025-03-13 14:00:00,2950.445,2971.286,2949.906,2969.98,9.6678,0.488
2025-03-13 15:00:00,2970.014,2978.45,2966.436,2977.9,11.4402,0.497
2025-03-13 16:00:00,2977.905,2985.35,2976.645,2980.18,8.155,0.5
2025-03-13 17:00:00,2980.205,2982.36,2976.45,2979.56,2.4228,0.552
2025-03-13 18:00:00,2979.575,2984.432,2979.165,2983.436,2.454,0.594
2025-03-13 19:00:00,2983.366,2985.55,2980.63,2982.953,5.9599,0.529
2025-03-13 20:00:00,2982.99,2989.435,2981.24,2988.82,1.5615,0.528
2025-03-13 22:00:00,2989.61,2990.068,2983.087,2987.305,1.016,0.607
2025-03-13 23:00:00,2987.326,2989.345,2985.386,2986.5,1.1414,0.605
2025-03-14 00:00:00,2986.48,2988.838,2984.681,2986.75,1.6772,0.582
2025-03-14 01:00:00,2986.766,2990.278,2981.765,2988.015,4.64,0.575
2025-03-14 02:00:00,2987.985,2988.665,2983.885,2984.162,2.0478,0.548
2025-03-14 03:00:00,2984.176,2993.064,2984.022,2992.668,3.0739,0.526
2025-03-14 04:00:00,2992.665,2994.064,2984.446,2985.48,2.6534,0.533
2025-03-14 05:00:00,2985.623,2986.753,2981.897,2986.435,2.8647,0.557
2025-03-14 06:00:00,2986.399,2987.82,2981.222,2985.775,5.4995,0.494
2025-03-14 07:00:00,2985.77,2987.165,2981.088,2986.992,4.552,0.501
2025-03-14 08:00:00,2987.034,2993.345,2985.245,2992.98,5.0479,0.496
2025-03-14 09:00:00,2992.99,2999.555,2992.75,2998.895,6.1654,0.504
2025-03-14 10:00:00,2998.915,3004.984,2986.73,2993.373,7.4399,0.564
2025-03-14 11:00:00,2993.364,2999.26,2993.319,2993.53,7.0167,0.563
2025-03-14 12:00:00,2993.52,2999.675,2993.39,2993.899,8.4991,0.545
2025-03-14 13:00:00,2993.904,2996.132,2983.265,2985.663,10.0345,0.58
2025-03-14 14:00:00,2985.25,2993.465,2982.087,2985.485,7.8064,0.614
2025-03-14 15:00:00,2985.465,2986.5,2978.445,2984.646,4.7634,0.636
2025-03-14 16:00:00,2984.532,2990.065,2983.065,2989.802,5.4429,0.584
2025-03-14 17:00:00,2989.87,2990.545,2986.42,2986.67,6.8858,0.583
2025-03-14 18:00:00,2986.723,2987.134,2983.227,2983.467,4.8113,0.59
2025-03-14 19:00:00,2983.477,2986.095,2982.235,2984.08,5.7572,0.529
2025-03-14 20:00:00,2984.08,2988.885,2981.875,2984.72,1.224,0.625
2025-03-16 22:00:00,2985.205,2990.825,2983.326,2989.194,1.8534,0.534
2025-03-16 23:00:00,2989.239,2994.245,2988.428,2990.15,1.9391,0.636
2025-03-17 00:00:00,2990.145,2991.178,2986.382,2991.018,2.7435,0.592
2025-03-17 01:00:00,2991.024,2993.22,2988.705,2990.885,7.6422,0.605
2025-03-17 02:00:00,2990.915,2992.065,2987.062,2988.206,2.6095,0.596
2025-03-17 03:00:00,2988.24,2988.775,2985.32,2987.104,3.2346,0.527
2025-03-17 04:00:00,2987.1,2988.054,2982.345,2982.664,3.3554,0.552
2025-03-17 05:00:00,2982.859,2986.215,2982.265,2986.149,2.489,0.572
2025-03-17 06:00:00,2986.164,2990.83,2985.445,2989.94,4.8616,0.513
2025-03-17 07:00:00,2989.93,2990.047,2984.134,2985.55,4.4936,0.504
2025-03-17 08:00:00,2985.557,2988.55,2983.155,2988.55,4.523,0.515
2025-03-17 09:00:00,2988.564,2996.965,2987.675,2995.77,5.9134,0.508
2025-03-17 10:00:00,2995.74,2999.555,2994.859,2998.995,2.4104,0.549
2025-03-17 11:00:00,2999.005,3001.364,2996.551,2997.644,2.8009,0.554
2025-03-17 12:00:00,2997.678,2997.98,2984.81,2987.21,6.1787,0.563
2025-03-17 13:00:00,2987.235,2991.462,2986.085,2988.41,6.2354,0.551
2025-03-17 14:00:00,2988.4,3000.645,2987.215,2998.77,8.1857,0.585
2025-03-17 15:00:00,2998.774,2999.436,2992.992,2997.215,4.813,0.593
2025-03-17 16:00:00,2997.235,2997.785,2993.105,2994.614,5.8494,0.604
2025-03-17 17:00:00,2994.57,2999.59,2994.535,2997.995,3.8338,0.612
2025-03-17 18:00:00,2997.994,3000.465,2996.779,2999.446,3.6224,0.604
2025-03-17 19:00:00,2999.44,3000.93,2997.726,3000.302,5.1545,0.483
2025-03-17 20:00:00,3000.335,3002.03,3000.136,3001.4,2.2172,0.518
2025-03-17 22:00:00,3001.0,3001.876,3000.005,3000.3,0.3236,0.661
2025-03-17 23:00:00,3000.325,3002.948,2999.641,2999.832,0.5866,0.629
2025-03-18 00:00:00,2999.826,3003.68,2999.562,3001.586,1.4203,0.551
2025-03-18 01:00:00,3001.572,3008.512,2999.475,3005.818,2.9137,0.574
2025-03-18 02:00:00,3005.82,3012.21,3002.88,3010.995,1.9214,0.593
2025-03-18 03:00:00,3010.99,3015.165,3009.636,3011.51,2.071,0.606
2025-03-18 04:00:00,3011.545,3017.218,3011.365,3014.506,1.3772,0.597
2025-03-18 05:00:00,3014.486,3014.846,3006.162,3012.046,2.275,0.585
2025-03-18 06:00:00,3012.075,3017.702,3010.634,3015.83,4.7738,0.554
2025-03-18 07:00:00,3015.835,3018.97,3014.487,3016.542,6.0026,0.525
2025-03-18 08:00:00,3016.532,3027.363,3016.477,3026.69,8.8584,0.494
2025-03-18 09:00:00,3026.645,3028.588,3018.217,3020.247,8.4709,0.507
2025-03-18 10:00:00,3020.112,3025.808,3019.695,3024.091,7.3928,0.519
2025-03-18 11:00:00,3024.095,3029.586,3022.475,3026.902,6.4907,0.532
2025-03-18 12:00:00,3026.887,3035.87,3026.79,3034.356,7.8366,0.549
2025-03-18 13:00:00,3034.34,3038.351,3026.295,3033.375,8.6189,0.56
2025-03-18 14:00:00,3033.176,3033.176,3024.772,3028.083,9.0149,0.553
2025-03-18 15:00:00,3028.068,3032.614,3025.195,3031.833,7.089,0.555
2025-03-18 16:00:00,3031.808,3037.08,3030.555,3036.11,5.2403,0.572
2025-03-18 17:00:00,3036.208,3036.378,3029.795,3032.645,3.4858,0.575
2025-03-18 18:00:00,3032.685,3036.458,3032.455,3035.875,2.0571,0.527
2025-03-18 19:00:00,3035.835,3038.055,3035.302,3035.63,5.0942,0.436
2025-03-18 20:00:00,3035.65,3036.025,3033.385,3034.59,1.3987,0.544
2025-03-18 22:00:00,3034.105,3034.828,3032.68,3034.52,0.437,0.62
2025-03-18 23:00:00,3034.605,3035.2,3031.526,3031.786,0.9225,0.623
2025-03-19 00:00:00,3031.805,3034.16,3030.546,3031.455,1.6676,0.591
2025-03-19 01:00:00,3031.46,3032.76,3027.465,3029.615,4.1038,0.589
2025-03-19 02:00:00,3029.545,3033.915,3029.085,3033.534,3.7,0.587
2025-03-19 03:00:00,3033.465,3039.13,3032.332,3036.346,3.5183,0.58
2025-03-19 04:00:00,3036.345,3037.748,3034.26,3036.588,2.566,0.568
2025-03-19 05:00:00,3036.698,3045.405,3036.615,3044.58,3.9103,0.601
2025-03-19 06:00:00,3044.53,3044.855,3034.58,3042.33,6.5032,0.582
2025-03-19 07:00:00,3042.345,3042.95,3035.535,3035.91,4.3137,0.551
2025-03-19 08:00:00,3035.91,3037.106,3024.705,3025.156,6.1486,0.643
2025-03-19 09:00:00,3025.136,3031.488,3022.745,3030.649,5.4622,0.668
2025-03-19 10:00:00,3030.62,3037.944,3028.484,3034.718,4.8522,0.682
2025-03-19 11:00:00,3034.72,3039.975,3033.798,3038.985,2.7543,0.592
2025-03-19 12:00:00,3038.936,3041.155,3036.355,3037.221,5.5172,0.541
2025-03-19 13:00:00,3037.206,3038.3,3027.667,3033.4,7.5402,0.553
2025-03-19 14:00:00,3033.224,3033.224,3025.915,3027.718,6.0784,0.543
2025-03-19 15:00:00,3027.699,3033.04,3026.888,3031.53,4.5996,0.537
2025-03-19 16:00:00,3031.57,3038.444,3031.425,3033.195,3.5629,0.544
2025-03-19 17:00:00,3033.24,3034.315,3029.52,3030.675,2.3396,0.588
2025-03-19 18:00:00,3030.89,3048.78,3029.72,3046.9,4.5902,0.581
2025-03-19 19:00:00,3046.98,3052.042,3040.992,3047.925,8.5685,0.523
2025-03-19 20:00:00,3047.94,3048.152,3044.355,3047.13,1.4766,0.6
2025-03-19 22:00:00,3048.25,3050.64,3047.005,3050.285,0.7979,0.605
2025-03-19 23:00:00,3050.286,3051.38,3048.846,3050.15,1.1401,0.621
2025-03-20 00:00:00,3050.175,3055.604,3050.175,3053.266,2.4009,0.593
2025-03-20 01:00:00,3053.261,3056.394,3049.435,3049.732,3.8122,0.603
2025-03-20 02:00:00,3049.712,3052.195,3045.056,3045.616,3.8139,0.575
2025-03-20 03:00:00,3045.606,3050.575,3045.432,3050.055,2.3784,0.588
2025-03-20 04:00:00,3050.022,3057.57,3048.22,3052.426,2.4064,0.588
2025-03-20 05:00:00,3052.456,3053.592,3044.945,3046.895,4.2649,0.56
2025-03-20 06:00:00,3046.864,3051.655,3045.738,3049.06,5.1376,0.529
2025-03-20 07:00:00,3049.07,3049.095,3041.885,3042.34,7.6987,0.505
2025-03-20 08:00:00,3042.335,3043.996,3038.7,3041.97,7.7726,0.528
2025-03-20 09:00:00,3041.94,3046.33,3040.66,3041.574,8.0323,0.501
2025-03-20 10:00:00,3041.595,3041.62,3025.69,3034.314,7.5472,0.568
2025-03-20 11:00:00,3034.324,3035.304,3029.385,3034.555,5.2457,0.539
2025-03-20 12:00:00,3034.615,3042.444,3033.42,3040.954,7.521,0.545
2025-03-20 13:00:00,3041.103,3041.19,3030.106,3032.782,8.7662,0.556
2025-03-20 14:00:00,3032.78,3040.93,3030.632,3040.26,9.4881,0.536
2025-03-20 15:00:00,3040.288,3041.935,3037.675,3040.772,7.387,0.532
2025-03-20 16:00:00,3040.75,3043.33,3033.976,3038.42,4.9072,0.561
2025-03-20 17:00:00,3038.44,3042.025,3034.786,3041.818,2.359,0.558
2025-03-20 18:00:00,3041.83,3045.464,3040.917,3043.305,2.861,0.562
2025-03-20 19:00:00,3043.277,3046.199,3043.25,3044.7,4.7746,0.517
2025-03-20 20:00:00,3044.65,3045.945,3044.365,3045.035,1.9386,0.529
2025-03-20 22:00:00,3044.914,3046.115,3043.672,3045.865,0.3652,0.665
2025-03-20 23:00:00,3045.855,3046.775,3044.6,3046.528,0.8162,0.604
2025-03-21 00:00:00,3046.534,3047.568,3042.35,3042.935,1.6943,0.572
2025-03-21 01:00:00,3042.958,3044.694,3035.9,3035.97,4.7792,0.576
2025-03-21 02:00:00,3035.975,3037.07,3033.885,3034.715,4.7491,0.583
2025-03-21 03:00:00,3034.71,3034.71,3030.055,3030.602,4.1962,0.557
2025-03-21 04:00:00,3030.556,3032.136,3027.996,3029.95,3.3108,0.571
2025-03-21 05:00:00,3030.005,3030.475,3021.518,3028.14,3.934,0.576
2025-03-21 06:00:00,3028.115,3034.004,3027.49,3029.86,6.568,0.538
2025-03-21 07:00:00,3029.865,3033.535,3028.14,3032.025,4.9389,0.497
2025-03-21 08:00:00,3032.01,3034.78,3027.13,3032.998,6.6643,0.483
2025-03-21 09:00:00,3032.838,3033.17,3027.8,3029.71,5.2209,0.499
2025-03-21 10:00:00,3029.7,3033.548,3029.635,3030.856,3.4185,0.536
2025-03-21 11:00:00,3030.822,3037.76,3028.952,3034.4,2.7219,0.544
2025-03-21 12:00:00,3034.395,3038.24,3033.54,3034.086,6.2612,0.526
2025-03-21 13:00:00,3034.051,3036.93,3004.35,3006.62,9.0427,0.547
2025-03-21 14:00:00,3006.604,3016.986,2999.502,3015.76,8.8449,0.57
2025-03-21 15:00:00,3015.78,3018.07,3010.07,3011.088,4.6026,0.55
2025-03-21 16:00:00,3011.114,3017.195,3010.681,3015.235,2.4805,0.558
2025-03-21 17:00:00,3015.325,3018.308,3012.876,3013.69,2.9582,0.577
2025-03-21 18:00:00,3013.687,3021.739,3013.48,3017.5,2.1977,0.566
2025-03-21 19:00:00,3017.49,3022.065,3016.022,3020.045,6.6114,0.481
2025-03-21 20:00:00,3020.063,3024.37,3020.01,3023.52,1.3765,0.556
2025-03-23 22:00:00,3021.15,3026.215,3020.925,3025.67,0.9474,0.663
2025-03-23 23:00:00,3025.68,3026.35,3023.36,3024.805,1.0349,0.607
2025-03-24 00:00:00,3024.636,3025.615,3017.115,3018.645,3.3666,0.575
2025-03-24 01:00:00,3018.59,3025.764,3018.385,3020.975,4.6397,0.592
2025-03-24 02:00:00,3021.012,3024.61,3013.755,3016.424,2.7735,0.584
2025-03-24 03:00:00,3016.399,3019.88,3015.736,3017.015,2.43,0.562
2025-03-24 04:00:00,3016.995,3020.214,3016.562,3019.45,1.4614,0.581
2025-03-24 05:00:00,3019.435,3023.29,3018.986,3022.16,2.6635,0.582
2025-03-24 06:00:00,3022.155,3025.765,3017.385,3025.13,4.1967,0.54
2025-03-24 07:00:00,3025.14,3028.95,3021.06,3022.425,6.8912,0.508
2025-03-24 08:00:00,3022.405,3029.109,3021.935,3028.935,7.0863,0.536
2025-03-24 09:00:00,3028.954,3031.144,3022.63,3023.636,5.663,0.546
2025-03-24 10:00:00,3023.672,3033.395,3023.47,3028.142,5.0769,0.553
2025-03-24 11:00:00,3028.152,3029.345,3024.434,3024.712,3.4023,0.55
2025-03-24 12:00:00,3024.692,3028.685,3022.498,3024.39,6.2894,0.522
2025-03-24 13:00:00,3024.24,3028.338,3019.2,3022.604,7.9711,0.558
2025-03-24 14:00:00,3022.532,3024.132,3008.006,3012.175,11.2885,0.532
2025-03-24 15:00:00,3012.138,3015.399,3006.042,3014.145,7.9659,0.55
2025-03-24 16:00:00,3014.149,3015.73,3008.075,3009.84,6.3077,0.544
2025-03-24 17:00:00,3009.835,3010.05,3006.098,3007.11,3.2734,0.564
2025-03-24 18:00:00,3007.09,3008.274,3002.445,3006.88,3.3725,0.566
2025-03-24 19:00:00,3006.91,3008.375,3005.025,3006.195,5.2348,0.472
2025-03-24 20:00:00,3006.195,3014.76,3005.685,3011.86,2.3906,0.462
2025-03-24 22:00:00,3011.958,3012.71,3009.145,3011.51,1.0307,0.463
2025-03-24 23:00:00,3011.528,3012.4,3009.475,3009.92,1.1128,0.618
2025-03-25 00:00:00,3009.94,3015.029,3009.138,3014.215,1.451,0.582
2025-03-25 01:00:00,3014.246,3014.685,3010.702,3011.958,3.3264,0.601
2025-03-25 02:00:00,3011.985,3012.474,3007.61,3009.25,3.3494,0.597
2025-03-25 03:00:00,3009.275,3016.388,3008.664,3015.42,3.5362,0.579
2025-03-25 04:00:00,3015.47,3016.495,3014.776,3015.29,2.2304,0.575
2025-03-25 05:00:00,3015.262,3021.2,3014.37,3018.434,3.2127,0.586
2025-03-25 06:00:00,3018.372,3018.765,3014.83,3017.805,4.4473,0.529
2025-03-25 07:00:00,3017.805,3018.17,3010.492,3011.16,3.8907,0.485
2025-03-25 08:00:00,3011.17,3021.965,3010.682,3021.405,5.4003,0.543
2025-03-25 09:00:00,3021.354,3023.638,3019.035,3023.405,3.3297,0.526
2025-03-25 10:00:00,3023.355,3024.935,3020.702,3023.63,2.7496,0.547
2025-03-25 11:00:00,3023.652,3026.554,3020.412,3020.734,3.4754,0.559
2025-03-25 12:00:00,3020.69,3023.318,3014.22,3021.896,4.5385,0.554
2025-03-25 13:00:00,3021.61,3030.765,3020.95,3028.765,7.062,0.558
2025-03-25 14:00:00,3028.76,3036.104,3025.098,3025.158,12.1256,0.484
2025-03-25 15:00:00,3025.164,3028.155,3018.032,3021.585,9.6281,0.507
2025-03-25 16:00:00,3021.63,3025.715,3021.41,3023.28,6.0414,0.503
2025-03-25 17:00:00,3023.313,3023.38,3019.85,3022.81,5.5558,0.521
2025-03-25 18:00:00,3022.79,3023.005,3017.812,3018.6,3.2926,0.498
2025-03-25 19:00:00,3018.597,3020.83,3017.825,3019.675,1.7199,0.456
2025-03-25 20:00:00,3019.77,3020.845,3018.9,3020.035,0.5739,0.508
2025-03-25 22:00:00,3019.623,3022.49,3019.302,3021.335,0.4834,0.655
2025-03-25 23:00:00,3021.46,3021.99,3020.574,3021.07,0.3735,0.653
2025-03-26 00:00:00,3021.055,3022.265,3017.888,3018.175,1.2421,0.554
2025-03-26 01:00:00,3018.145,3025.548,3016.472,3024.918,3.8171,0.59
2025-03-26 02:00:00,3024.944,3027.26,3022.925,3024.305,3.0635,0.576
2025-03-26 03:00:00,3024.275,3024.275,3016.526,3017.675,3.1916,0.57
2025-03-26 04:00:00,3017.646,3017.675,3014.315,3015.305,1.517,0.59
2025-03-26 05:00:00,3015.345,3024.168,3013.342,3022.95,3.3825,0.585
2025-03-26 06:00:00,3022.928,3026.514,3022.156,3026.348,6.4807,0.51
2025-03-26 07:00:00,3026.344,3030.855,3025.144,3030.565,3.6498,0.559
2025-03-26 08:00:00,3030.555,3032.115,3023.665,3024.12,5.7412,0.494
2025-03-26 09:00:00,3024.125,3024.295,3017.55,3018.75,5.7961,0.492
2025-03-26 10:00:00,3018.542,3025.028,3017.03,3023.335,5.1693,0.488
2025-03-26 11:00:00,3023.325,3030.52,3023.305,3027.51,5.6654,0.478
2025-03-26 12:00:00,3027.53,3030.12,3025.45,3027.145,6.5797,0.496
2025-03-26 13:00:00,3027.153,3027.495,3015.91,3016.762,9.9644,0.493
2025-03-26 14:00:00,3016.746,3021.8,3014.96,3017.535,5.5872,0.513
2025-03-26 15:00:00,3017.515,3018.97,3012.39,3016.0,4.3722,0.473
2025-03-26 16:00:00,3015.975,3020.118,3015.26,3015.715,3.3066,0.49
2025-03-26 17:00:00,3015.715,3019.135,3015.34,3018.805,2.635,0.485
2025-03-26 18:00:00,3018.904,3020.92,3018.19,3018.395,2.3129,0.484
2025-03-26 19:00:00,3018.4,3019.105,3015.81,3017.365,2.7129,0.474
2025-03-26 20:00:00,3017.37,3021.906,3017.235,3019.535,1.0114,0.523
2025-03-26 22:00:00,3019.627,3021.09,3018.034,3019.495,0.7609,0.667
2025-03-26 23:00:00,3019.475,3021.859,3017.65,3021.698,1.3544,0.582
2025-03-27 00:00:00,3021.685,3025.915,3021.678,3025.438,1.2976,0.59
2025-03-27 01:00:00,3025.448,3028.444,3023.002,3023.606,3.4541,0.598
2025-03-27 02:00:00,3023.656,3032.965,3023.356,3031.748,3.5195,0.597
2025-03-27 03:00:00,3031.764,3034.328,3029.744,3033.74,2.8412,0.573
2025-03-27 04:00:00,3033.699,3038.748,3031.806,3034.21,2.7466,0.561
2025-03-27 05:00:00,3034.255,3035.97,3029.351,3029.782,3.1081,0.559
2025-03-27 06:00:00,3029.766,3033.42,3026.795,3030.152,5.6135,0.525
2025-03-27 07:00:00,3030.065,3036.76,3029.355,3035.97,6.4976,0.492
2025-03-27 08:00:00,3036.064,3038.07,3033.748,3036.16,6.8534,0.493
2025-03-27 09:00:00,3036.175,3041.188,3034.73,3040.055,5.0282,0.506
2025-03-27 10:00:00,3040.07,3055.948,3039.906,3051.456,5.3995,0.548
2025-03-27 11:00:00,3051.522,3055.828,3048.922,3054.744,3.6616,0.549
2025-03-27 12:00:00,3054.775,3056.018,3047.19,3050.1,5.869,0.584
2025-03-27 13:00:00,3050.105,3052.174,3033.515,3040.674,8.4073,0.486
2025-03-27 14:00:00,3040.694,3059.759,3040.694,3057.715,7.887,0.522
2025-03-27 15:00:00,3057.805,3059.285,3051.316,3052.186,6.2873,0.571
2025-03-27 16:00:00,3052.181,3054.332,3047.74,3048.484,3.7702,0.587
2025-03-27 17:00:00,3048.494,3053.35,3047.84,3052.95,2.5081,0.582
2025-03-27 18:00:00,3052.905,3057.6,3052.655,3056.015,2.4816,0.554
2025-03-27 19:00:00,3055.995,3057.91,3055.0,3057.573,3.0971,0.493
2025-03-27 20:00:00,3057.575,3057.71,3055.085,3056.47,0.9207,0.578
2025-03-27 22:00:00,3056.462,3057.756,3054.606,3055.2,0.6764,0.703
2025-03-27 23:00:00,3055.3,3056.185,3054.22,3055.615,0.8336,0.664
2025-03-28 00:00:00,3055.505,3063.574,3054.98,3062.03,3.269,0.514
2025-03-28 01:00:00,3061.85,3074.115,3061.84,3073.955,5.2843,0.587
2025-03-28 02:00:00,3073.975,3077.69,3070.12,3071.94,3.6946,0.598
2025-03-28 03:00:00,3071.78,3076.7,3069.696,3075.335,4.3373,0.577
2025-03-28 04:00:00,3075.34,3075.465,3072.61,3073.975,1.6203,0.579
2025-03-28 05:00:00,3074.03,3082.075,3072.59,3077.896,4.2758,0.591
2025-03-28 06:00:00,3077.872,3085.036,3076.72,3084.86,6.3207,0.551
2025-03-28 07:00:00,3084.805,3086.095,3077.73,3079.21,5.3198,0.544
2025-03-28 08:00:00,3079.2,3081.377,3066.141,3072.996,6.0569,0.556
2025-03-28 09:00:00,3072.995,3076.22,3069.71,3072.97,5.2814,0.535
2025-03-28 10:00:00,3072.985,3074.718,3067.395,3074.415,5.3565,0.522
2025-03-28 11:00:00,3074.406,3079.978,3074.11,3076.385,5.5173,0.499
2025-03-28 12:00:00,3076.413,3081.97,3072.498,3077.51,6.3073,0.53
2025-03-28 13:00:00,3077.5,3084.325,3070.86,3083.535,9.6103,0.544
2025-03-28 14:00:00,3083.5,3086.955,3068.118,3070.06,7.6358,0.544
2025-03-28 15:00:00,3070.034,3085.82,3067.39,3083.835,5.7178,0.544
2025-03-28 16:00:00,3083.824,3086.815,3080.452,3083.995,3.3869,0.535
2025-03-28 17:00:00,3083.98,3085.982,3076.146,3077.53,2.2394,0.547
2025-03-28 18:00:00,3077.622,3080.55,3073.64,3079.825,1.7308,0.539
2025-03-28 19:00:00,3079.82,3081.968,3079.526,3080.845,2.7287,0.498
2025-03-28 20:00:00,3080.83,3085.984,3080.83,3085.3,1.377,0.529
2025-03-30 22:00:00,3087.3,3097.94,3085.95,3090.088,2.5187,0.603
2025-03-30 23:00:00,3090.048,3090.98,3087.948,3089.186,1.4033,0.598
2025-03-31 00:00:00,3089.16,3089.826,3077.55,3079.076,2.4988,0.568
2025-03-31 01:00:00,3079.072,3095.382,3076.85,3094.925,4.9066,0.601
2025-03-31 02:00:00,3094.928,3107.385,3094.034,3106.845,5.8721,0.629
2025-03-31 03:00:00,3106.782,3111.838,3105.242,3107.246,2.9904,0.67
2025-03-31 04:00:00,3107.21,3115.994,3106.035,3113.445,1.9942,0.618
2025-03-31 05:00:00,3113.42,3120.038,3107.562,3116.652,3.3308,0.642
2025-03-31 06:00:00,3116.641,3128.125,3113.532,3119.338,7.5292,0.56
2025-03-31 07:00:00,3119.358,3125.508,3118.615,3124.616,5.0675,0.565
2025-03-31 08:00:00,3124.606,3127.244,3121.029,3122.252,3.8061,0.574
2025-03-31 09:00:00,3122.286,3123.44,3112.045,3115.062,3.0545,0.596
2025-03-31 10:00:00,3115.082,3123.828,3111.946,3118.525,3.8899,0.571
2025-03-31 11:00:00,3118.538,3119.844,3113.396,3119.585,3.6663,0.527
2025-03-31 12:00:00,3119.618,3126.846,3118.205,3124.63,5.6146,0.524
2025-03-31 13:00:00,3124.638,3124.8,3099.965,3113.606,8.9845,0.517
2025-03-31 14:00:00,3113.551,3123.672,3110.958,3123.245,8.6014,0.496
2025-03-31 15:00:00,3123.25,3127.29,3112.925,3113.86,6.2969,0.484
2025-03-31 16:00:00,3113.88,3120.765,3111.67,3117.625,4.1072,0.51
2025-03-31 17:00:00,3117.615,3120.412,3115.895,3117.995,3.6859,0.46
2025-03-31 18:00:00,3118.005,3123.496,3117.39,3121.535,2.968,0.48
2025-03-31 19:00:00,3121.525,3124.737,3121.045,3124.5,3.1158,0.432
2025-03-31 20:00:00,3124.495,3124.854,3122.98,3123.515,1.0733,0.448
2025-03-31 22:00:00,3123.1,3125.886,3121.742,3122.876,0.6016,0.604
2025-03-31 23:00:00,3122.872,3126.535,3120.086,3120.636,1.5428,0.56
2025-04-01 00:00:00,3120.58,3127.955,3120.31,3127.268,2.0597,0.563
2025-04-01 01:00:00,3127.218,3138.248,3126.582,3135.49,6.5175,0.575
2025-04-01 02:00:00,3135.48,3145.838,3132.992,3145.21,5.6781,0.588
2025-04-01 03:00:00,3145.145,3147.49,3142.68,3146.095,3.1347,0.556
2025-04-01 04:00:00,3146.08,3148.028,3142.8,3144.795,2.329,0.568
2025-04-01 05:00:00,3144.774,3149.094,3130.542,3132.146,4.6495,0.571
2025-04-01 06:00:00,3132.141,3138.248,3126.605,3133.798,9.5673,0.519
2025-04-01 07:00:00,3133.79,3137.823,3124.212,3127.624,7.3244,0.507
2025-04-01 08:00:00,3127.606,3135.728,3126.44,3131.023,4.8746,0.529
2025-04-01 09:00:00,3131.088,3134.218,3130.233,3132.364,3.814,0.52
2025-04-01 10:00:00,3132.37,3139.022,3130.825,3132.382,7.2038,0.504
2025-04-01 11:00:00,3132.372,3135.965,3128.775,3130.452,4.2199,0.571
2025-04-01 12:00:00,3130.485,3134.665,3127.775,3133.43,4.7495,0.496
2025-04-01 13:00:00,3133.45,3137.22,3128.272,3133.93,6.6207,0.561
2025-04-01 14:00:00,3134.09,3135.455,3123.79,3128.755,7.4773,0.532
2025-04-01 15:00:00,3128.74,3133.08,3113.43,3113.755,6.5257,0.526
2025-04-01 16:00:00,3113.722,3116.865,3100.915,3106.7,7.1151,0.517
2025-04-01 17:00:00,3106.7,3114.745,3105.815,3113.725,3.996,0.493
2025-04-01 18:00:00,3113.715,3118.785,3113.34,3114.23,3.3191,0.5
2025-04-01 19:00:00,3114.195,3119.192,3113.814,3118.816,2.3033,0.483
2025-04-01 20:00:00,3118.782,3120.845,3113.194,3114.095,1.0766,0.549
2025-04-01 22:00:00,3113.8,3114.89,3107.778,3111.4,0.9821,0.616
2025-04-01 23:00:00,3111.5,3116.36,3111.308,3115.306,1.0755,0.578
2025-04-02 00:00:00,3115.312,3123.91,3113.035,3123.034,2.463,0.596
2025-04-02 01:00:00,3123.03,3135.486,3121.385,3133.215,4.9026,0.605
2025-04-02 02:00:00,3133.168,3135.85,3128.582,3128.632,3.1817,0.588
2025-04-02 03:00:00,3128.605,3132.245,3124.655,3125.534,2.6594,0.558
2025-04-02 04:00:00,3125.616,3126.772,3115.625,3116.186,2.2668,0.584
2025-04-02 05:00:00,3116.296,3119.276,3108.672,3118.125,3.8675,0.605
2025-04-02 06:00:00,3118.155,3119.846,3114.088,3116.605,3.7804,0.528
2025-04-02 07:00:00,3116.564,3126.105,3112.2,3125.33,4.1749,0.49
2025-04-02 08:00:00,3125.345,3133.968,3123.471,3131.378,3.9331,0.521
2025-04-02 09:00:00,3131.388,3131.674,3127.032,3131.188,2.5228,0.554
2025-04-02 10:00:00,3131.184,3131.495,3110.217,3114.495,3.5258,0.553
2025-04-02 11:00:00,3114.49,3124.014,3114.42,3121.435,2.5838,0.547
2025-04-02 12:00:00,3121.455,3127.44,3117.114,3122.486,3.5475,0.579
2025-04-02 13:00:00,3122.471,3132.176,3116.695,3122.346,6.9764,0.57
2025-04-02 14:00:00,3122.382,3129.46,3119.333,3124.965,4.1815,0.592
2025-04-02 15:00:00,3124.935,3128.33,3120.968,3125.952,3.3881,0.596
2025-04-02 16:00:00,3125.975,3134.36,3125.975,3131.545,4.2711,0.591
2025-04-02 17:00:00,3131.542,3131.55,3120.795,3123.62,4.0677,0.522
2025-04-02 18:00:00,3123.61,3126.305,3118.755,3121.85,3.5319,0.54
2025-04-02 19:00:00,3121.95,3127.375,3121.668,3124.408,2.594,0.557
2025-04-02 20:00:00,3124.35,3142.692,3104.788,3133.066,6.1241,2.18
2025-04-02 22:00:00,3142.855,3147.612,3122.696,3146.015,7.6731,0.938
2025-04-02 23:00:00,3146.21,3167.785,3146.072,3162.818,6.5954,0.692
2025-04-03 00:00:00,3162.805,3164.864,3140.672,3151.415,8.5422,0.612
2025-04-03 01:00:00,3151.43,3163.125,3148.029,3153.545,8.3144,0.634
2025-04-03 02:00:00,3153.345,3155.454,3142.3,3145.184,4.7011,0.594
2025-04-03 03:00:00,3145.3,3152.382,3144.877,3148.184,4.1883,0.613
2025-04-03 04:00:00,3148.035,3149.805,3139.155,3140.41,2.7458,0.604
2025-04-03 05:00:00,3140.405,3141.025,3124.094,3131.835,5.0992,0.63
2025-04-03 06:00:00,3131.82,3134.175,3116.475,3127.825,6.9909,0.535
2025-04-03 07:00:00,3127.862,3130.255,3119.875,3129.13,5.0113,0.576
2025-04-03 08:00:00,3129.23,3131.967,3126.075,3129.085,4.0925,0.572
2025-04-03 09:00:00,3129.157,3129.68,3121.614,3121.685,4.0633,0.55
2025-04-03 10:00:00,3121.646,3123.158,3088.855,3095.645,8.1979,0.57
2025-04-03 11:00:00,3095.62,3100.186,3085.335,3093.295,6.5381,0.587
2025-04-03 12:00:00,3093.275,3094.855,3062.198,3076.394,8.6506,0.579
2025-04-03 13:00:00,3076.414,3093.576,3054.118,3086.135,9.3113,0.593
2025-04-03 14:00:00,3089.63,3135.65,3088.05,3128.976,10.2878,0.573
2025-04-03 15:00:00,3128.962,3129.592,3104.024,3110.705,7.6142,0.589
2025-04-03 16:00:00,3110.685,3114.325,3101.846,3107.646,4.2998,0.603
2025-04-03 17:00:00,3107.542,3110.011,3100.0,3109.652,2.8314,0.601
2025-04-03 18:00:00,3109.632,3111.94,3102.212,3111.728,1.9728,0.606
2025-04-03 19:00:00,3111.744,3113.31,3101.714,3107.685,4.111,0.502
2025-04-03 20:00:00,3107.733,3119.995,3107.373,3114.95,1.8798,0.573
2025-04-03 22:00:00,3114.917,3116.778,3112.399,3115.405,0.8875,0.611
2025-04-03 23:00:00,3115.375,3116.395,3109.826,3112.945,1.4729,0.597
2025-04-04 00:00:00,3112.958,3115.125,3106.083,3110.64,3.2916,0.61
2025-04-04 01:00:00,3110.63,3115.815,3109.149,3109.885,3.3134,0.603
2025-04-04 02:00:00,3109.875,3113.085,3091.204,3096.84,4.6671,0.6
2025-04-04 03:00:00,3096.815,3099.165,3087.215,3098.462,3.6604,0.625
2025-04-04 04:00:00,3098.405,3105.085,3095.965,3100.132,2.9665,0.6
2025-04-04 05:00:00,3100.116,3108.906,3098.865,3108.906,3.3125,0.611
2025-04-04 06:00:00,3108.912,3109.992,3100.556,3101.11,6.0544,0.539
2025-04-04 07:00:00,3101.095,3103.48,3092.064,3092.954,8.3353,0.574
2025-04-04 08:00:00,3092.944,3094.185,3078.565,3084.167,7.5702,0.588
2025-04-04 09:00:00,3084.152,3096.076,3083.82,3090.814,5.7608,0.597
2025-04-04 10:00:00,3090.824,3116.181,3090.634,3110.342,10.9462,0.609
2025-04-04 11:00:00,3110.292,3137.005,3095.645,3110.396,11.8154,0.605
2025-04-04 12:00:00,3110.518,3111.805,3069.536,3071.181,9.7352,0.753
2025-04-04 13:00:00,3071.176,3087.658,3060.002,3062.0,7.3107,0.759
2025-04-04 14:00:00,3061.935,3061.935,3027.048,3038.44,9.2148,0.743
2025-04-04 15:00:00,3038.5,3050.525,3016.906,3020.048,6.9244,0.754
2025-04-04 16:00:00,3022.083,3036.968,3017.425,3030.995,4.6758,0.672
2025-04-04 17:00:00,3031.035,3033.035,3015.744,3025.938,5.4554,0.586
2025-04-04 18:00:00,3025.85,3028.355,3018.01,3025.565,3.4542,0.609
2025-04-04 19:00:00,3025.61,3041.06,3022.118,3036.635,5.8434,0.531
2025-04-04 20:00:00,3036.575,3041.095,3033.954,3038.425,2.8528,0.623
2025-04-06 22:00:00,3007.508,3033.44,2996.938,3009.899,7.6623,1.83
2025-04-06 23:00:00,3009.79,3017.112,2977.218,2999.966,5.348,1.455
2025-04-07 00:00:00,2999.982,3009.795,2970.913,2979.127,8.0391,1.182
2025-04-07 01:00:00,2979.122,3055.495,2972.3,3038.585,16.5129,1.198
2025-04-07 02:00:00,3038.565,3055.6,3024.33,3025.998,7.168,1.074
2025-04-07 03:00:00,3025.994,3034.112,3017.114,3019.004,4.2029,0.816
2025-04-07 04:00:00,3018.994,3035.755,3018.994,3035.62,2.1652,0.837
2025-04-07 05:00:00,3035.582,3044.705,3024.872,3032.168,3.7523,0.754
2025-04-07 06:00:00,3032.154,3033.652,3016.718,3029.885,8.1124,0.63
2025-04-07 07:00:00,3030.065,3030.885,3013.413,3018.649,7.0169,0.638
2025-04-07 08:00:00,3018.668,3035.612,3017.835,3031.245,6.3155,0.667
2025-04-07 09:00:00,3031.504,3033.585,3019.604,3025.294,6.8502,0.67
2025-04-07 10:00:00,3025.279,3036.575,3024.05,3031.432,8.1883,0.764
2025-04-07 11:00:00,3031.426,3046.282,3030.168,3031.238,9.1213,0.712
2025-04-07 12:00:00,3031.345,3032.966,3014.707,3031.225,9.9086,0.676
2025-04-07 13:00:00,3031.192,3034.162,3002.08,3015.515,10.9873,0.658
2025-04-07 14:00:00,3015.417,3037.96,2996.564,2999.525,12.2456,0.793
2025-04-07 15:00:00,2999.52,3005.025,2980.111,2987.604,10.5138,0.705
2025-04-07 16:00:00,2987.594,2987.899,2970.205,2970.706,5.5391,0.68
2025-04-07 17:00:00,2970.791,2975.524,2956.575,2970.105,6.844,0.694
2025-04-07 18:00:00,2970.075,2976.75,2964.256,2965.9,3.1641,0.617
2025-04-07 19:00:00,2965.92,2982.105,2965.425,2976.78,5.0288,0.58
2025-04-07 20:00:00,2976.755,2986.16,2970.09,2983.415,1.554,0.711
2025-04-07 22:00:00,2981.86,2988.745,2980.925,2986.86,1.1117,0.667
2025-04-07 23:00:00,2986.85,2987.485,2978.715,2981.38,1.5484,0.705
2025-04-08 00:00:00,2981.29,2992.84,2980.45,2985.455,4.8734,0.674
2025-04-08 01:00:00,2985.435,3003.185,2983.645,2999.935,5.5216,0.69
2025-04-08 02:00:00,2999.995,3004.9,2998.345,3000.955,4.2714,0.662
2025-04-08 03:00:00,3001.0,3001.185,2993.06,2994.815,2.3958,0.656
2025-04-08 04:00:00,2994.745,3003.025,2990.86,3002.235,1.8575,0.673
2025-04-08 05:00:00,3002.205,3008.38,2999.555,3005.775,3.1015,0.673
2025-04-08 06:00:00,3005.535,3015.946,3002.565,3013.285,4.7767,0.666
2025-04-08 07:00:00,3013.471,3013.925,3001.93,3003.735,4.745,0.652
2025-04-08 08:00:00,3003.745,3009.451,3001.385,3007.565,2.5032,0.634
2025-04-08 09:00:00,3007.525,3007.956,2994.96,3006.945,3.5555,0.644
2025-04-08 10:00:00,3006.935,3010.35,3004.175,3008.98,1.7732,0.614
2025-04-08 11:00:00,3009.01,3019.6,3008.765,3017.505,3.155,0.6
2025-04-08 12:00:00,3017.555,3019.44,3002.465,3002.625,5.7281,0.595
2025-04-08 13:00:00,3002.675,3022.82,3002.585,3010.445,6.685,0.643
2025-04-08 14:00:00,3010.315,3018.315,3005.855,3006.29,8.0711,0.581
2025-04-08 15:00:00,3006.3,3012.465,3001.265,3001.575,6.346,0.56
2025-04-08 16:00:00,3001.545,3001.545,2984.37,2986.145,6.165,0.592
2025-04-08 17:00:00,2986.185,2987.565,2974.9,2985.19,8.6484,0.646
2025-04-08 18:00:00,2985.08,2992.675,2979.38,2983.685,6.5849,0.518
2025-04-08 19:00:00,2983.677,2987.731,2976.67,2984.975,5.6153,0.47
2025-04-08 20:00:00,2984.972,2986.58,2977.07,2983.425,2.12,0.548
2025-04-08 22:00:00,2983.45,2985.635,2980.19,2981.98,1.586,0.802
2025-04-08 23:00:00,2982.53,2991.04,2969.9,2978.555,3.6275,0.775
2025-04-09 00:00:00,2978.725,2987.155,2974.825,2980.46,5.4072,0.651
2025-04-09 01:00:00,2980.43,3009.855,2972.405,3008.715,9.7193,0.705
2025-04-09 02:00:00,3008.583,3011.18,3000.015,3003.075,6.5633,0.731
2025-04-09 03:00:00,3003.025,3009.635,3002.7,3004.45,3.6797,0.672
2025-04-09 04:00:00,3004.425,3014.175,2999.365,3012.325,3.7921,0.697
2025-04-09 05:00:00,3012.32,3020.74,3005.575,3015.49,6.5141,0.723
2025-04-09 06:00:00,3015.53,3041.1,3014.895,3039.13,7.0429,0.801
2025-04-09 07:00:00,3039.133,3052.617,3034.195,3041.105,8.0252,0.766
2025-04-09 08:00:00,3041.11,3051.327,3038.198,3044.07,6.0528,0.843
2025-04-09 09:00:00,3044.075,3049.91,3038.595,3045.025,5.581,0.871
2025-04-09 10:00:00,3045.03,3047.31,3038.234,3042.845,6.1664,0.852
2025-04-09 11:00:00,3043.033,3068.17,3036.055,3066.705,7.796,0.632
2025-04-09 12:00:00,3066.765,3073.245,3042.755,3047.515,7.6718,0.617
2025-04-09 13:00:00,3047.575,3078.0,3047.465,3075.415,6.9723,0.649
2025-04-09 14:00:00,3075.285,3084.66,3068.445,3070.635,7.1075,0.655
2025-04-09 15:00:00,3070.585,3087.965,3065.4,3086.435,7.423,0.588
2025-04-09 16:00:00,3086.497,3094.99,3082.735,3092.445,3.6505,0.628
2025-04-09 17:00:00,3092.505,3099.01,3050.83,3059.88,10.6811,0.854
2025-04-09 18:00:00,3059.89,3073.817,3048.72,3067.13,6.7329,0.802
2025-04-09 19:00:00,3067.12,3099.795,3064.36,3093.553,6.9187,0.536
2025-04-09 20:00:00,3093.462,3095.6,3078.4,3082.96,2.4062,0.673
2025-04-09 22:00:00,3081.715,3090.58,3071.38,3080.135,2.2791,1.033
2025-04-09 23:00:00,3080.135,3089.13,3079.705,3086.87,3.794,0.898
2025-04-10 00:00:00,3086.847,3101.545,3081.345,3097.21,7.2543,0.743
2025-04-10 01:00:00,3097.195,3100.7,3078.495,3094.215,6.5388,0.757
2025-04-10 02:00:00,3094.205,3120.615,3094.035,3119.48,7.5466,0.827
2025-04-10 03:00:00,3119.47,3132.1,3115.31,3125.61,5.7623,0.757
2025-04-10 04:00:00,3125.55,3129.52,3121.09,3125.385,2.3129,0.746
2025-04-10 05:00:00,3125.405,3132.625,3112.87,3122.33,3.4556,0.745
2025-04-10 06:00:00,3122.34,3126.51,3119.025,3122.125,5.5259,0.727
2025-04-10 07:00:00,3122.095,3123.522,3106.735,3108.655,7.7674,0.615
2025-04-10 08:00:00,3108.65,3115.87,3104.67,3105.156,4.1895,0.578
2025-04-10 09:00:00,3105.146,3118.105,3103.47,3116.615,4.208,0.643
2025-04-10 10:00:00,3116.645,3122.675,3114.335,3120.225,1.9578,0.656
2025-04-10 11:00:00,3120.315,3125.71,3113.325,3124.8,4.8134,0.671
2025-04-10 12:00:00,3124.85,3134.52,3116.39,3123.03,7.0627,0.666
2025-04-10 13:00:00,3123.035,3136.795,3116.243,3116.975,7.3869,0.626
2025-04-10 14:00:00,3117.015,3154.895,3116.925,3154.67,7.6009,0.612
2025-04-10 15:00:00,3154.69,3174.985,3154.53,3158.22,8.0615,0.58
2025-04-10 16:00:00,3158.228,3167.437,3154.19,3158.615,5.9263,0.628
2025-04-10 17:00:00,3158.585,3165.69,3151.715,3162.773,4.1804,0.627
2025-04-10 18:00:00,3162.858,3175.72,3158.035,3173.37,4.6284,0.682
2025-04-10 19:00:00,3173.365,3176.452,3168.05,3171.01,4.7044,0.572
2025-04-10 20:00:00,3171.007,3176.575,3168.57,3175.675,1.1647,0.637
2025-04-10 22:00:00,3175.41,3190.36,3175.275,3189.305,3.6855,0.814
2025-04-10 23:00:00,3189.3,3191.365,3183.105,3189.065,3.7645,0.706
2025-04-11 00:00:00,3189.045,3218.445,3185.07,3205.545,10.7059,0.892
2025-04-11 01:00:00,3205.445,3219.67,3201.14,3207.2,10.0781,0.729
2025-04-11 02:00:00,3207.225,3219.875,3206.125,3217.52,3.7577,0.744
2025-04-11 03:00:00,3217.47,3220.255,3214.175,3217.86,5.4001,0.64
2025-04-11 04:00:00,3217.935,3218.385,3208.555,3208.655,2.657,0.664
2025-04-11 05:00:00,3208.66,3219.29,3187.125,3195.98,5.5493,0.651
2025-04-11 06:00:00,3195.975,3209.68,3190.115,3197.32,9.5944,0.607
2025-04-11 07:00:00,3197.465,3213.245,3194.0,3212.505,4.2286,0.656
2025-04-11 08:00:00,3212.485,3227.607,3208.52,3216.075,6.1471,0.606
2025-04-11 09:00:00,3216.115,3230.375,3211.86,3227.895,3.073,0.686
2025-04-11 10:00:00,3227.955,3237.98,3210.085,3212.585,4.4915,0.706
2025-04-11 11:00:00,3212.545,3224.905,3211.59,3213.92,2.656,0.769
2025-04-11 12:00:00,3213.865,3234.32,3211.155,3233.905,4.7586,0.749
2025-04-11 13:00:00,3233.935,3244.32,3219.68,3224.18,10.3986,0.726
2025-04-11 14:00:00,3224.22,3237.82,3222.585,3230.255,7.1388,0.768
2025-04-11 15:00:00,3230.085,3242.08,3229.425,3240.58,7.7541,0.759
2025-04-11 16:00:00,3240.615,3245.4,3219.775,3223.245,4.5707,0.763
2025-04-11 17:00:00,3223.34,3235.525,3223.34,3234.02,3.8455,0.773
2025-04-11 18:00:00,3234.04,3238.34,3231.17,3235.745,1.4595,0.758
2025-04-11 19:00:00,3235.71,3235.745,3227.405,3231.16,3.2692,0.685
2025-04-11 20:00:00,3231.11,3239.33,3230.815,3237.46,1.5625,1.204
2025-04-13 22:00:00,3230.15,3230.175,3210.11,3221.38,4.763,1.169
2025-04-13 23:00:00,3221.413,3224.65,3216.91,3223.865,2.0878,0.72
2025-04-14 00:00:00,3223.895,3227.42,3219.39,3220.95,2.4044,0.677
2025-04-14 01:00:00,3220.94,3243.585,3215.555,3239.72,6.2891,0.74
2025-04-14 02:00:00,3239.61,3245.91,3229.65,3232.06,6.9323,0.748
2025-04-14 03:00:00,3232.075,3234.715,3227.095,3232.465,3.097,0.82
2025-04-14 04:00:00,3232.475,3235.925,3226.265,3227.455,1.8244,0.679
2025-04-14 05:00:00,3227.435,3236.17,3221.49,3234.47,3.7587,0.7
2025-04-14 06:00:00,3234.43,3238.11,3228.905,3231.13,5.1846,0.719
2025-04-14 07:00:00,3231.15,3233.815,3224.835,3228.035,5.1445,0.733
2025-04-14 08:00:00,3228.09,3230.33,3216.485,3226.995,2.8038,0.658
2025-04-14 09:00:00,3226.975,3231.825,3220.99,3224.11,2.613,0.631
2025-04-14 10:00:00,3224.06,3224.81,3206.385,3215.395,3.8059,0.648
2025-04-14 11:00:00,3215.365,3226.09,3214.065,3223.435,2.8387,0.661
2025-04-14 12:00:00,3223.455,3227.825,3200.615,3206.93,5.2325,0.667
2025-04-14 13:00:00,3206.92,3210.985,3193.68,3204.765,8.3829,0.685
2025-04-14 14:00:00,3204.735,3215.665,3195.27,3211.165,4.444,0.656
2025-04-14 15:00:00,3211.145,3211.165,3196.305,3198.135,4.3389,0.649
2025-04-14 16:00:00,3198.165,3208.48,3197.835,3207.685,2.4124,0.661
2025-04-14 17:00:00,3207.715,3216.585,3207.235,3214.2,2.9679,0.601
2025-04-14 18:00:00,3214.195,3214.935,3201.38,3208.175,2.4116,0.603
2025-04-14 19:00:00,3208.205,3213.175,3207.76,3212.795,2.8774,0.544
2025-04-14 20:00:00,3212.853,3213.865,3207.46,3210.975,1.133,0.585
2025-04-14 22:00:00,3211.1,3215.255,3210.915,3212.34,0.5784,0.638
2025-04-14 23:00:00,3212.26,3214.35,3210.465,3212.69,0.9191,0.658
2025-04-15 00:00:00,3212.665,3215.325,3210.905,3212.015,1.1905,0.604
2025-04-15 01:00:00,3211.935,3226.2,3210.085,3223.775,3.5271,0.627
2025-04-15 02:00:00,3223.87,3225.115,3218.765,3224.49,1.7445,0.617
2025-04-15 03:00:00,3224.395,3229.115,3223.21,3228.51,2.2819,0.614
2025-04-15 04:00:00,3228.44,3232.775,3226.96,3231.915,2.3264,0.534
2025-04-15 05:00:00,3231.935,3232.27,3220.905,3224.8,3.0769,0.62
2025-04-15 06:00:00,3224.8,3228.825,3223.27,3225.255,1.9229,0.65
2025-04-15 07:00:00,3225.25,3226.74,3217.405,3225.825,2.4601,0.59
2025-04-15 08:00:00,3225.83,3232.355,3224.4,3227.57,3.2637,0.615
2025-04-15 09:00:00,3227.575,3230.18,3221.12,3222.545,1.9076,0.596
2025-04-15 10:00:00,3222.595,3227.035,3219.705,3220.28,1.7408,0.582
2025-04-15 11:00:00,3220.25,3224.24,3216.87,3220.21,1.9858,0.656
2025-04-15 12:00:00,3220.21,3226.26,3214.375,3221.655,3.6726,0.641
2025-04-15 13:00:00,3221.625,3226.39,3211.675,3213.13,4.3071,0.567
2025-04-15 14:00:00,3213.14,3227.045,3213.13,3222.71,5.5542,0.57
2025-04-15 15:00:00,3222.7,3224.185,3216.935,3221.39,3.1548,0.551
2025-04-15 16:00:00,3221.42,3223.51,3219.63,3221.52,1.0537,0.572
2025-04-15 17:00:00,3221.54,3230.78,3220.48,3228.02,1.5025,0.558
2025-04-15 18:00:00,3228.12,3229.78,3225.68,3229.21,2.2455,0.602
2025-04-15 19:00:00,3229.215,3231.935,3226.27,3230.005,2.4855,0.484
2025-04-15 20:00:00,3229.965,3233.7,3226.54,3230.5,1.2222,0.559
2025-04-15 22:00:00,3231.795,3242.44,3230.05,3241.655,1.9533,0.672
2025-04-15 23:00:00,3241.74,3251.99,3238.4,3251.98,2.9819,0.685
2025-04-16 00:00:00,3251.975,3268.325,3251.78,3264.485,5.2919,0.647
2025-04-16 01:00:00,3264.515,3275.26,3255.97,3270.38,9.131,0.572
2025-04-16 02:00:00,3270.39,3275.585,3266.985,3267.805,4.5525,0.62
2025-04-16 03:00:00,3267.81,3281.875,3266.18,3281.61,4.5903,0.55
2025-04-16 04:00:00,3281.6,3288.125,3269.305,3283.69,4.9708,0.604
2025-04-16 05:00:00,3283.675,3291.91,3283.66,3289.805,4.3155,0.609
2025-04-16 06:00:00,3289.795,3295.145,3286.07,3291.77,6.2674,0.604
2025-04-16 07:00:00,3291.755,3300.83,3291.41,3300.595,4.1462,0.616
2025-04-16 08:00:00,3300.555,3317.83,3288.62,3307.03,6.9147,0.649
2025-04-16 09:00:00,3307.022,3310.925,3300.19,3303.595,2.8626,0.672
2025-04-16 10:00:00,3303.625,3306.985,3299.64,3304.235,1.3572,0.649
2025-04-16 11:00:00,3304.255,3313.995,3293.215,3306.915,2.5924,0.653
2025-04-16 12:00:00,3306.775,3313.56,3302.53,3307.385,5.4316,0.592
2025-04-16 13:00:00,3307.395,3316.605,3296.905,3311.655,5.5811,0.628
2025-04-16 14:00:00,3311.845,3319.7,3306.21,3308.615,4.1115,0.65
2025-04-16 15:00:00,3308.63,3328.31,3305.48,3325.43,4.3483,0.639
2025-04-16 16:00:00,3325.44,3333.185,3321.48,3327.435,3.9382,0.58
2025-04-16 17:00:00,3327.445,3332.9,3324.501,3328.5,4.2778,0.572
2025-04-16 18:00:00,3328.38,3340.985,3326.55,3338.41,3.8903,0.625
2025-04-16 19:00:00,3338.44,3342.635,3336.03,3336.805,3.6804,0.489
2025-04-16 20:00:00,3336.745,3343.8,3334.35,3343.53,1.8958,0.615
2025-04-16 22:00:00,3343.315,3357.82,3343.045,3351.12,2.0199,0.771
2025-04-16 23:00:00,3351.25,3353.58,3347.07,3350.165,2.0972,0.694
2025-04-17 00:00:00,3350.2,3351.435,3342.09,3345.73,3.895,0.604
2025-04-17 01:00:00,3345.665,3356.48,3320.85,3324.02,10.1703,0.736
2025-04-17 02:00:00,3323.99,3340.78,3321.1,3340.5,4.6083,0.684
2025-04-17 03:00:00,3340.52,3344.715,3337.45,3344.6,2.9142,0.63
2025-04-17 04:00:00,3344.325,3344.475,3337.89,3341.655,1.3954,0.624
2025-04-17 05:00:00,3341.66,3345.65,3328.365,3329.44,3.3564,0.701
2025-04-17 06:00:00,3329.445,3333.185,3325.255,3328.965,4.2095,0.605
2025-04-17 07:00:00,3328.94,3330.225,3314.32,3323.56,3.8493,0.602
2025-04-17 08:00:00,3323.575,3325.125,3312.775,3324.385,2.9412,0.582
2025-04-17 09:00:00,3324.33,3327.0,3320.69,3321.645,2.5541,0.552
2025-04-17 10:00:00,3321.73,3334.6,3321.145,3327.72,2.3481,0.612
2025-04-17 11:00:00,3327.69,3332.61,3322.345,3327.575,2.2227,0.614
2025-04-17 12:00:00,3327.545,3342.535,3322.218,3328.38,4.1376,0.723
2025-04-17 13:00:00,3328.64,3332.225,3312.05,3315.31,6.7835,0.732
2025-04-17 14:00:00,3315.375,3315.39,3283.895,3291.35,6.8265,0.654
2025-04-17 15:00:00,3291.375,3304.94,3290.69,3296.38,3.9327,0.644
2025-04-17 16:00:00,3296.43,3318.91,3294.955,3316.265,3.4181,0.604
2025-04-17 17:00:00,3316.325,3322.73,3314.35,3319.065,2.0532,0.606
2025-04-17 18:00:00,3319.105,3321.01,3314.35,3316.445,1.1386,0.574
2025-04-17 19:00:00,3316.39,3321.98,3311.03,3320.88,1.8082,0.551
2025-04-17 20:00:00,3320.92,3328.98,3318.09,3327.415,1.5758,0.638
2025-04-20 22:00:00,3332.72,3353.55,3328.805,3346.065,3.7336,0.756
2025-04-20 23:00:00,3346.4,3351.955,3343.455,3348.3,3.0071,0.722
2025-04-21 00:00:00,3348.605,3371.025,3347.625,3368.82,4.8116,0.662
2025-04-21 01:00:00,3368.845,3378.625,3367.365,3377.72,7.8114,0.651
2025-04-21 02:00:00,3377.77,3385.295,3374.175,3384.97,4.8565,0.588
2025-04-21 03:00:00,3384.94,3385.49,3378.36,3382.54,2.6989,0.656
2025-04-21 04:00:00,3382.505,3382.505,3369.31,3376.645,3.4899,0.679
2025-04-21 05:00:00,3376.625,3386.14,3375.81,3385.655,3.8039,0.713
2025-04-21 06:00:00,3385.645,3393.345,3382.445,3392.305,2.9547,0.631
2025-04-21 07:00:00,3392.075,3396.175,3381.895,3385.14,3.5636,0.687
2025-04-21 08:00:00,3385.107,3394.36,3383.715,3392.815,2.7779,0.646
2025-04-21 09:00:00,3392.84,3397.225,3390.955,3394.965,2.9018,0.612
2025-04-21 10:00:00,3394.97,3397.875,3392.065,3394.975,2.359,0.629
2025-04-21 11:00:00,3394.865,3406.03,3386.38,3404.535,3.5657,0.591
2025-04-21 12:00:00,3404.58,3415.795,3397.895,3414.96,4.2058,0.604
2025-04-21 13:00:00,3414.915,3426.955,3405.215,3420.5,5.9023,0.649
2025-04-21 14:00:00,3420.465,3430.305,3409.01,3416.745,6.5721,0.573
2025-04-21 15:00:00,3416.75,3426.305,3407.85,3422.99,3.8495,0.634
2025-04-21 16:00:00,3422.985,3424.29,3410.195,3414.615,2.3551,0.59
2025-04-21 17:00:00,3414.675,3423.015,3406.085,3422.6,2.7085,0.596
2025-04-21 18:00:00,3422.57,3426.775,3417.77,3426.405,2.4169,0.603
2025-04-21 19:00:00,3426.442,3430.66,3417.545,3423.68,3.1365,0.586
2025-04-21 20:00:00,3423.73,3427.28,3419.83,3424.34,1.0329,0.679
2025-04-21 22:00:00,3424.475,3436.06,3423.43,3431.17,2.7198,0.679
2025-04-21 23:00:00,3431.165,3444.535,3429.35,3435.004,4.3607,0.808
2025-04-22 00:00:00,3435.036,3435.48,3411.81,3425.605,5.7244,0.701
2025-04-22 01:00:00,3425.665,3455.465,3421.615,3453.105,8.5247,0.76
2025-04-22 02:00:00,3453.12,3476.205,3442.315,3473.225,6.5788,0.666
2025-04-22 03:00:00,3473.177,3495.21,3472.265,3488.035,5.5833,0.689
2025-04-22 04:00:00,3488.125,3488.675,3479.5,3484.74,2.941,0.674
2025-04-22 05:00:00,3484.735,3495.795,3473.625,3494.54,5.9367,0.748
2025-04-22 06:00:00,3494.545,3500.215,3475.295,3479.835,9.5442,0.691
2025-04-22 07:00:00,3479.825,3480.765,3460.765,3468.58,6.7348,0.708
2025-04-22 08:00:00,3468.78,3472.795,3443.11,3444.095,6.448,0.692
2025-04-22 09:00:00,3444.13,3458.885,3443.935,3454.89,4.3424,0.701
2025-04-22 10:00:00,3454.935,3468.327,3451.51,3452.545,3.3721,0.727
2025-04-22 11:00:00,3452.52,3461.4,3448.185,3456.885,3.0432,0.715
2025-04-22 12:00:00,3456.875,3465.115,3424.335,3431.74,4.8326,0.779
2025-04-22 13:00:00,3431.62,3449.91,3408.455,3418.895,7.2499,0.757
2025-04-22 14:00:00,3418.895,3439.145,3418.245,3430.145,4.2413,0.662
2025-04-22 15:00:00,3430.145,3433.275,3410.455,3417.824,4.2407,0.722
2025-04-22 16:00:00,3417.72,3421.275,3372.175,3393.105,7.0012,0.738
2025-04-22 17:00:00,3393.205,3410.445,3386.125,3401.915,3.6648,0.686
2025-04-22 18:00:00,3401.94,3402.535,3373.35,3381.72,2.7261,0.684
2025-04-22 19:00:00,3381.715,3385.955,3366.855,3374.77,4.3271,0.633
2025-04-22 20:00:00,3374.797,3382.92,3373.21,3380.88,1.5111,0.787
2025-04-22 22:00:00,3350.505,3350.505,3313.095,3327.875,7.0241,0.874
2025-04-22 23:00:00,3328.015,3350.22,3326.715,3336.755,4.3429,0.831
2025-04-23 00:00:00,3336.785,3371.48,3334.6,3368.12,4.4997,0.662
2025-04-23 01:00:00,3368.09,3386.755,3358.955,3379.21,8.3061,0.769
2025-04-23 02:00:00,3379.215,3380.115,3348.68,3354.31,4.6485,0.693
2025-04-23 03:00:00,3354.275,3355.785,3329.19,3339.035,5.3456,0.751
2025-04-23 04:00:00,3339.075,3347.32,3335.735,3346.81,1.9516,0.704
2025-04-23 05:00:00,3346.825,3349.475,3315.94,3319.085,5.6577,0.829
2025-04-23 06:00:00,3319.06,3326.125,3291.655,3301.18,5.8256,0.749
2025-04-23 07:00:00,3301.28,3320.6,3301.28,3319.21,3.5071,0.763
2025-04-23 08:00:00,3319.16,3321.7,3305.66,3321.67,2.1683,0.752
2025-04-23 09:00:00,3321.78,3340.63,3317.365,3317.765,2.8797,0.752
2025-04-23 10:00:00,3317.72,3336.4,3316.77,3330.21,1.9928,0.739
2025-04-23 11:00:00,3330.1,3339.27,3321.76,3324.708,2.4124,0.751
2025-04-23 12:00:00,3324.73,3333.43,3310.785,3310.96,5.2641,0.746
2025-04-23 13:00:00,3310.9,3313.975,3271.21,3278.115,10.3806,0.852
2025-04-23 14:00:00,3276.85,3296.467,3260.125,3287.485,9.7066,0.871
2025-04-23 15:00:00,3287.565,3294.475,3269.22,3280.48,5.582,0.894
2025-04-23 16:00:00,3280.83,3305.83,3279.215,3295.115,4.1302,0.733
2025-04-23 17:00:00,3295.088,3301.715,3277.925,3281.285,2.9334,0.659
2025-04-23 18:00:00,3281.33,3287.125,3277.865,3282.975,1.5308,0.659
2025-04-23 19:00:00,3282.825,3297.295,3282.795,3293.925,3.6591,0.549
2025-04-23 20:00:00,3294.0,3295.8,3283.98,3288.76,1.8071,0.623
2025-04-23 22:00:00,3289.39,3316.07,3288.965,3309.215,1.9855,0.749
2025-04-23 23:00:00,3309.238,3316.995,3308.325,3316.48,1.7683,0.721
2025-04-24 00:00:00,3316.5,3339.27,3313.37,3331.775,4.1648,0.651
2025-04-24 01:00:00,3331.76,3367.595,3330.74,3357.605,9.1116,0.708
2025-04-24 02:00:00,3357.555,3363.56,3335.772,3342.02,6.934,0.652
2025-04-24 03:00:00,3342.005,3342.625,3320.625,3327.205,5.6844,0.637
2025-04-24 04:00:00,3327.11,3331.9,3325.81,3326.185,2.5013,0.661
2025-04-24 05:00:00,3326.215,3335.59,3320.555,3323.665,4.0527,0.722
2025-04-24 06:00:00,3323.67,3328.27,3314.56,3324.66,5.4809,0.763
2025-04-24 07:00:00,3324.625,3339.985,3323.15,3333.865,2.8745,0.755
2025-04-24 08:00:00,3333.79,3341.655,3327.3,3336.19,2.0769,0.749
2025-04-24 09:00:00,3336.26,3342.92,3325.46,3335.81,2.1924,0.747
2025-04-24 10:00:00,3335.9,3336.835,3325.755,3330.105,1.7475,0.75
2025-04-24 11:00:00,3329.75,3344.155,3329.745,3337.04,1.9411,0.755
2025-04-24 12:00:00,3337.015,3344.8,3335.59,3335.985,4.0961,0.712
2025-04-24 13:00:00,3335.97,3336.4,3312.64,3315.705,6.7057,0.728
2025-04-24 14:00:00,3315.38,3330.535,3306.655,3327.83,6.6883,0.739
2025-04-24 15:00:00,3327.8,3330.675,3319.61,3329.61,5.0497,0.726
2025-04-24 16:00:00,3329.63,3335.455,3322.495,3331.715,3.8979,0.7
2025-04-24 17:00:00,3331.7,3338.825,3329.95,3336.865,3.4591,0.712
2025-04-24 18:00:00,3336.895,3340.46,3333.705,3334.86,1.8418,0.732
2025-04-24 19:00:00,3334.84,3347.095,3333.455,3342.33,3.1802,0.596
2025-04-24 20:00:00,3342.38,3350.17,3338.185,3349.415,1.6705,0.664
2025-04-24 22:00:00,3351.755,3370.835,3348.5,3367.1,2.1154,2.535
2025-04-24 23:00:00,3367.08,3368.29,3346.97,3349.08,4.7083,0.781
2025-04-25 00:00:00,3349.07,3361.55,3347.42,3357.885,5.2122,0.765
2025-04-25 01:00:00,3357.895,3363.215,3343.15,3345.9,9.1953,0.961
2025-04-25 02:00:00,3345.94,3353.62,3344.695,3348.76,3.6903,0.744
2025-04-25 03:00:00,3348.75,3354.295,3322.605,3323.67,4.4302,0.641
2025-04-25 04:00:00,3323.64,3327.865,3316.4,3324.865,4.2363,0.672
2025-04-25 05:00:00,3324.835,3327.205,3287.18,3294.44,5.8299,0.69
2025-04-25 06:00:00,3294.69,3306.425,3287.55,3304.465,4.7434,0.656
2025-04-25 07:00:00,3304.445,3314.74,3303.175,3307.515,2.4134,0.643
2025-04-25 08:00:00,3307.485,3307.985,3292.085,3303.885,2.7208,0.638
2025-04-25 09:00:00,3304.025,3309.03,3292.055,3292.195,2.8098,0.647
2025-04-25 10:00:00,3292.185,3306.425,3292.07,3298.085,2.3781,0.638
2025-04-25 11:00:00,3298.045,3301.055,3288.01,3293.565,2.2325,0.653
2025-04-25 12:00:00,3293.545,3303.255,3291.255,3292.735,3.0145,0.686
2025-04-25 13:00:00,3292.745,3292.89,3265.16,3281.175,7.2984,0.784
2025-04-25 14:00:00,3281.14,3287.3,3274.685,3278.165,5.9458,0.696
2025-04-25 15:00:00,3278.15,3285.705,3270.268,3283.1,3.9194,0.719
2025-04-25 16:00:00,3283.13,3287.725,3280.435,3285.35,2.5441,0.708
2025-04-25 17:00:00,3285.44,3295.285,3281.875,3293.31,3.8638,0.678
2025-04-25 18:00:00,3293.265,3297.12,3288.36,3288.375,2.1463,0.709
2025-04-25 19:00:00,3288.44,3312.57,3287.885,3304.87,3.8239,0.55
2025-04-25 20:00:00,3304.855,3320.005,3304.805,3319.645,1.7789,0.732
2025-04-27 22:00:00,3324.315,3336.955,3309.25,3310.75,2.6797,1.018
2025-04-27 23:00:00,3310.77,3318.19,3298.62,3302.79,4.7596,0.918
2025-04-28 00:00:00,3302.86,3316.12,3301.62,3314.105,2.2702,0.736
2025-04-28 01:00:00,3314.075,3315.145,3279.125,3281.04,4.2706,0.802
2025-04-28 02:00:00,3281.46,3286.59,3268.2,3280.915,4.1543,0.836
2025-04-28 03:00:00,3280.985,3295.225,3280.465,3290.915,1.3614,0.719
2025-04-28 04:00:00,3290.895,3299.31,3288.655,3299.18,1.2217,0.729
2025-04-28 05:00:00,3299.195,3301.21,3288.11,3295.21,2.4104,0.904
2025-04-28 06:00:00,3295.205,3296.675,3281.845,3283.325,5.3949,0.826
2025-04-28 07:00:00,3283.445,3292.57,3277.655,3287.47,3.5327,0.82
2025-04-28 08:00:00,3287.495,3288.66,3279.3,3282.74,2.3046,0.796
2025-04-28 09:00:00,3282.765,3287.535,3274.685,3274.71,2.7747,0.752
2025-04-28 10:00:00,3274.72,3292.0,3273.46,3289.675,2.5943,0.841
2025-04-28 11:00:00,3289.663,3297.33,3284.975,3294.32,3.1924,0.804
2025-04-28 12:00:00,3294.365,3302.35,3292.765,3296.185,3.7285,0.618
2025-04-28 13:00:00,3296.128,3301.355,3287.03,3293.44,6.0519,0.677
2025-04-28 14:00:00,3293.387,3333.155,3293.387,3328.625,7.5314,0.726
2025-04-28 15:00:00,3328.615,3336.115,3319.05,3325.075,5.8753,0.733
2025-04-28 16:00:00,3325.095,3339.27,3324.52,3336.685,4.3549,0.787
2025-04-28 17:00:00,3336.77,3340.16,3333.22,3335.455,3.1223,0.812
2025-04-28 18:00:00,3335.28,3349.905,3333.955,3349.02,3.0798,0.812
2025-04-28 19:00:00,3349.03,3353.17,3345.585,3352.285,2.9512,0.645
2025-04-28 20:00:00,3352.125,3352.455,3342.445,3343.995,1.3736,0.679
2025-04-28 22:00:00,3344.62,3348.705,3332.44,3338.075,1.6441,0.889
2025-04-28 23:00:00,3338.1,3343.075,3333.905,3337.71,2.6019,0.893
2025-04-29 00:00:00,3337.67,3339.175,3327.865,3330.065,1.4812,0.678
2025-04-29 01:00:00,3329.88,3340.125,3322.845,3326.545,2.6989,0.67
2025-04-29 02:00:00,3326.365,3334.015,3319.535,3320.65,2.328,0.673
2025-04-29 03:00:00,3320.635,3321.785,3308.075,3316.21,3.5476,0.683
2025-04-29 04:00:00,3316.19,3318.175,3306.72,3309.435,1.2027,0.768
2025-04-29 05:00:00,3309.425,3316.635,3305.15,3310.34,2.1943,0.852
2025-04-29 06:00:00,3310.305,3323.97,3308.855,3318.805,5.4694,0.675
2025-04-29 07:00:00,3318.805,3323.285,3312.415,3323.08,3.0323,0.658
2025-04-29 08:00:00,3323.095,3325.025,3311.75,3311.89,2.6774,0.661
2025-04-29 09:00:00,3311.86,3316.045,3308.7,3309.105,2.7715,0.682
2025-04-29 10:00:00,3309.183,3315.75,3306.275,3312.97,3.1642,0.621
2025-04-29 11:00:00,3312.945,3316.055,3308.005,3309.485,3.0714,0.642
2025-04-29 12:00:00,3309.413,3314.85,3300.53,3313.14,4.5826,0.672
2025-04-29 13:00:00,3313.15,3321.42,3299.755,3306.79,6.0265,0.756
2025-04-29 14:00:00,3306.715,3317.845,3299.66,3314.665,5.1793,0.669
2025-04-29 15:00:00,3314.725,3315.785,3305.285,3312.535,2.5896,0.654
2025-04-29 16:00:00,3312.56,3330.165,3312.315,3328.825,2.3307,0.661
2025-04-29 17:00:00,3328.828,3329.815,3314.26,3314.36,2.5971,0.616
2025-04-29 18:00:00,3314.3,3320.115,3313.315,3320.035,2.064,0.618
2025-04-29 19:00:00,3320.055,3325.16,3317.97,3320.615,2.2524,0.55
2025-04-29 20:00:00,3320.57,3323.515,3316.755,3317.125,0.996,0.694
2025-04-29 22:00:00,3317.48,3323.565,3316.02,3319.05,1.4369,0.671
2025-04-29 23:00:00,3319.07,3319.52,3311.07,3317.14,0.7333,0.813
2025-04-30 00:00:00,3317.19,3328.23,3311.465,3313.19,1.8852,0.794
2025-04-30 01:00:00,3313.21,3323.015,3307.82,3308.18,2.8717,0.827
2025-04-30 02:00:00,3308.175,3313.275,3305.035,3306.825,2.1007,0.773
2025-04-30 03:00:00,3306.81,3311.395,3303.695,3304.735,2.794,0.75
2025-04-30 04:00:00,3304.75,3309.09,3301.4,3308.095,3.65,0.686
2025-04-30 05:00:00,3308.115,3314.825,3307.64,3309.585,3.6579,0.769
2025-04-30 06:00:00,3309.575,3311.365,3304.93,3305.93,2.966,0.691
2025-04-30 07:00:00,3305.91,3314.73,3303.11,3307.14,2.4492,0.73
2025-04-30 08:00:00,3307.18,3307.81,3280.35,3284.55,5.28,0.681
2025-04-30 09:00:00,3284.525,3287.015,3275.1,3276.015,3.1272,0.634
2025-04-30 10:00:00,3276.04,3280.995,3271.84,3272.675,2.7364,0.655
2025-04-30 11:00:00,3272.705,3281.745,3268.365,3272.49,3.1233,0.675
2025-04-30 12:00:00,3272.545,3304.965,3267.065,3298.745,6.6296,0.808
2025-04-30 13:00:00,3298.71,3319.93,3296.4,3309.275,8.2565,0.939
2025-04-30 14:00:00,3308.705,3313.845,3292.925,3309.965,13.5971,1.021
2025-04-30 15:00:00,3309.84,3314.76,3298.91,3308.13,8.08,0.992
2025-04-30 16:00:00,3308.18,3314.345,3307.195,3310.705,4.7504,0.929
2025-04-30 17:00:00,3310.798,3313.48,3304.86,3305.185,3.6544,0.861
2025-04-30 18:00:00,3305.29,3307.73,3300.405,3301.775,3.7106,0.867
2025-04-30 19:00:00,3301.745,3305.775,3292.187,3295.925,3.4797,0.658
2025-04-30 20:00:00,3295.902,3298.12,3283.15,3288.78,2.5273,0.702
2025-04-30 22:00:00,3288.3,3290.195,3271.41,3273.95,3.9763,1.082
2025-04-30 23:00:00,3273.95,3285.435,3270.232,3273.09,4.0529,1.23
2025-05-01 00:00:00,3273.095,3276.64,3241.495,3246.615,5.8995,1.155
2025-05-01 01:00:00,3246.635,3251.395,3234.725,3238.905,4.6491,1.122
2025-05-01 02:00:00,3238.985,3251.885,3235.185,3241.52,3.3828,1.146
2025-05-01 03:00:00,3241.48,3242.72,3229.0,3229.515,7.4107,1.072
2025-05-01 04:00:00,3229.535,3232.065,3221.195,3226.815,4.0456,1.124
2025-05-01 05:00:00,3226.795,3238.85,3223.505,3236.795,4.4998,1.145
2025-05-01 06:00:00,3236.86,3243.41,3233.935,3235.7,7.7407,0.734
2025-05-01 07:00:00,3235.743,3236.96,3226.175,3230.23,6.7084,0.668
2025-05-01 08:00:00,3230.222,3236.77,3230.045,3235.205,4.5528,0.65
2025-05-01 09:00:00,3235.21,3236.195,3215.78,3218.645,7.0276,0.599
2025-05-01 10:00:00,3218.66,3225.485,3213.74,3223.08,3.7951,0.739
2025-05-01 11:00:00,3223.095,3227.325,3203.455,3205.58,4.3498,0.77
2025-05-01 12:00:00,3205.54,3232.855,3202.0,3226.96,5.3984,0.83
2025-05-01 13:00:00,3226.81,3233.42,3218.855,3224.79,5.8903,0.805
2025-05-01 14:00:00,3223.685,3231.615,3214.325,3219.075,6.5195,0.782
2025-05-01 15:00:00,3219.09,3221.96,3205.065,3216.58,4.9873,0.751
2025-05-01 16:00:00,3216.555,3220.73,3209.055,3219.64,3.8298,0.785
2025-05-01 17:00:00,3219.653,3220.985,3209.885,3214.51,3.1712,0.765
2025-05-01 18:00:00,3214.605,3226.97,3212.9,3223.945,3.2415,0.683
2025-05-01 19:00:00,3223.945,3229.735,3223.898,3228.325,3.019,0.572
2025-05-01 20:00:00,3228.325,3239.84,3227.99,3239.06,2.0114,0.727
2025-05-01 22:00:00,3238.945,3243.48,3232.585,3238.0,1.2115,0.872
2025-05-01 23:00:00,3238.065,3241.625,3234.88,3237.38,1.9968,0.904
2025-05-02 00:00:00,3237.482,3244.355,3227.54,3231.35,4.5854,0.837
2025-05-02 01:00:00,3231.535,3237.675,3231.41,3236.45,3.642,0.837
2025-05-02 02:00:00,3236.47,3249.41,3235.91,3248.28,3.8682,0.809
2025-05-02 03:00:00,3248.305,3258.82,3245.88,3255.02,3.5398,0.816
2025-05-02 04:00:00,3254.98,3257.55,3250.515,3252.045,2.9147,0.78
2025-05-02 05:00:00,3251.645,3257.01,3249.595,3252.055,2.7088,0.714
2025-05-02 06:00:00,3252.06,3262.425,3246.47,3252.95,2.9806,0.656
2025-05-02 07:00:00,3252.96,3263.45,3251.63,3259.17,2.8893,0.702
2025-05-02 08:00:00,3259.16,3261.81,3255.38,3258.18,2.6231,0.776
2025-05-02 09:00:00,3258.195,3267.24,3255.145,3265.225,3.0346,0.797
2025-05-02 10:00:00,3265.345,3265.74,3257.39,3259.495,2.9265,0.777
2025-05-02 11:00:00,3259.555,3269.25,3258.125,3262.675,3.1449,0.838
2025-05-02 12:00:00,3262.66,3265.065,3250.35,3250.53,4.1927,0.858
2025-05-02 13:00:00,3250.49,3259.835,3239.5,3250.625,4.6832,0.866
2025-05-02 14:00:00,3250.57,3264.695,3242.28,3262.805,6.376,0.793
2025-05-02 15:00:00,3262.8,3264.25,3230.26,3231.75,5.9505,0.783
2025-05-02 16:00:00,3231.775,3236.41,3222.8,3225.1,5.5746,0.795
2025-05-02 17:00:00,3225.175,3239.828,3223.655,3231.45,4.4295,0.768
2025-05-02 18:00:00,3231.48,3232.555,3224.4,3226.47,3.0919,0.773
2025-05-02 19:00:00,3226.53,3234.7,3226.42,3233.735,4.1132,0.631
2025-05-02 20:00:00,3233.815,3241.44,3232.735,3240.43,1.8435,0.648
2025-05-04 22:00:00,3240.08,3244.82,3237.575,3239.795,3.5727,0.932
2025-05-04 23:00:00,3239.888,3252.51,3238.975,3248.11,3.2993,0.883
2025-05-05 00:00:00,3248.14,3248.82,3241.26,3246.81,1.8515,0.766
2025-05-05 01:00:00,3246.82,3271.215,3246.61,3264.755,6.0107,0.772
2025-05-05 02:00:00,3264.77,3272.63,3259.68,3270.12,3.6707,0.829
2025-05-05 03:00:00,3270.14,3271.495,3253.07,3254.575,2.3935,0.784
2025-05-05 04:00:00,3254.505,3259.58,3253.7,3256.64,1.9414,0.763
2025-05-05 05:00:00,3256.62,3262.1,3254.15,3259.78,2.022,0.744
2025-05-05 06:00:00,3259.82,3265.81,3256.855,3262.26,3.2105,0.653
2025-05-05 07:00:00,3262.18,3267.93,3258.84,3264.895,2.2276,0.656
2025-05-05 08:00:00,3264.855,3283.0,3263.235,3282.885,3.1233,0.658
2025-05-05 09:00:00,3282.815,3309.135,3282.35,3308.69,4.2386,0.67
2025-05-05 10:00:00,3308.828,3318.635,3308.58,3313.375,4.3622,0.721
2025-05-05 11:00:00,3313.4,3319.05,3311.25,3312.975,3.4686,0.706
2025-05-05 12:00:00,3312.91,3322.68,3312.81,3319.71,4.3465,0.737
2025-05-05 13:00:00,3319.62,3321.095,3311.835,3315.485,4.5548,0.864
2025-05-05 14:00:00,3316.125,3328.92,3310.085,3312.675,6.0501,0.839
2025-05-05 15:00:00,3312.67,3317.885,3309.05,3312.095,4.5298,0.852
2025-05-05 16:00:00,3312.035,3313.69,3305.675,3309.825,3.7685,0.874
2025-05-05 17:00:00,3309.755,3318.285,3309.245,3317.185,3.0235,0.866
2025-05-05 18:00:00,3317.135,3323.615,3313.975,3323.29,2.7573,0.863
2025-05-05 19:00:00,3323.285,3337.735,3322.935,3328.94,4.6327,0.786
2025-05-05 20:00:00,3328.927,3334.58,3328.89,3333.32,1.6617,0.743
2025-05-05 22:00:00,3336.313,3337.888,3327.338,3330.265,3.3205,0.541
2025-05-05 23:00:00,3330.135,3335.415,3328.945,3334.19,2.2512,0.87
2025-05-06 00:00:00,3334.09,3334.35,3322.402,3329.845,4.56,0.841
2025-05-06 01:00:00,3329.86,3382.045,3329.85,3379.44,16.7573,0.973
2025-05-06 02:00:00,3379.42,3387.145,3356.445,3358.305,12.4212,0.892
2025-05-06 03:00:00,3358.48,3372.605,3353.012,3360.55,9.3456,1.013
2025-05-06 04:00:00,3360.68,3366.175,3356.22,3363.285,6.2561,1.013
2025-05-06 05:00:00,3363.28,3364.105,3350.275,3362.18,8.0089,1.021
2025-05-06 06:00:00,3362.17,3368.13,3358.775,3364.875,6.6528,0.672
2025-05-06 07:00:00,3364.96,3379.63,3364.96,3371.35,5.8242,0.591
2025-05-06 08:00:00,3371.363,3383.215,3368.61,3377.21,3.1708,0.6
2025-05-06 09:00:00,3377.215,3383.34,3371.465,3383.23,2.8835,0.682
2025-05-06 10:00:00,3383.25,3383.717,3376.675,3383.658,2.5355,0.703
2025-05-06 11:00:00,3383.638,3385.175,3373.735,3379.21,2.9243,0.738
2025-05-06 12:00:00,3379.238,3392.52,3373.2,3391.01,4.9591,0.787
2025-05-06 13:00:00,3391.23,3397.715,3387.91,3391.995,8.6019,0.723
2025-05-06 14:00:00,3391.955,3398.225,3378.325,3386.36,7.7626,0.76
2025-05-06 15:00:00,3386.365,3399.93,3385.42,3395.245,4.891,0.71
2025-05-06 16:00:00,3395.23,3411.885,3394.83,3408.85,5.2611,0.765
2025-05-06 17:00:00,3408.84,3417.975,3407.48,3414.115,4.3483,0.808
2025-05-06 18:00:00,3414.125,3417.61,3410.38,3415.73,2.8178,0.813
2025-05-06 19:00:00,3415.738,3424.26,3412.685,3423.21,3.7394,0.638
2025-05-06 20:00:00,3423.145,3434.975,3419.175,3431.725,3.117,0.758
2025-05-06 22:00:00,3438.3,3438.48,3380.395,3381.725,9.6856,1.312
2025-05-06 23:00:00,3381.48,3404.92,3376.79,3400.805,6.7277,1.165
2025-05-07 00:00:00,3400.915,3401.585,3361.085,3379.585,11.5497,0.884
2025-05-07 01:00:00,3379.504,3385.245,3360.16,3374.95,8.6574,0.857
2025-05-07 02:00:00,3374.9,3394.09,3372.14,3390.675,5.6287,0.886
2025-05-07 03:00:00,3390.655,3392.67,3369.845,3375.455,6.1667,0.829
2025-05-07 04:00:00,3375.485,3387.515,3374.94,3382.27,2.9477,0.791
2025-05-07 05:00:00,3382.538,3389.495,3378.66,3387.875,4.701,0.739
2025-05-07 06:00:00,3387.89,3395.93,3387.415,3392.585,3.9214,0.596
2025-05-07 07:00:00,3392.415,3397.49,3383.81,3388.09,2.9454,0.619
2025-05-07 08:00:00,3388.08,3388.785,3378.305,3382.97,2.7759,0.607
2025-05-07 09:00:00,3382.93,3385.24,3369.78,3370.13,2.4875,0.595
2025-05-07 10:00:00,3370.06,3393.44,3369.395,3391.315,3.1764,0.64
2025-05-07 11:00:00,3391.355,3391.54,3383.705,3387.045,2.229,0.604
2025-05-07 12:00:00,3386.965,3393.92,3384.135,3390.975,3.1458,0.592
2025-05-07 13:00:00,3390.965,3398.17,3381.41,3394.48,4.8543,0.614
2025-05-07 14:00:00,3394.44,3394.81,3375.825,3385.945,5.7287,0.715
2025-05-07 15:00:00,3385.983,3389.78,3382.1,3385.23,4.4622,0.714
2025-05-07 16:00:00,3385.245,3389.895,3378.76,3387.005,2.8053,0.774
2025-05-07 17:00:00,3386.96,3389.94,3383.86,3385.235,2.4235,0.878
2025-05-07 18:00:00,3385.285,3398.065,3376.16,3384.75,3.1645,0.891
2025-05-07 19:00:00,3384.85,3387.01,3363.865,3371.945,6.5651,0.723
2025-05-07 20:00:00,3371.95,3374.63,3363.805,3364.615,2.1543,0.737
2025-05-07 22:00:00,3366.39,3373.78,3363.91,3369.965,2.5988,0.943
2025-05-07 23:00:00,3370.09,3377.055,3369.705,3376.435,2.0327,0.901
2025-05-08 00:00:00,3376.532,3386.93,3373.87,3380.585,3.8333,0.816
2025-05-08 01:00:00,3380.605,3409.885,3379.145,3408.855,8.8865,0.763
2025-05-08 02:00:00,3408.715,3414.905,3402.063,3402.095,6.6508,0.734
2025-05-08 03:00:00,3402.12,3408.52,3395.74,3396.875,5.7278,0.81
2025-05-08 04:00:00,3396.85,3399.43,3382.015,3382.22,3.835,0.759
2025-05-08 05:00:00,3382.275,3384.36,3355.01,3355.46,8.0761,0.812
2025-05-08 06:00:00,3355.43,3361.975,3320.305,3329.99,11.4608,0.781
2025-05-08 07:00:00,3330.02,3349.375,3327.29,3342.98,8.6244,0.752
2025-05-08 08:00:00,3343.015,3344.31,3337.115,3339.38,6.3146,0.707
2025-05-08 09:00:00,3339.37,3344.405,3331.375,3332.09,7.3909,0.719
2025-05-08 10:00:00,3332.075,3346.775,3330.455,3342.535,7.2214,0.772
2025-05-08 11:00:00,3342.565,3345.74,3339.45,3344.555,2.5552,0.775
2025-05-08 12:00:00,3344.565,3358.645,3343.155,3356.23,4.3737,0.884
2025-05-08 13:00:00,3356.255,3369.64,3354.81,3356.065,7.3679,0.861
2025-05-08 14:00:00,3356.113,3363.015,3350.875,3356.59,6.5781,0.879
2025-05-08 15:00:00,3356.9,3360.33,3326.855,3330.465,10.8341,0.872
2025-05-08 16:00:00,3330.535,3330.535,3304.36,3310.395,11.4661,0.905
2025-05-08 17:00:00,3310.415,3311.24,3297.88,3308.365,5.0035,0.994
2025-05-08 18:00:00,3308.355,3310.98,3305.63,3308.53,3.5572,0.983
2025-05-08 19:00:00,3308.535,3310.08,3288.835,3306.465,4.1984,0.69
2025-05-08 20:00:00,3306.558,3310.825,3303.96,3306.025,1.8657,0.733
2025-05-08 22:00:00,3304.995,3324.04,3304.58,3323.85,3.6376,1.022
2025-05-08 23:00:00,3323.85,3324.115,3312.09,3316.44,3.9547,0.994
2025-05-09 00:00:00,3316.46,3323.18,3308.94,3322.49,7.0332,0.94
2025-05-09 01:00:00,3322.29,3322.69,3286.75,3291.275,8.5287,0.906
2025-05-09 02:00:00,3291.25,3308.755,3274.72,3308.455,8.1428,0.79
2025-05-09 03:00:00,3308.435,3313.46,3299.895,3308.22,5.179,0.739
2025-05-09 04:00:00,3308.205,3327.575,3308.205,3324.715,3.4072,0.739
2025-05-09 05:00:00,3324.565,3330.295,3313.0,3321.415,4.6707,0.738
2025-05-09 06:00:00,3321.54,3326.885,3315.365,3325.555,4.4463,0.653
2025-05-09 07:00:00,3325.52,3332.35,3322.56,3327.335,5.003,0.646
2025-05-09 08:00:00,3327.38,3329.03,3320.27,3328.595,4.6221,0.636
2025-05-09 09:00:00,3328.58,3329.355,3323.585,3325.15,3.47,0.623
2025-05-09 10:00:00,3325.22,3329.93,3322.08,3323.38,2.0395,0.612
2025-05-09 11:00:00,3323.36,3338.515,3323.31,3333.135,3.1061,0.666
2025-05-09 12:00:00,3333.175,3335.855,3329.115,3333.695,3.658,0.591
2025-05-09 13:00:00,3333.69,3340.57,3328.855,3330.81,5.1948,0.6
2025-05-09 14:00:00,3330.83,3341.405,3320.4,3337.295,6.0328,0.604
2025-05-09 15:00:00,3337.3,3346.305,3336.2,3345.13,3.5531,0.627
2025-05-09 16:00:00,3345.095,3347.665,3336.43,3336.885,3.1033,0.631
2025-05-09 17:00:00,3336.88,3342.645,3336.13,3341.005,2.1323,0.592
2025-05-09 18:00:00,3341.035,3343.055,3336.29,3338.785,2.1091,0.611
2025-05-09 19:00:00,3338.805,3339.995,3325.475,3328.9,3.0188,0.569
2025-05-09 20:00:00,3328.73,3330.445,3323.84,3324.245,1.5193,0.623
2025-05-11 22:00:00,3272.57,3295.605,3266.953,3272.945,5.0594,1.484
2025-05-11 23:00:00,3272.925,3289.1,3265.96,3287.675,5.0386,0.82
2025-05-12 00:00:00,3287.73,3289.838,3272.195,3279.27,4.0446,0.779
2025-05-12 01:00:00,3279.28,3282.285,3258.935,3271.995,8.5002,0.851
2025-05-12 02:00:00,3271.965,3279.955,3269.57,3272.245,6.1335,0.78
2025-05-12 03:00:00,3272.085,3284.855,3270.625,3283.445,4.5396,0.76
2025-05-12 04:00:00,3283.4,3283.74,3275.695,3279.01,2.7433,0.772
2025-05-12 05:00:00,3279.055,3279.86,3268.505,3276.23,3.5348,0.771
2025-05-12 06:00:00,3276.353,3281.815,3273.12,3277.53,4.9866,0.724
2025-05-12 07:00:00,3277.492,3277.835,3216.155,3222.805,8.9095,0.829
2025-05-12 08:00:00,3222.79,3234.51,3220.81,3231.65,5.1731,0.701
2025-05-12 09:00:00,3231.528,3231.528,3213.13,3215.37,4.5844,0.659
2025-05-12 10:00:00,3215.265,3219.56,3207.845,3208.04,4.3401,0.659
2025-05-12 11:00:00,3208.03,3229.485,3207.8,3224.935,4.2372,0.697
2025-05-12 12:00:00,3224.792,3234.475,3220.395,3233.685,3.7118,0.618
2025-05-12 13:00:00,3233.905,3248.805,3231.735,3240.905,7.46,0.759
2025-05-12 14:00:00,3240.755,3247.885,3233.49,3237.595,7.2217,0.766
2025-05-12 15:00:00,3237.61,3244.17,3232.7,3239.345,4.7613,0.742
2025-05-12 16:00:00,3239.338,3240.265,3223.28,3224.3,2.9186,0.633
2025-05-12 17:00:00,3224.595,3227.735,3221.215,3223.37,2.4643,0.586
2025-05-12 18:00:00,3223.415,3230.155,3220.42,3229.685,1.985,0.557
2025-05-12 19:00:00,3229.67,3239.07,3228.9,3235.575,2.7915,0.612
2025-05-12 20:00:00,3235.565,3238.54,3232.585,3236.61,0.8156,0.637
2025-05-12 22:00:00,3236.855,3241.845,3230.045,3234.005,2.3999,0.843
2025-05-12 23:00:00,3233.98,3240.16,3233.42,3236.895,2.3014,0.774
2025-05-13 00:00:00,3236.94,3243.415,3233.855,3240.01,2.8277,0.716
2025-05-13 01:00:00,3239.97,3243.45,3215.93,3225.35,4.6107,0.734
2025-05-13 02:00:00,3225.505,3241.515,3223.305,3228.9,5.516,0.73
2025-05-13 03:00:00,3228.925,3238.75,3228.185,3236.845,3.9138,0.75
2025-05-13 04:00:00,3236.76,3253.625,3235.07,3252.575,2.4735,0.709
2025-05-13 05:00:00,3252.765,3260.88,3251.275,3256.63,6.1083,0.676
2025-05-13 06:00:00,3256.645,3265.69,3247.4,3262.105,5.9201,0.588
2025-05-13 07:00:00,3262.3,3265.06,3254.385,3259.235,2.9532,0.59
2025-05-13 08:00:00,3259.293,3261.38,3250.465,3255.75,2.4383,0.615
2025-05-13 09:00:00,3255.715,3256.695,3250.64,3253.385,2.5556,0.621
2025-05-13 10:00:00,3253.375,3256.35,3251.215,3252.975,1.3489,0.605
2025-05-13 11:00:00,3252.925,3258.695,3248.755,3249.185,2.7087,0.621
2025-05-13 12:00:00,3249.25,3249.925,3237.325,3241.855,4.7908,0.634
2025-05-13 13:00:00,3241.725,3246.995,3227.295,3227.56,6.953,0.62
2025-05-13 14:00:00,3227.55,3248.765,3225.49,3242.755,5.1482,0.632
2025-05-13 15:00:00,3243.003,3255.825,3242.07,3253.26,4.9756,0.648
2025-05-13 16:00:00,3253.28,3257.925,3248.685,3251.13,2.3774,0.601
2025-05-13 17:00:00,3251.095,3252.78,3242.21,3247.225,2.1595,0.6
2025-05-13 18:00:00,3247.235,3250.96,3245.845,3248.86,1.9353,0.587
2025-05-13 19:00:00,3248.978,3251.195,3246.4,3249.38,2.3232,0.536
2025-05-13 20:00:00,3249.473,3254.79,3248.08,3250.63,1.1306,0.586
2025-05-13 22:00:00,3250.03,3254.77,3249.365,3254.605,0.8006,0.822
2025-05-13 23:00:00,3254.51,3257.295,3252.095,3254.35,1.705,0.851
2025-05-14 00:00:00,3254.475,3254.695,3240.515,3243.765,7.0398,0.9
2025-05-14 01:00:00,3243.782,3251.93,3237.245,3238.99,9.7903,0.905
2025-05-14 02:00:00,3238.905,3241.63,3229.173,3232.945,9.4049,0.871
2025-05-14 03:00:00,3232.96,3233.855,3226.22,3228.495,5.9159,0.81
2025-05-14 04:00:00,3228.475,3230.545,3222.595,3223.93,4.3966,0.773
2025-05-14 05:00:00,3223.915,3234.41,3222.033,3233.77,5.0503,0.787
2025-05-14 06:00:00,3233.94,3236.855,3227.78,3228.8,4.4994,0.726
2025-05-14 07:00:00,3228.87,3238.95,3224.355,3238.16,4.1554,0.767
2025-05-14 08:00:00,3237.83,3243.905,3230.51,3232.53,4.7746,0.765
2025-05-14 09:00:00,3232.52,3236.625,3229.2,3232.395,3.2098,0.805
2025-05-14 10:00:00,3232.34,3236.615,3229.755,3235.66,3.4119,0.747
2025-05-14 11:00:00,3235.73,3239.275,3219.565,3220.36,3.6942,0.802
2025-05-14 12:00:00,3220.265,3222.63,3184.28,3184.95,7.4255,0.787
2025-05-14 13:00:00,3185.47,3198.405,3174.985,3191.5,8.8102,0.804
2025-05-14 14:00:00,3191.59,3194.35,3179.505,3181.895,7.0592,0.796
2025-05-14 15:00:00,3181.895,3186.74,3179.07,3182.635,6.1653,0.725
2025-05-14 16:00:00,3183.038,3190.97,3173.81,3188.595,5.1721,0.769
2025-05-14 17:00:00,3188.555,3190.625,3180.92,3181.965,4.074,0.803
2025-05-14 18:00:00,3181.97,3183.155,3171.69,3171.95,3.2805,0.766
2025-05-14 19:00:00,3171.92,3181.715,3167.93,3180.675,4.2623,0.589
2025-05-14 20:00:00,3180.675,3183.365,3177.06,3177.4,1.757,0.512
2025-05-14 22:00:00,3178.43,3183.945,3177.885,3182.78,1.6104,0.878
2025-05-14 23:00:00,3182.825,3187.465,3181.225,3186.17,2.4726,0.795
2025-05-15 00:00:00,3186.125,3187.995,3180.322,3187.955,2.9773,0.736
2025-05-15 01:00:00,3187.82,3192.9,3171.305,3172.48,5.8939,0.797
2025-05-15 02:00:00,3172.485,3175.655,3150.05,3154.235,9.4016,0.922
2025-05-15 03:00:00,3153.98,3157.125,3148.21,3150.49,6.4928,0.888
2025-05-15 04:00:00,3150.515,3152.6,3135.615,3138.65,4.8904,0.72
2025-05-15 05:00:00,3138.735,3143.055,3123.395,3129.055,6.9346,0.802
2025-05-15 06:00:00,3129.08,3154.115,3120.65,3150.015,9.8854,0.8
2025-05-15 07:00:00,3150.0,3152.165,3130.625,3142.345,5.7664,0.796
2025-05-15 08:00:00,3142.33,3164.38,3139.125,3162.63,4.3639,0.834
2025-05-15 09:00:00,3162.61,3171.82,3159.315,3165.26,4.8856,0.779
2025-05-15 10:00:00,3165.265,3179.13,3164.105,3178.375,5.2962,0.732
2025-05-15 11:00:00,3178.37,3180.175,3172.49,3179.26,4.3364,0.806
2025-05-15 12:00:00,3179.2,3189.95,3177.51,3188.795,4.3726,0.772
2025-05-15 13:00:00,3188.817,3199.845,3185.205,3192.31,7.0166,0.833
2025-05-15 14:00:00,3192.28,3207.21,3190.535,3205.48,7.8179,0.792
2025-05-15 15:00:00,3205.475,3220.2,3204.705,3219.825,5.8761,0.812
2025-05-15 16:00:00,3219.83,3222.825,3215.89,3222.55,3.5602,0.782
2025-05-15 17:00:00,3222.585,3229.32,3216.46,3221.195,4.4979,0.738
2025-05-15 18:00:00,3221.3,3226.07,3219.97,3223.335,2.5041,0.767
2025-05-15 19:00:00,3223.345,3232.795,3222.43,3232.15,3.1764,0.626
2025-05-15 20:00:00,3232.1,3240.7,3231.135,3240.07,2.0392,0.65
2025-05-15 22:00:00,3240.4,3252.355,3237.025,3251.265,3.2481,0.855
2025-05-15 23:00:00,3251.335,3251.395,3236.6,3237.2,4.9169,0.872
2025-05-16 00:00:00,3237.17,3244.01,3232.12,3243.18,5.5712,0.796
2025-05-16 01:00:00,3243.135,3244.665,3214.89,3222.325,8.0728,0.831
2025-05-16 02:00:00,3222.235,3227.59,3212.875,3215.595,5.9642,0.816
2025-05-16 03:00:00,3215.577,3217.52,3206.625,3212.005,6.0519,0.804
2025-05-16 04:00:00,3212.03,3222.53,3211.865,3219.73,4.2396,0.778
2025-05-16 05:00:00,3219.595,3222.34,3211.99,3218.68,5.2441,0.814
2025-05-16 06:00:00,3218.635,3231.265,3212.955,3214.97,4.7898,0.796
2025-05-16 07:00:00,3215.115,3218.1,3205.31,3207.69,4.0096,0.802
2025-05-16 08:00:00,3207.62,3209.44,3195.48,3207.525,3.5492,0.834
2025-05-16 09:00:00,3207.465,3213.05,3203.875,3209.26,3.0753,0.82
2025-05-16 10:00:00,3209.295,3211.135,3169.115,3176.005,5.067,0.829
2025-05-16 11:00:00,3176.12,3179.435,3154.05,3163.215,5.4447,0.878
2025-05-16 12:00:00,3163.34,3182.22,3154.77,3177.53,6.3431,0.92
2025-05-16 13:00:00,3177.643,3186.7,3169.36,3180.85,7.3707,0.962
2025-05-16 14:00:00,3180.9,3188.523,3165.965,3173.395,7.3184,0.903
2025-05-16 15:00:00,3173.392,3185.255,3172.92,3183.525,4.2375,0.86
2025-05-16 16:00:00,3183.515,3189.905,3180.53,3189.475,3.747,0.838
2025-05-16 17:00:00,3189.545,3192.275,3183.49,3189.505,3.3327,0.818
2025-05-16 18:00:00,3189.645,3191.3,3184.885,3187.63,2.5054,0.774
2025-05-16 19:00:00,3187.605,3195.865,3187.56,3192.67,2.8695,0.612
2025-05-16 20:00:00,3192.635,3205.21,3192.305,3203.12,2.3143,0.665
2025-05-18 22:00:00,3219.415,3241.015,3206.53,3239.785,7.2813,0.79
2025-05-18 23:00:00,3239.775,3245.44,3226.425,3234.885,5.9569,0.852
2025-05-19 00:00:00,3234.915,3249.88,3233.53,3246.72,5.7456,0.857
2025-05-19 01:00:00,3246.7,3246.95,3214.68,3218.43,10.485,0.74
2025-05-19 02:00:00,3218.43,3230.105,3217.155,3228.675,5.0523,0.732
2025-05-19 03:00:00,3228.69,3230.53,3208.048,3212.26,5.0471,0.726
2025-05-19 04:00:00,3212.248,3218.245,3206.6,3216.025,2.877,0.736
2025-05-19 05:00:00,3215.955,3224.48,3215.02,3224.165,3.2004,0.796
2025-05-19 06:00:00,3224.17,3231.67,3220.34,3224.185,5.6965,0.776
2025-05-19 07:00:00,3224.252,3234.625,3224.065,3232.505,3.1724,0.679
2025-05-19 08:00:00,3232.575,3245.03,3230.02,3244.505,2.3503,0.642
2025-05-19 09:00:00,3244.668,3247.69,3233.725,3242.12,2.971,0.637
2025-05-19 10:00:00,3242.19,3245.3,3234.145,3241.735,2.0483,0.647
2025-05-19 11:00:00,3241.745,3248.61,3239.165,3243.86,1.8094,0.63
2025-05-19 12:00:00,3243.818,3244.555,3229.015,3229.405,2.2849,0.647
2025-05-19 13:00:00,3229.57,3241.74,3224.805,3230.155,4.1359,0.679
2025-05-19 14:00:00,3230.075,3236.24,3217.255,3234.08,3.8072,0.684
2025-05-19 15:00:00,3234.07,3239.945,3229.635,3231.79,3.1045,0.702
2025-05-19 16:00:00,3231.805,3234.35,3228.22,3231.855,1.8447,0.647
2025-05-19 17:00:00,3231.86,3233.265,3225.655,3226.475,1.9748,0.62
2025-05-19 18:00:00,3226.445,3235.3,3225.28,3233.635,1.9271,0.626
2025-05-19 19:00:00,3233.645,3235.95,3231.74,3233.145,2.3728,0.549
2025-05-19 20:00:00,3233.2,3233.91,3228.05,3229.58,0.9531,0.556
2025-05-19 22:00:00,3230.25,3231.27,3224.65,3226.86,1.4666,0.799
2025-05-19 23:00:00,3226.86,3227.505,3219.055,3222.55,1.5119,0.767
2025-05-20 00:00:00,3222.58,3224.255,3214.18,3222.8,3.5026,0.734
2025-05-20 01:00:00,3223.28,3232.825,3220.635,3221.205,6.9469,0.744
2025-05-20 02:00:00,3221.235,3223.18,3206.485,3206.695,6.9592,0.764
2025-05-20 03:00:00,3206.72,3214.295,3204.59,3211.68,4.2499,0.771
2025-05-20 04:00:00,3211.62,3218.13,3211.315,3217.295,3.5908,0.724
2025-05-20 05:00:00,3217.27,3219.92,3209.97,3213.915,5.022,0.685
2025-05-20 06:00:00,3213.925,3219.3,3208.575,3209.76,4.9275,0.642
2025-05-20 07:00:00,3209.75,3225.505,3207.99,3222.905,2.6086,0.669
2025-05-20 08:00:00,3222.887,3236.17,3218.342,3235.92,2.5371,0.647
2025-05-20 09:00:00,3235.94,3239.54,3230.52,3236.395,3.1699,0.677
2025-05-20 10:00:00,3236.385,3238.485,3231.91,3235.345,1.881,0.641
2025-05-20 11:00:00,3235.365,3241.78,3235.24,3241.325,1.7897,0.627
2025-05-20 12:00:00,3241.23,3250.86,3234.505,3242.835,4.5193,0.616
2025-05-20 13:00:00,3242.515,3261.855,3233.05,3261.32,4.8705,0.682
2025-05-20 14:00:00,3261.278,3285.865,3260.57,3282.615,7.8862,0.66
2025-05-20 15:00:00,3282.61,3283.66,3273.46,3277.37,4.7839,0.642
2025-05-20 16:00:00,3277.35,3282.63,3275.3,3278.92,3.1094,0.62
2025-05-20 17:00:00,3278.9,3288.08,3278.43,3286.55,3.1907,0.617
2025-05-20 18:00:00,3286.63,3289.735,3284.225,3287.765,2.8489,0.612
2025-05-20 19:00:00,3287.81,3295.335,3287.335,3294.275,3.4136,0.553
2025-05-20 20:00:00,3294.28,3295.79,3289.42,3290.185,1.9157,0.564
2025-05-20 22:00:00,3290.73,3304.265,3290.345,3297.095,3.2594,0.785
2025-05-20 23:00:00,3297.12,3297.165,3288.715,3290.865,2.791,0.819
2025-05-21 00:00:00,3290.815,3304.25,3289.09,3303.545,4.4846,0.783
2025-05-21 01:00:00,3303.485,3314.87,3285.49,3294.55,8.6132,0.74
2025-05-21 02:00:00,3294.49,3305.195,3289.33,3301.745,5.9848,0.732
2025-05-21 03:00:00,3301.775,3309.92,3299.27,3307.75,4.9269,0.685
2025-05-21 04:00:00,3307.725,3308.46,3301.225,3302.185,4.1663,0.626
2025-05-21 05:00:00,3302.135,3319.77,3298.53,3316.385,5.8922,0.749
2025-05-21 06:00:00,3316.395,3320.74,3310.82,3320.18,6.3459,0.683
2025-05-21 07:00:00,3320.15,3320.265,3307.73,3309.9,3.3523,0.629
2025-05-21 08:00:00,3309.91,3312.37,3304.07,3308.465,2.5114,0.656
2025-05-21 09:00:00,3308.485,3313.65,3307.05,3313.645,2.271,0.632
2025-05-21 10:00:00,3313.655,3318.39,3308.788,3311.899,2.6332,0.612
2025-05-21 11:00:00,3312.073,3316.536,3306.57,3311.298,2.6492,0.613
2025-05-21 12:00:00,3311.32,3312.745,3290.859,3302.748,5.6713,0.608
2025-05-21 13:00:00,3302.779,3309.646,3295.38,3303.754,5.5598,0.618
2025-05-21 14:00:00,3303.744,3307.975,3295.348,3304.435,5.3511,0.606
2025-05-21 15:00:00,3304.468,3315.335,3303.625,3312.014,3.9385,0.594
2025-05-21 16:00:00,3312.024,3314.815,3302.778,3303.188,2.8788,0.571
2025-05-21 17:00:00,3303.174,3316.56,3302.874,3316.464,4.3933,0.592
2025-05-21 18:00:00,3316.438,3316.585,3312.022,3314.476,2.2468,0.601
2025-05-21 19:00:00,3314.41,3324.976,3314.41,3318.365,4.5407,0.503
2025-05-21 20:00:00,3318.38,3319.845,3313.232,3314.995,1.8805,0.563
2025-05-21 22:00:00,3319.675,3321.246,3315.555,3318.125,1.3435,0.71
2025-05-21 23:00:00,3318.175,3324.326,3317.332,3320.168,1.504,0.68
2025-05-22 00:00:00,3320.288,3326.225,3319.465,3323.875,3.8045,0.631
2025-05-22 01:00:00,3323.878,3343.095,3320.49,3338.167,7.2826,0.653
2025-05-22 02:00:00,3338.136,3344.826,3336.56,3341.163,4.3091,0.667
2025-05-22 03:00:00,3341.198,3345.536,3334.994,3335.5,3.5805,0.66
2025-05-22 04:00:00,3335.455,3339.3,3332.77,3338.67,3.3371,0.678
2025-05-22 05:00:00,3338.681,3339.57,3326.375,3332.438,3.1062,0.684
2025-05-22 06:00:00,3332.52,3335.695,3325.456,3326.522,4.8483,0.616
2025-05-22 07:00:00,3326.495,3331.302,3322.665,3327.674,3.785,0.614
2025-05-22 08:00:00,3327.684,3329.992,3310.22,3311.325,4.7814,0.617
2025-05-22 09:00:00,3311.315,3314.01,3304.265,3304.822,3.4808,0.616
2025-05-22 10:00:00,3304.726,3307.592,3288.564,3289.7,3.9021,0.633
2025-05-22 11:00:00,3289.602,3314.868,3283.118,3314.505,4.9375,0.627
2025-05-22 12:00:00,3314.335,3314.615,3301.004,3304.185,5.9165,0.626
2025-05-22 13:00:00,3304.428,3315.865,3286.878,3287.808,7.7081,0.659
2025-05-22 14:00:00,3287.895,3304.676,3279.26,3297.05,8.9127,0.721
2025-05-22 15:00:00,3297.144,3298.826,3281.435,3294.712,5.2532,0.663
2025-05-22 16:00:00,3294.75,3304.944,3291.242,3301.638,3.1944,0.641
2025-05-22 17:00:00,3301.715,3301.884,3290.25,3296.646,3.3127,0.605
2025-05-22 18:00:00,3296.667,3299.01,3292.402,3293.918,2.0244,0.581
2025-05-22 19:00:00,3293.925,3297.205,3289.18,3290.288,3.8496,0.537
2025-05-22 20:00:00,3290.295,3295.724,3289.564,3294.85,1.7009,0.54
2025-05-22 22:00:00,3295.225,3299.444,3293.945,3297.75,0.9694,0.667
2025-05-22 23:00:00,3297.775,3302.09,3297.366,3300.076,0.9737,0.691
2025-05-23 00:00:00,3300.115,3308.992,3287.134,3301.083,4.4222,0.685
2025-05-23 01:00:00,3301.233,3306.612,3296.04,3305.206,4.5089,0.702
2025-05-23 02:00:00,3305.23,3305.422,3290.976,3296.902,3.1678,0.673
2025-05-23 03:00:00,3296.942,3303.528,3296.53,3302.172,2.355,0.662
2025-05-23 04:00:00,3302.175,3316.21,3302.025,3313.722,2.9385,0.637
2025-05-23 05:00:00,3313.716,3325.75,3312.575,3323.894,3.7014,0.668
2025-05-23 06:00:00,3323.888,3332.105,3323.12,3331.176,5.7676,0.627
2025-05-23 07:00:00,3331.097,3334.485,3326.778,3329.266,2.7577,0.64
2025-05-23 08:00:00,3329.252,3329.516,3322.598,3326.425,2.5684,0.648
2025-05-23 09:00:00,3326.465,3334.152,3324.918,3328.775,2.8542,0.663
2025-05-23 10:00:00,3328.784,3332.025,3323.534,3328.678,2.2684,0.641
2025-05-23 11:00:00,3328.71,3349.816,3324.47,3348.192,6.0599,0.73
2025-05-23 12:00:00,3348.215,3360.576,3344.928,3357.034,8.8496,0.699
2025-05-23 13:00:00,3357.038,3364.772,3337.109,3340.264,8.3694,0.684
2025-05-23 14:00:00,3340.208,3359.752,3336.625,3359.336,7.0593,0.656
2025-05-23 15:00:00,3359.362,3362.542,3352.194,3361.694,5.0332,0.585
2025-05-23 16:00:00,3361.739,3364.596,3357.204,3359.064,3.497,0.614
2025-05-23 17:00:00,3359.065,3366.026,3356.455,3362.822,3.5537,0.595
2025-05-23 18:00:00,3362.815,3365.99,3361.255,3362.12,2.7463,0.565
2025-05-23 19:00:00,3362.134,3365.964,3358.333,3360.822,3.3892,0.468
2025-05-23 20:00:00,3360.812,3361.826,3356.264,3357.67,1.5403,0.653
2025-05-25 22:00:00,3356.516,3356.516,3341.205,3344.342,4.4573,0.624
2025-05-25 23:00:00,3344.344,3350.775,3341.425,3342.65,1.598,0.723
2025-05-26 00:00:00,3342.714,3346.305,3331.506,3342.022,3.8141,0.712
2025-05-26 01:00:00,3342.116,3347.732,3335.634,3345.088,4.2892,0.705
2025-05-26 02:00:00,3344.994,3356.896,3343.328,3348.202,3.6289,0.679
2025-05-26 03:00:00,3348.105,3350.016,3344.378,3347.725,2.6979,0.709
2025-05-26 04:00:00,3347.675,3351.228,3346.424,3349.905,1.9373,0.645
2025-05-26 05:00:00,3349.884,3351.925,3344.344,3347.494,2.6835,0.718
2025-05-26 06:00:00,3347.475,3347.61,3337.128,3337.32,4.0909,0.688
2025-05-26 07:00:00,3337.31,3338.825,3332.264,3337.475,2.9237,0.699
2025-05-26 08:00:00,3337.49,3339.735,3331.098,3334.746,2.6303,0.702
2025-05-26 09:00:00,3334.775,3336.202,3323.725,3328.6,2.7694,0.724
2025-05-26 10:00:00,3328.6,3333.756,3328.6,3331.625,1.0705,0.7
2025-05-26 11:00:00,3331.675,3334.748,3329.244,3333.225,1.0134,0.693
2025-05-26 12:00:00,3333.225,3335.1,3326.436,3334.534,1.7223,0.697
2025-05-26 13:00:00,3334.6,3339.056,3331.408,3338.5,2.4442,0.711
2025-05-26 14:00:00,3338.47,3341.752,3335.644,3337.382,2.4506,0.72
2025-05-26 15:00:00,3337.37,3339.828,3336.925,3338.075,1.1762,0.683
2025-05-26 16:00:00,3338.18,3343.725,3337.675,3342.146,0.8305,0.715
2025-05-26 17:00:00,3342.396,3343.226,3340.538,3341.325,0.6269,0.769
2025-05-26 18:00:00,3341.31,3343.245,3341.025,3341.968,0.3947,0.755
2025-05-26 22:00:00,3343.4,3348.884,3342.882,3347.77,1.1847,0.647
2025-05-26 23:00:00,3347.76,3348.54,3344.609,3346.274,0.9516,0.624
2025-05-27 00:00:00,3346.258,3350.062,3342.528,3345.224,2.3493,0.65
2025-05-27 01:00:00,3345.268,3347.412,3331.86,3336.05,3.4523,0.657
2025-05-27 02:00:00,3336.002,3344.525,3335.178,3343.058,3.1109,0.65
2025-05-27 03:00:00,3343.044,3347.332,3340.946,3341.235,2.237,0.648
2025-05-27 04:00:00,3341.225,3341.526,3330.695,3330.91,1.9441,0.607
2025-05-27 05:00:00,3330.925,3332.785,3316.076,3323.522,4.6566,0.667
2025-05-27 06:00:00,3323.511,3328.472,3305.125,3308.702,5.1818,0.699
2025-05-27 07:00:00,3308.592,3312.622,3292.634,3296.366,5.5492,0.663
2025-05-27 08:00:00,3296.326,3310.456,3296.29,3298.623,3.8035,0.654
2025-05-27 09:00:00,3298.592,3309.775,3294.635,3296.275,3.213,0.65
2025-05-27 10:00:00,3296.246,3299.72,3290.633,3293.335,2.9445,0.645
2025-05-27 11:00:00,3293.325,3298.356,3287.825,3288.475,3.1506,0.643
2025-05-27 12:00:00,3288.485,3298.04,3288.095,3293.85,3.681,0.668
2025-05-27 13:00:00,3293.74,3304.996,3292.435,3295.305,5.3271,0.624
2025-05-27 14:00:00,3295.29,3303.428,3285.03,3299.94,5.2188,0.601
2025-05-27 15:00:00,3299.906,3303.15,3289.632,3293.606,3.615,0.607
2025-05-27 16:00:00,3293.622,3298.826,3293.15,3297.902,2.0971,0.611
2025-05-27 17:00:00,3297.865,3304.48,3296.92,3301.375,2.1427,0.612
2025-05-27 18:00:00,3301.35,3304.07,3299.255,3303.174,1.5502,0.606
2025-05-27 19:00:00,3303.17,3308.11,3303.06,3304.405,2.3036,0.527
2025-05-27 20:00:00,3304.553,3305.135,3299.75,3300.805,1.0531,0.577
2025-05-27 22:00:00,3301.292,3305.86,3300.92,3303.275,1.1242,0.635
2025-05-27 23:00:00,3303.63,3311.045,3297.384,3309.472,1.5335,0.661
2025-05-28 00:00:00,3309.475,3315.87,3308.335,3308.646,1.6929,0.616
2025-05-28 01:00:00,3308.616,3310.875,3298.618,3301.854,3.3251,0.614
2025-05-28 02:00:00,3301.905,3313.915,3300.558,3302.494,3.6044,0.614
2025-05-28 03:00:00,3302.48,3304.194,3291.7,3297.835,3.1847,0.658
2025-05-28 04:00:00,3297.865,3299.364,3294.444,3296.488,1.5448,0.668
2025-05-28 05:00:00,3296.505,3310.372,3296.104,3307.296,2.7691,0.651
2025-05-28 06:00:00,3307.216,3308.895,3298.391,3308.399,3.0077,0.658
2025-05-28 07:00:00,3308.362,3322.612,3307.215,3319.246,4.1436,0.642
2025-05-28 08:00:00,3319.25,3323.902,3315.194,3321.672,3.4294,0.637
2025-05-28 09:00:00,3321.68,3325.685,3320.155,3324.205,1.641,0.653
2025-05-28 10:00:00,3324.23,3324.822,3311.915,3313.372,1.7174,0.628
2025-05-28 11:00:00,3313.42,3315.192,3307.54,3311.255,2.5964,0.653
2025-05-28 12:00:00,3311.235,3314.592,3305.41,3312.262,4.1883,0.646
2025-05-28 13:00:00,3312.235,3316.548,3297.514,3305.225,6.2408,0.675
2025-05-28 14:00:00,3305.221,3309.09,3300.495,3302.695,6.1907,0.681
2025-05-28 15:00:00,3302.715,3302.882,3292.635,3296.138,4.2843,0.628
2025-05-28 16:00:00,3296.255,3299.24,3288.654,3293.594,3.1507,0.618
2025-05-28 17:00:00,3293.566,3299.19,3291.425,3297.01,2.2481,0.645
2025-05-28 18:00:00,3296.605,3303.086,3296.27,3302.232,1.9073,0.635
2025-05-28 19:00:00,3302.18,3303.175,3293.9,3297.083,5.5416,0.592
2025-05-28 20:00:00,3297.095,3297.44,3276.498,3287.32,1.8128,0.718
2025-05-28 22:00:00,3288.715,3295.0,3282.005,3286.625,1.6054,0.962
2025-05-28 23:00:00,3286.77,3287.825,3250.235,3259.926,5.7534,0.716
2025-05-29 00:00:00,3259.826,3269.225,3253.878,3265.055,5.9831,0.69
2025-05-29 01:00:00,3265.12,3266.016,3245.575,3263.646,6.1384,0.724
2025-05-29 02:00:00,3263.65,3275.525,3260.985,3270.13,5.1537,0.677
2025-05-29 03:00:00,3270.135,3280.32,3268.135,3274.712,3.8836,0.687
2025-05-29 04:00:00,3274.692,3275.525,3269.11,3269.16,2.4416,0.667
2025-05-29 05:00:00,3269.178,3272.745,3266.1,3272.583,3.0215,0.676
2025-05-29 06:00:00,3272.578,3276.475,3268.088,3271.79,4.0305,0.625
2025-05-29 07:00:00,3271.853,3287.494,3271.823,3286.515,4.3917,0.597
2025-05-29 08:00:00,3286.514,3289.375,3278.255,3281.77,3.4232,0.617
2025-05-29 09:00:00,3281.76,3283.296,3276.305,3282.16,2.8464,0.592
2025-05-29 10:00:00,3282.15,3300.784,3281.96,3296.79,5.6188,0.588
2025-05-29 11:00:00,3296.775,3305.605,3295.48,3299.81,4.2495,0.578
2025-05-29 12:00:00,3299.8,3317.585,3298.766,3316.575,6.5319,0.634
2025-05-29 13:00:00,3316.547,3322.08,3310.32,3312.655,7.7111,0.611
2025-05-29 14:00:00,3312.668,3319.511,3304.825,3310.314,6.0848,0.628
2025-05-29 15:00:00,3310.318,3322.086,3309.788,3321.744,4.0657,0.639
2025-05-29 16:00:00,3321.75,3331.235,3319.816,3322.333,3.9099,0.606
2025-05-29 17:00:00,3322.306,3324.685,3318.14,3324.399,3.2199,0.602
2025-05-29 18:00:00,3324.428,3325.91,3317.6,3321.366,2.6661,0.588
2025-05-29 19:00:00,3321.351,3321.59,3315.572,3316.72,2.9111,0.544
2025-05-29 20:00:00,3316.778,3318.45,3315.305,3318.135,0.7572,0.583
2025-05-29 22:00:00,3318.144,3321.136,3313.587,3314.46,1.6092,0.661
2025-05-29 23:00:00,3314.578,3317.33,3312.91,3315.694,1.5288,0.658
2025-05-30 00:00:00,3315.735,3318.97,3309.574,3312.609,2.6928,0.647
2025-05-30 01:00:00,3312.636,3322.842,3308.216,3310.006,4.6757,0.692
2025-05-30 02:00:00,3310.005,3312.322,3294.975,3297.378,4.2532,0.707
2025-05-30 03:00:00,3297.362,3302.446,3291.364,3294.552,3.0928,0.664
2025-05-30 04:00:00,3294.345,3296.622,3291.684,3296.4,1.7353,0.665
2025-05-30 05:00:00,3296.25,3305.072,3290.236,3303.776,2.6033,0.663
2025-05-30 06:00:00,3303.782,3304.335,3290.536,3301.94,3.2187,0.644
2025-05-30 07:00:00,3301.943,3301.943,3287.525,3295.076,3.6642,0.643
2025-05-30 08:00:00,3295.062,3299.342,3291.68,3295.806,3.081,0.636
2025-05-30 09:00:00,3295.75,3298.988,3292.583,3295.65,2.3326,0.623
2025-05-30 10:00:00,3295.7,3300.674,3292.64,3295.314,1.7778,0.626
2025-05-30 11:00:00,3295.304,3297.324,3288.658,3294.076,2.3835,0.635
2025-05-30 12:00:00,3294.101,3306.946,3282.808,3304.052,7.2264,0.693
2025-05-30 13:00:00,3304.012,3308.35,3275.275,3276.904,6.8166,0.685
2025-05-30 14:00:00,3276.914,3287.404,3271.54,3282.796,7.1665,0.663
2025-05-30 15:00:00,3282.776,3292.725,3276.062,3288.682,5.7616,0.622
2025-05-30 16:00:00,3288.667,3295.86,3284.06,3293.333,4.1465,0.64
2025-05-30 17:00:00,3293.285,3294.925,3289.805,3291.064,3.0421,0.63
2025-05-30 18:00:00,3291.13,3295.2,3291.064,3293.88,2.195,0.638
2025-05-30 19:00:00,3293.866,3295.215,3291.805,3294.872,3.1485,0.484
2025-05-30 20:00:00,3294.858,3295.89,3288.81,3289.365,1.4286,0.596
2025-06-01 22:00:00,3298.72,3315.14,3295.886,3313.2,3.6221,0.72
2025-06-01 23:00:00,3313.02,3316.8,3309.22,3310.244,1.5886,0.691
2025-06-02 00:00:00,3310.305,3315.025,3303.31,3311.45,3.7478,0.689
2025-06-02 01:00:00,3311.508,3313.86,3301.524,3303.666,3.8745,0.68
2025-06-02 02:00:00,3303.626,3311.684,3303.337,3307.428,3.1418,0.654
2025-06-02 03:00:00,3307.44,3309.035,3303.27,3308.775,3.0295,0.662
2025-06-02 04:00:00,3308.83,3318.305,3308.814,3314.005,2.4869,0.619
2025-06-02 05:00:00,3313.93,3325.875,3313.833,3323.792,3.0266,0.644
2025-06-02 06:00:00,3323.815,3345.485,3323.815,3344.515,3.8849,0.644
2025-06-02 07:00:00,3344.56,3359.16,3343.22,3352.595,4.9165,0.654
2025-06-02 08:00:00,3352.715,3356.466,3350.125,3352.046,3.0238,0.646
2025-06-02 09:00:00,3352.032,3352.506,3344.46,3348.448,2.9869,0.62
2025-06-02 10:00:00,3348.405,3351.495,3344.616,3348.692,3.1057,0.643
2025-06-02 11:00:00,3348.662,3360.396,3346.136,3356.395,3.0372,0.659
2025-06-02 12:00:00,3356.345,3363.692,3354.09,3355.508,4.3702,0.616
2025-06-02 13:00:00,3355.758,3376.372,3350.364,3370.882,6.0464,0.664
2025-06-02 14:00:00,3370.902,3379.0,3367.724,3376.134,6.9668,0.646
2025-06-02 15:00:00,3376.088,3378.952,3369.854,3374.37,4.5623,0.592
2025-06-02 16:00:00,3374.355,3379.265,3369.23,3371.73,8.7797,0.466
2025-06-02 17:00:00,3371.646,3376.042,3371.305,3374.52,6.532,0.568
2025-06-02 18:00:00,3374.51,3380.149,3370.826,3379.314,2.6194,0.598
2025-06-02 19:00:00,3379.29,3382.465,3377.92,3381.665,3.9971,0.559
2025-06-02 20:00:00,3381.64,3383.015,3378.455,3381.495,2.4522,0.546
2025-06-02 22:00:00,3383.88,3391.534,3382.362,3390.058,3.5858,0.631
2025-06-02 23:00:00,3390.218,3392.285,3383.206,3387.55,3.0262,0.65
2025-06-03 00:00:00,3387.564,3388.775,3373.888,3375.974,3.7963,0.669
2025-06-03 01:00:00,3376.014,3376.156,3363.348,3372.798,6.4497,0.675
2025-06-03 02:00:00,3372.764,3378.109,3364.538,3368.859,4.6116,0.677
2025-06-03 03:00:00,3368.855,3369.675,3359.848,3361.096,3.5522,0.69
2025-06-03 04:00:00,3361.105,3365.266,3359.308,3362.806,2.8288,0.667
2025-06-03 05:00:00,3362.815,3367.884,3356.37,3365.109,3.4683,0.676
2025-06-03 06:00:00,3365.034,3367.36,3351.242,3358.925,5.8617,0.649
2025-06-03 07:00:00,3358.934,3361.377,3352.585,3359.632,4.437,0.652
2025-06-03 08:00:00,3359.652,3364.906,3359.637,3361.282,3.6482,0.64
2025-06-03 09:00:00,3361.29,3362.778,3355.025,3356.912,2.9784,0.633
2025-06-03 10:00:00,3356.935,3358.765,3355.06,3355.587,2.6595,0.613
2025-06-03 11:00:00,3355.606,3360.565,3353.405,3359.366,2.8376,0.616
2025-06-03 12:00:00,3359.386,3363.222,3349.115,3359.462,6.2924,0.614
2025-06-03 13:00:00,3359.41,3363.261,3340.985,3345.718,6.0523,0.644
2025-06-03 14:00:00,3345.708,3350.26,3333.04,3346.476,7.4833,0.604
2025-06-03 15:00:00,3346.436,3351.587,3344.175,3350.356,4.2864,0.526
2025-06-03 16:00:00,3350.382,3353.61,3344.706,3348.588,3.605,0.524
2025-06-03 17:00:00,3348.574,3354.66,3347.364,3353.228,2.4365,0.593
2025-06-03 18:00:00,3353.225,3353.875,3350.43,3353.606,1.7099,0.623
2025-06-03 19:00:00,3353.67,3355.55,3351.36,3352.664,1.7944,0.614
2025-06-03 20:00:00,3352.674,3355.395,3352.623,3353.25,0.7565,0.582
2025-06-03 22:00:00,3354.3,3358.57,3353.89,3357.17,0.8517,0.679
2025-06-03 23:00:00,3357.185,3361.725,3355.354,3359.992,1.2468,0.665
2025-06-04 00:00:00,3359.994,3360.236,3349.851,3350.337,3.528,0.666
2025-06-04 01:00:00,3350.316,3372.338,3346.554,3370.952,5.0723,0.666
2025-06-04 02:00:00,3370.925,3372.73,3362.998,3365.583,7.2238,0.587
2025-06-04 03:00:00,3365.565,3367.688,3358.458,3359.285,5.3675,0.62
2025-06-04 04:00:00,3359.295,3361.574,3352.422,3354.875,3.4939,0.641
2025-06-04 05:00:00,3354.905,3356.645,3348.08,3351.15,3.8613,0.674
2025-06-04 06:00:00,3351.168,3358.548,3349.044,3355.81,3.4234,0.65
2025-06-04 07:00:00,3355.776,3365.29,3353.728,3354.738,3.3294,0.638
2025-06-04 08:00:00,3354.708,3364.295,3351.698,3362.905,3.5282,0.623
2025-06-04 09:00:00,3362.928,3365.12,3359.445,3363.085,3.0236,0.625
2025-06-04 10:00:00,3363.06,3364.1,3347.312,3350.922,3.6599,0.603
2025-06-04 11:00:00,3350.855,3352.125,3343.796,3346.64,3.2493,0.62
2025-06-04 12:00:00,3346.734,3360.95,3344.29,3359.025,5.9615,0.607
2025-06-04 13:00:00,3359.065,3362.83,3350.908,3352.938,5.0367,0.656
2025-06-04 14:00:00,3352.788,3384.798,3351.108,3377.466,6.8083,0.641
2025-06-04 15:00:00,3377.452,3379.066,3370.002,3371.752,3.7716,0.579
2025-06-04 16:00:00,3371.766,3376.385,3370.958,3375.096,2.1317,0.561
2025-06-04 17:00:00,3375.012,3381.004,3373.006,3379.21,1.6776,0.562
2025-06-04 18:00:00,3379.24,3382.18,3375.075,3376.186,1.6358,0.573
2025-06-04 19:00:00,3376.196,3376.365,3371.936,3373.601,1.6407,0.538
2025-06-04 20:00:00,3373.49,3375.106,3370.79,3372.885,0.8394,0.588
2025-06-04 22:00:00,3374.948,3376.042,3372.402,3373.605,0.7448,0.578
2025-06-04 23:00:00,3373.705,3379.125,3372.556,3378.24,1.103,0.653
2025-06-05 00:00:00,3378.17,3381.85,3372.651,3380.325,2.6478,0.652
2025-06-05 01:00:00,3380.276,3384.295,3370.616,3373.944,4.178,0.643
2025-06-05 02:00:00,3373.91,3375.274,3368.236,3370.964,3.1546,0.62
2025-06-05 03:00:00,3370.998,3377.47,3369.285,3369.776,3.0291,0.624
2025-06-05 04:00:00,3369.756,3372.548,3363.925,3368.52,3.9474,0.59
2025-06-05 05:00:00,3368.548,3369.842,3361.245,3364.298,3.7975,0.621
2025-06-05 06:00:00,3364.308,3370.101,3363.835,3366.098,3.1303,0.575
2025-06-05 07:00:00,3366.075,3374.586,3365.359,3371.377,2.4667,0.581
2025-06-05 08:00:00,3371.4,3376.996,3369.824,3375.305,2.3891,0.588
2025-06-05 09:00:00,3375.325,3391.428,3374.114,3389.634,4.7768,0.591
2025-06-05 10:00:00,3389.614,3400.495,3388.25,3400.012,3.2946,0.591
2025-06-05 11:00:00,3400.035,3403.51,3391.683,3392.282,3.5627,0.588
2025-06-05 12:00:00,3392.498,3400.262,3377.678,3383.167,5.2672,0.667
2025-06-05 13:00:00,3383.175,3388.522,3371.268,3378.228,8.6492,0.71
2025-06-05 14:00:00,3378.414,3383.272,3363.905,3367.758,7.6855,0.701
2025-06-05 15:00:00,3367.754,3373.135,3339.486,3344.865,7.7087,0.702
2025-06-05 16:00:00,3344.662,3356.535,3339.905,3354.165,4.4791,0.67
2025-06-05 17:00:00,3354.33,3354.908,3348.96,3354.015,3.0506,0.666
2025-06-05 18:00:00,3354.04,3356.246,3350.578,3353.596,2.3898,0.579
2025-06-05 19:00:00,3353.59,3361.47,3352.824,3356.86,4.0413,0.615
2025-06-05 20:00:00,3356.895,3357.876,3352.075,3352.73,0.9112,0.678
2025-06-05 22:00:00,3354.33,3363.536,3353.284,3359.15,2.1313,0.693
2025-06-05 23:00:00,3359.15,3362.744,3357.425,3361.925,0.9937,0.688
2025-06-06 00:00:00,3361.842,3364.198,3357.375,3359.452,2.8675,0.623
2025-06-06 01:00:00,3359.47,3368.704,3356.181,3363.905,4.9694,0.622
2025-06-06 02:00:00,3363.856,3366.625,3362.122,3364.014,3.2435,0.618
2025-06-06 03:00:00,3364.0,3372.038,3359.525,3369.742,3.2789,0.605
2025-06-06 04:00:00,3369.7,3374.684,3369.125,3373.746,2.1454,0.622
2025-06-06 05:00:00,3373.761,3375.675,3362.23,3366.118,3.9204,0.618
2025-06-06 06:00:00,3366.144,3367.138,3356.144,3360.82,6.6827,0.576
2025-06-06 07:00:00,3360.84,3362.448,3352.805,3359.522,5.2832,0.577
2025-06-06 08:00:00,3359.609,3367.852,3358.415,3365.418,4.2114,0.573
2025-06-06 09:00:00,3365.448,3365.498,3352.9,3356.82,4.0814,0.571
2025-06-06 10:00:00,3356.83,3360.994,3355.886,3360.735,3.0714,0.572
2025-06-06 11:00:00,3360.77,3364.445,3358.195,3358.38,3.9074,0.566
2025-06-06 12:00:00,3358.484,3364.53,3343.525,3353.47,7.672,0.729
2025-06-06 13:00:00,3353.405,3361.024,3342.554,3343.27,8.7593,0.66
2025-06-06 14:00:00,3343.28,3345.07,3316.43,3326.28,9.7015,0.68
2025-06-06 15:00:00,3326.31,3336.826,3323.413,3332.212,5.2004,0.596
2025-06-06 16:00:00,3332.2,3332.766,3320.9,3322.885,3.1612,0.584
2025-06-06 17:00:00,3322.925,3326.832,3321.41,3323.73,2.0704,0.579
2025-06-06 18:00:00,3323.77,3324.16,3313.721,3317.534,2.3461,0.551
2025-06-06 19:00:00,3317.544,3318.984,3311.39,3312.385,2.6973,0.555
2025-06-06 20:00:00,3312.394,3312.915,3307.205,3310.66,1.2403,0.605
2025-06-08 22:00:00,3312.348,3321.33,3309.31,3314.94,1.6562,0.693
2025-06-08 23:00:00,3314.965,3318.632,3313.417,3318.116,1.7863,0.664
2025-06-09 00:00:00,3318.204,3318.752,3298.275,3305.575,4.7241,0.64
2025-06-09 01:00:00,3305.59,3309.475,3295.135,3296.234,5.1429,0.657
2025-06-09 02:00:00,3296.274,3307.69,3293.625,3305.53,3.9699,0.638
2025-06-09 03:00:00,3305.485,3312.062,3304.212,3310.81,3.1385,0.631
2025-06-09 04:00:00,3310.775,3313.552,3309.28,3311.83,2.172,0.618
2025-06-09 05:00:00,3311.82,3316.65,3309.66,3314.695,4.2019,0.634
2025-06-09 06:00:00,3314.67,3325.015,3312.545,3324.448,5.6454,0.538
2025-06-09 07:00:00,3324.352,3328.675,3321.623,3324.232,3.7946,0.546
2025-06-09 08:00:00,3324.238,3325.705,3319.82,3319.858,3.6044,0.529
2025-06-09 09:00:00,3319.89,3323.546,3316.875,3318.72,3.2337,0.526
2025-06-09 10:00:00,3318.73,3319.785,3312.21,3314.765,2.6571,0.535
2025-06-09 11:00:00,3314.763,3321.435,3313.73,3317.532,3.3795,0.545
2025-06-09 12:00:00,3317.56,3322.505,3313.114,3320.155,3.9308,0.569
2025-06-09 13:00:00,3320.185,3321.8,3310.835,3319.38,6.1225,0.579
2025-06-09 14:00:00,3319.355,3326.89,3316.175,3320.94,5.4087,0.563
2025-06-09 15:00:00,3320.955,3332.17,3320.455,3328.665,3.726,0.552
2025-06-09 16:00:00,3328.662,3337.935,3327.556,3337.755,3.5212,0.516
2025-06-09 17:00:00,3337.755,3338.265,3332.97,3333.705,2.6846,0.499
2025-06-09 18:00:00,3333.69,3337.13,3332.801,3333.245,2.1998,0.534
2025-06-09 19:00:00,3333.242,3335.55,3325.905,3327.245,2.5916,0.507
2025-06-09 20:00:00,3327.177,3329.64,3325.035,3325.6,1.2433,0.526
2025-06-09 22:00:00,3326.02,3327.525,3321.645,3323.575,1.2216,0.625
2025-06-09 23:00:00,3323.605,3328.038,3323.594,3326.854,0.7803,0.654
2025-06-10 00:00:00,3326.864,3326.94,3314.51,3316.686,3.3582,0.651
2025-06-10 01:00:00,3316.702,3320.118,3303.015,3306.275,5.4101,0.672
2025-06-10 02:00:00,3306.235,3310.415,3301.942,3309.454,3.833,0.644
2025-06-10 03:00:00,3309.428,3310.486,3305.165,3307.62,2.3195,0.639
2025-06-10 04:00:00,3307.649,3308.848,3302.958,3307.356,1.7035,0.649
2025-06-10 05:00:00,3307.34,3319.298,3306.854,3317.666,3.6525,0.653
2025-06-10 06:00:00,3317.725,3331.385,3315.565,3325.516,6.6518,0.563
2025-06-10 07:00:00,3325.52,3332.28,3324.065,3330.215,5.7482,0.565
2025-06-10 08:00:00,3330.283,3335.02,3326.221,3329.47,4.7674,0.564
2025-06-10 09:00:00,3329.465,3331.945,3327.155,3329.815,3.1365,0.563
2025-06-10 10:00:00,3329.83,3336.33,3328.465,3335.42,3.0921,0.541
2025-06-10 11:00:00,3335.402,3342.562,3332.372,3333.798,3.3165,0.559
2025-06-10 12:00:00,3333.824,3340.335,3328.305,3337.205,3.8567,0.549
2025-06-10 13:00:00,3337.275,3349.185,3335.604,3343.64,5.5226,0.578
2025-06-10 14:00:00,3343.625,3343.766,3325.49,3328.623,6.1678,0.583
2025-06-10 15:00:00,3328.635,3329.36,3323.26,3326.758,4.8273,0.552
2025-06-10 16:00:00,3326.738,3327.83,3320.05,3321.34,3.3692,0.552
2025-06-10 17:00:00,3321.355,3325.955,3320.52,3324.85,2.8646,0.514
2025-06-10 18:00:00,3324.873,3325.445,3319.44,3321.69,2.6207,0.494
2025-06-10 19:00:00,3321.71,3334.622,3321.536,3328.76,2.8399,0.524
2025-06-10 20:00:00,3328.78,3328.94,3322.496,3323.565,1.3859,0.554
2025-06-10 22:00:00,3323.2,3327.538,3320.755,3324.55,1.2554,0.642
2025-06-10 23:00:00,3324.555,3328.228,3315.585,3328.029,1.8482,0.642
2025-06-11 00:00:00,3328.064,3335.34,3325.12,3332.508,2.9506,0.663
2025-06-11 01:00:00,3332.5,3337.567,3327.685,3328.674,3.8145,0.63
2025-06-11 02:00:00,3328.634,3339.734,3327.184,3338.305,2.8442,0.615
2025-06-11 03:00:00,3338.28,3341.77,3336.538,3339.435,2.3018,0.614
2025-06-11 04:00:00,3339.422,3343.01,3337.024,3341.864,2.2012,0.618
2025-06-11 05:00:00,3341.86,3343.198,3335.65,3339.782,2.909,0.614
2025-06-11 06:00:00,3339.819,3340.286,3332.514,3337.435,2.5782,0.582
2025-06-11 07:00:00,3337.4,3348.695,3335.25,3345.72,2.4975,0.588
2025-06-11 08:00:00,3345.652,3346.864,3342.685,3344.601,2.11,0.572
2025-06-11 09:00:00,3344.565,3344.696,3331.404,3333.83,3.1854,0.58
2025-06-11 10:00:00,3333.984,3336.873,3328.525,3329.955,1.8097,0.579
2025-06-11 11:00:00,3329.975,3335.322,3326.128,3333.155,1.9997,0.579
2025-06-11 12:00:00,3333.218,3360.775,3327.25,3336.864,6.2909,0.647
2025-06-11 13:00:00,3336.83,3344.67,3327.848,3329.966,6.5681,0.652
2025-06-11 14:00:00,3329.946,3341.351,3328.564,3337.632,4.32,0.598
2025-06-11 15:00:00,3337.636,3342.884,3329.695,3333.276,3.1926,0.579
2025-06-11 16:00:00,3333.292,3334.546,3328.224,3330.335,2.1597,0.562
2025-06-11 17:00:00,3330.36,3331.45,3319.59,3324.432,2.8049,0.558
2025-06-11 18:00:00,3324.405,3347.302,3323.952,3343.962,3.9032,0.585
2025-06-11 19:00:00,3343.971,3349.345,3342.456,3346.837,3.0994,0.548
2025-06-11 20:00:00,3346.826,3355.785,3346.622,3355.33,1.6654,0.503
2025-06-11 22:00:00,3357.324,3369.86,3356.335,3369.075,2.9349,0.601
2025-06-11 23:00:00,3369.135,3373.535,3357.64,3365.558,2.8754,0.653
2025-06-12 00:00:00,3365.495,3371.434,3362.195,3365.878,4.8108,0.621
2025-06-12 01:00:00,3365.868,3377.075,3362.554,3371.11,6.1239,0.637
2025-06-12 02:00:00,3371.042,3377.876,3368.985,3374.804,5.2609,0.588
2025-06-12 03:00:00,3374.794,3376.81,3371.755,3373.452,4.21,0.593
2025-06-12 04:00:00,3373.425,3373.835,3369.486,3370.5,3.1967,0.572
2025-06-12 05:00:00,3370.496,3375.873,3367.746,3374.564,5.1985,0.561
2025-06-12 06:00:00,3374.634,3375.69,3365.322,3375.05,3.2283,0.567
2025-06-12 07:00:00,3374.98,3375.315,3338.768,3346.275,4.5986,0.617
2025-06-12 08:00:00,3346.215,3361.224,3346.215,3356.85,3.856,0.611
2025-06-12 09:00:00,3356.822,3367.996,3355.448,3365.51,2.6464,0.597
2025-06-12 10:00:00,3365.71,3385.935,3362.545,3382.622,4.1221,0.591
2025-06-12 11:00:00,3382.627,3388.65,3373.272,3379.39,3.9546,0.565
2025-06-12 12:00:00,3379.255,3390.6,3376.48,3388.116,4.8766,0.573
2025-06-12 13:00:00,3388.255,3399.04,3379.165,3392.132,6.8972,0.621
2025-06-12 14:00:00,3392.106,3393.25,3383.074,3383.968,5.5609,0.616
2025-06-12 15:00:00,3383.964,3390.41,3377.894,3385.816,5.2059,0.609
2025-06-12 16:00:00,3385.825,3391.525,3380.975,3383.745,2.7189,0.6
2025-06-12 17:00:00,3383.785,3385.062,3378.101,3382.712,1.9895,0.593
2025-06-12 18:00:00,3382.725,3386.448,3381.882,3386.038,2.1164,0.598
2025-06-12 19:00:00,3385.942,3389.426,3384.872,3388.27,2.3956,0.478
2025-06-12 20:00:00,3388.195,3389.036,3384.816,3386.14,1.0064,0.532
2025-06-12 22:00:00,3386.18,3386.732,3379.656,3383.575,1.7876,0.648
2025-06-12 23:00:00,3383.43,3396.495,3382.745,3395.895,2.0687,0.657
2025-06-13 00:00:00,3395.775,3420.06,3391.82,3416.66,11.7968,0.754
2025-06-13 01:00:00,3416.725,3433.438,3413.885,3427.664,8.7152,0.624
2025-06-13 02:00:00,3427.548,3444.27,3424.826,3441.428,6.4329,0.61
2025-06-13 03:00:00,3441.49,3444.438,3423.776,3425.67,6.2436,0.618
2025-06-13 04:00:00,3425.59,3430.454,3422.805,3425.373,2.4579,0.607
2025-06-13 05:00:00,3425.418,3428.905,3418.1,3426.205,3.1496,0.609
2025-06-13 06:00:00,3426.225,3428.855,3408.46,3416.42,5.2237,0.565
2025-06-13 07:00:00,3416.435,3419.12,3408.029,3415.0,3.2936,0.569
2025-06-13 08:00:00,3414.98,3426.23,3414.35,3424.372,2.4524,0.557
2025-06-13 09:00:00,3424.386,3427.412,3420.092,3424.49,2.7984,0.59
2025-06-13 10:00:00,3424.428,3427.85,3411.698,3415.968,3.1032,0.58
2025-06-13 11:00:00,3415.998,3423.125,3412.598,3422.295,2.8255,0.567
2025-06-13 12:00:00,3422.324,3438.246,3421.83,3436.69,4.2796,0.552
2025-06-13 13:00:00,3436.552,3446.896,3433.97,3437.234,6.2309,0.584
2025-06-13 14:00:00,3437.254,3439.931,3423.748,3427.95,10.7477,0.57
2025-06-13 15:00:00,3427.96,3430.48,3421.006,3426.32,12.824,0.522
2025-06-13 16:00:00,3426.324,3431.255,3419.315,3430.17,6.6529,0.539
2025-06-13 17:00:00,3430.165,3433.536,3427.465,3430.47,3.0478,0.496
2025-06-13 18:00:00,3430.484,3439.66,3428.83,3436.72,3.7349,0.498
2025-06-13 19:00:00,3436.73,3438.325,3431.86,3432.435,3.9351,0.432
2025-06-13 20:00:00,3432.473,3434.899,3429.165,3432.55,1.7389,0.543
2025-06-15 22:00:00,3451.89,3451.89,3428.938,3448.475,4.3138,0.657
2025-06-15 23:00:00,3448.62,3450.225,3439.628,3444.284,2.0456,0.634
2025-06-16 00:00:00,3444.252,3451.394,3434.424,3436.442,3.4773,0.622
2025-06-16 01:00:00,3436.315,3443.248,3433.26,3441.628,3.9306,0.619
2025-06-16 02:00:00,3441.674,3446.415,3437.989,3438.454,2.9179,0.603
2025-06-16 03:00:00,3438.444,3439.685,3429.332,3431.658,2.7335,0.609
2025-06-16 04:00:00,3431.65,3433.458,3427.028,3427.644,1.9947,0.595
2025-06-16 05:00:00,3427.833,3430.545,3417.905,3421.622,3.8315,0.621
2025-06-16 06:00:00,3421.616,3421.616,3412.996,3418.4,4.5186,0.582
2025-06-16 07:00:00,3418.37,3419.91,3409.534,3412.75,3.5156,0.567
2025-06-16 08:00:00,3412.695,3418.586,3409.785,3413.92,3.0563,0.565
2025-06-16 09:00:00,3414.01,3419.551,3411.97,3412.051,2.6713,0.544
2025-06-16 10:00:00,3412.188,3421.43,3410.824,3421.178,5.2177,0.525
2025-06-16 11:00:00,3421.164,3422.715,3410.85,3415.064,3.5165,0.549
2025-06-16 12:00:00,3415.088,3417.88,3411.101,3415.708,3.4188,0.567
2025-06-16 13:00:00,3415.698,3418.08,3382.845,3388.155,7.8002,0.609
2025-06-16 14:00:00,3388.206,3399.572,3387.42,3397.058,8.8644,0.62
2025-06-16 15:00:00,3397.154,3405.725,3397.154,3404.664,5.7732,0.546
2025-06-16 16:00:00,3404.675,3405.076,3397.56,3399.426,2.1555,0.552
2025-06-16 17:00:00,3399.405,3400.38,3391.175,3392.69,1.7634,0.529
2025-06-16 18:00:00,3392.635,3394.145,3384.078,3385.434,1.5279,0.56
2025-06-16 19:00:00,3385.663,3388.566,3382.89,3384.13,3.5705,0.469
2025-06-16 20:00:00,3384.025,3386.184,3383.465,3384.165,0.9711,0.555
2025-06-16 22:00:00,3387.325,3398.522,3385.592,3395.65,1.5772,0.569
2025-06-16 23:00:00,3395.604,3402.97,3393.082,3402.912,1.9433,0.63
2025-06-17 00:00:00,3402.934,3403.351,3391.644,3394.404,3.0466,0.61
2025-06-17 01:00:00,3394.438,3402.614,3393.322,3393.78,3.0923,0.592
2025-06-17 02:00:00,3393.8,3400.484,3388.684,3390.09,2.8221,0.595
2025-06-17 03:00:00,3390.072,3392.678,3373.394,3387.656,3.8505,0.597
2025-06-17 04:00:00,3387.68,3396.359,3387.125,3394.052,2.6042,0.587
2025-06-17 05:00:00,3394.026,3395.462,3390.72,3392.632,3.0421,0.594
2025-06-17 06:00:00,3392.606,3392.606,3381.165,3385.585,3.6303,0.55
2025-06-17 07:00:00,3385.57,3392.03,3383.284,3387.895,2.4148,0.565
2025-06-17 08:00:00,3387.935,3388.758,3377.77,3378.935,2.2488,0.572
2025-06-17 09:00:00,3378.816,3386.04,3375.748,3385.715,2.9236,0.581
2025-06-17 10:00:00,3385.795,3398.868,3385.42,3398.268,2.8997,0.57
2025-06-17 11:00:00,3398.288,3400.225,3388.266,3388.632,2.5982,0.572
2025-06-17 12:00:00,3388.646,3391.67,3383.604,3386.81,4.4828,0.591
2025-06-17 13:00:00,3386.859,3397.525,3385.9,3390.675,6.0953,0.594
2025-06-17 14:00:00,3390.615,3392.112,3366.194,3385.08,6.0191,0.59
2025-06-17 15:00:00,3385.064,3388.375,3372.482,3379.366,3.2292,0.56
2025-06-17 16:00:00,3379.471,3386.06,3376.75,3383.044,2.8292,0.566
2025-06-17 17:00:00,3383.08,3391.385,3381.325,3390.425,2.6185,0.546
2025-06-17 18:00:00,3390.605,3392.546,3382.511,3382.925,2.1007,0.514
2025-06-17 19:00:00,3383.105,3386.558,3382.494,3385.795,1.8633,0.544
2025-06-17 20:00:00,3385.765,3390.465,3383.656,3387.865,0.815,0.554
2025-06-17 22:00:00,3390.515,3396.375,3388.828,3388.885,1.4934,0.647
2025-06-17 23:00:00,3389.004,3390.41,3385.09,3387.454,1.2673,0.615
2025-06-18 00:00:00,3387.326,3388.96,3383.046,3385.832,2.9098,0.603
2025-06-18 01:00:00,3385.801,3388.722,3378.77,3379.055,3.1087,0.59
2025-06-18 02:00:00,3378.925,3379.798,3370.66,3379.475,3.5366,0.598
2025-06-18 03:00:00,3379.51,3391.62,3379.375,3391.088,2.5148,0.596
2025-06-18 04:00:00,3391.104,3400.13,3389.515,3395.264,2.6246,0.618
2025-06-18 05:00:00,3395.274,3395.748,3384.3,3386.555,3.2831,0.642
2025-06-18 06:00:00,3386.55,3386.84,3379.472,3382.482,2.9285,0.639
2025-06-18 07:00:00,3382.415,3386.202,3377.184,3386.024,2.6751,0.6
2025-06-18 08:00:00,3385.986,3388.53,3382.678,3383.675,2.1367,0.617
2025-06-18 09:00:00,3383.625,3385.665,3375.587,3378.255,2.1916,0.615
2025-06-18 10:00:00,3378.296,3382.466,3375.74,3380.312,2.7038,0.621
2025-06-18 11:00:00,3380.366,3387.165,3379.048,3382.208,2.7299,0.624
2025-06-18 12:00:00,3382.194,3389.998,3381.745,3386.744,3.6115,0.615
2025-06-18 13:00:00,3386.754,3396.917,3385.735,3392.302,4.5043,0.574
2025-06-18 14:00:00,3392.286,3392.511,3373.86,3386.944,7.1172,0.629
2025-06-18 15:00:00,3386.948,3392.956,3381.4,3392.835,3.6187,0.584
2025-06-18 16:00:00,3392.805,3394.762,3390.025,3391.06,2.7668,0.594
2025-06-18 17:00:00,3391.04,3391.302,3384.366,3385.49,2.55,0.604
2025-06-18 18:00:00,3385.52,3396.012,3378.432,3379.188,5.4874,0.663
2025-06-18 19:00:00,3379.195,3379.315,3363.02,3366.886,6.9218,0.581
2025-06-18 20:00:00,3366.822,3369.758,3362.695,3369.185,2.2433,0.58
2025-06-18 22:00:00,3370.045,3379.926,3369.945,3375.25,1.3512,0.647
2025-06-18 23:00:00,3375.25,3377.125,3370.772,3375.168,1.271,0.627
2025-06-19 00:00:00,3375.188,3383.465,3374.859,3379.554,2.2212,0.603
2025-06-19 01:00:00,3379.528,3388.122,3374.612,3374.934,3.9916,0.599
2025-06-19 02:00:00,3374.988,3379.542,3374.108,3376.825,2.2802,0.604
2025-06-19 03:00:00,3376.833,3377.382,3369.746,3373.675,2.0348,0.605
2025-06-19 04:00:00,3373.64,3375.286,3372.109,3374.638,1.4885,0.573
2025-06-19 05:00:00,3374.65,3375.38,3360.292,3364.675,2.9878,0.586
2025-06-19 06:00:00,3364.67,3364.845,3347.583,3357.52,10.7518,0.562
2025-06-19 07:00:00,3357.517,3369.21,3350.75,3366.03,7.2564,0.522
2025-06-19 08:00:00,3366.0,3371.7,3362.332,3368.76,2.3862,0.58
2025-06-19 09:00:00,3368.738,3373.774,3363.65,3370.424,2.1127,0.55
2025-06-19 10:00:00,3370.435,3379.198,3369.092,3375.03,2.3619,0.532
2025-06-19 11:00:00,3375.065,3375.58,3370.511,3372.02,1.595,0.565
2025-06-19 12:00:00,3372.055,3372.635,3363.945,3368.022,2.15,0.555
2025-06-19 13:00:00,3368.05,3373.075,3361.575,3369.526,2.7624,0.57
2025-06-19 14:00:00,3369.45,3371.011,3361.646,3364.68,2.6335,0.546
2025-06-19 15:00:00,3364.667,3372.122,3362.244,3369.275,2.4269,0.565
2025-06-19 16:00:00,3369.29,3371.795,3366.19,3371.098,1.6613,0.562
2025-06-19 17:00:00,3371.083,3375.506,3365.945,3368.345,1.2369,0.623
2025-06-19 18:00:00,3368.295,3371.48,3366.672,3370.388,0.4825,0.649
2025-06-19 22:00:00,3369.215,3370.66,3362.038,3365.725,1.3411,0.622
2025-06-19 23:00:00,3365.875,3370.605,3363.668,3368.885,1.2991,0.655
2025-06-20 00:00:00,3368.918,3370.455,3364.779,3368.142,1.8872,0.603
2025-06-20 01:00:00,3368.1,3368.396,3356.202,3356.511,2.934,0.602
2025-06-20 02:00:00,3356.522,3360.696,3351.7,3352.51,3.4104,0.582
2025-06-20 03:00:00,3352.545,3356.315,3344.754,3355.688,3.4354,0.618
2025-06-20 04:00:00,3355.694,3357.79,3352.654,3354.458,1.7615,0.581
2025-06-20 05:00:00,3354.448,3355.216,3342.745,3344.814,2.709,0.6
2025-06-20 06:00:00,3344.824,3348.845,3340.438,3345.368,3.0497,0.532
2025-06-20 07:00:00,3345.332,3355.4,3343.396,3347.725,2.3681,0.537
2025-06-20 08:00:00,3347.635,3352.542,3346.785,3351.12,1.6251,0.528
2025-06-20 09:00:00,3351.09,3359.36,3349.37,3355.328,1.7832,0.542
2025-06-20 10:00:00,3355.344,3358.038,3355.038,3355.508,1.211,0.523
2025-06-20 11:00:00,3355.494,3356.12,3346.712,3347.066,2.1267,0.537
2025-06-20 12:00:00,3347.264,3350.878,3342.02,3344.604,3.0039,0.574
2025-06-20 13:00:00,3344.65,3373.885,3343.15,3370.326,4.9281,0.565
2025-06-20 14:00:00,3370.306,3374.558,3365.296,3369.314,4.508,0.562
2025-06-20 15:00:00,3369.348,3371.832,3365.928,3369.886,2.4747,0.549
2025-06-20 16:00:00,3369.85,3373.406,3367.826,3371.542,1.6071,0.537
2025-06-20 17:00:00,3371.516,3371.826,3366.606,3367.417,1.5097,0.519
2025-06-20 18:00:00,3367.455,3368.025,3364.73,3366.716,1.0312,0.544
2025-06-20 19:00:00,3366.75,3370.805,3364.877,3365.595,1.9079,0.491
2025-06-20 20:00:00,3365.61,3369.386,3364.766,3368.635,1.2638,0.516
2025-06-22 22:00:00,3390.748,3397.275,3372.455,3379.175,3.5954,0.84
2025-06-22 23:00:00,3379.1,3380.675,3371.232,3372.826,1.784,0.636
2025-06-23 00:00:00,3372.79,3373.632,3358.538,3365.728,3.3461,0.618
2025-06-23 01:00:00,3365.744,3368.296,3352.008,3355.32,3.6507,0.636
2025-06-23 02:00:00,3355.35,3365.03,3354.885,3361.625,2.8925,0.595
2025-06-23 03:00:00,3361.605,3366.505,3360.489,3363.45,2.4996,0.609
2025-06-23 04:00:00,3363.405,3365.15,3356.914,3358.594,1.4457,0.568
2025-06-23 05:00:00,3358.615,3360.685,3347.085,3356.934,3.0989,0.599
2025-06-23 06:00:00,3356.954,3359.97,3352.667,3357.672,2.2187,0.565
2025-06-23 07:00:00,3357.65,3358.855,3351.708,3357.65,1.9882,0.564
2025-06-23 08:00:00,3357.68,3362.395,3357.68,3361.92,1.7634,0.563
2025-06-23 09:00:00,3361.825,3369.15,3361.69,3366.612,2.2939,0.545
2025-06-23 10:00:00,3366.585,3368.316,3364.04,3367.864,1.7059,0.545
2025-06-23 11:00:00,3367.884,3382.15,3367.884,3380.825,3.0747,0.554
2025-06-23 12:00:00,3380.845,3381.15,3355.974,3360.475,3.3431,0.567
2025-06-23 13:00:00,3360.342,3387.875,3359.935,3380.75,4.9237,0.598
2025-06-23 14:00:00,3380.66,3386.873,3369.884,3386.545,5.5147,0.599
2025-06-23 15:00:00,3386.555,3389.905,3384.623,3387.26,2.9625,0.537
2025-06-23 16:00:00,3387.235,3393.572,3380.408,3389.995,3.4666,0.558
2025-06-23 17:00:00,3389.9,3391.625,3375.645,3382.51,2.8123,0.61
2025-06-23 18:00:00,3382.55,3387.695,3376.865,3378.665,1.7575,0.577
2025-06-23 19:00:00,3378.75,3382.172,3375.695,3376.512,1.7871,0.549
2025-06-23 20:00:00,3376.522,3377.375,3367.186,3368.425,1.1067,0.561
2025-06-23 22:00:00,3368.112,3370.23,3350.413,3355.525,2.3213,0.786
2025-06-23 23:00:00,3355.505,3357.5,3341.46,3344.312,2.5957,0.69
2025-06-24 00:00:00,3344.412,3355.34,3333.208,3351.22,4.0096,0.662
2025-06-24 01:00:00,3351.26,3354.525,3342.262,3347.805,3.9543,0.628
2025-06-24 02:00:00,3347.675,3352.935,3346.029,3352.044,3.074,0.608
2025-06-24 03:00:00,3352.058,3357.935,3351.704,3352.544,2.2938,0.591
2025-06-24 04:00:00,3352.55,3353.49,3347.174,3348.646,1.5041,0.603
2025-06-24 05:00:00,3348.622,3348.95,3326.714,3332.15,3.6961,0.615
2025-06-24 06:00:00,3332.315,3333.258,3316.154,3322.85,4.6772,0.59
2025-06-24 07:00:00,3322.875,3331.745,3316.616,3329.845,4.0855,0.57
2025-06-24 08:00:00,3329.754,3332.45,3324.735,3327.474,2.4453,0.566
2025-06-24 09:00:00,3327.48,3328.91,3318.014,3318.67,2.075,0.553
2025-06-24 10:00:00,3318.673,3327.794,3318.658,3325.658,1.6909,0.548
2025-06-24 11:00:00,3325.628,3329.05,3317.925,3321.23,2.4334,0.538
2025-06-24 12:00:00,3321.032,3321.122,3304.661,3314.775,4.7913,0.586
2025-06-24 13:00:00,3314.8,3318.015,3295.435,3302.198,6.4166,0.605
2025-06-24 14:00:00,3302.185,3310.39,3298.808,3304.645,5.6879,0.565
2025-06-24 15:00:00,3304.612,3317.158,3299.78,3313.3,3.7429,0.558
2025-06-24 16:00:00,3313.35,3320.456,3311.372,3318.445,2.104,0.526
2025-06-24 17:00:00,3318.508,3321.306,3317.974,3318.05,1.9848,0.54
2025-06-24 18:00:00,3318.092,3319.035,3315.675,3317.225,1.6421,0.539
2025-06-24 19:00:00,3317.2,3325.31,3316.095,3323.625,1.7611,0.527
2025-06-24 20:00:00,3323.67,3324.532,3321.656,3323.515,0.8336,0.549
2025-06-24 22:00:00,3324.105,3325.396,3320.945,3321.675,0.7077,0.569
2025-06-24 23:00:00,3321.665,3324.95,3321.665,3324.284,0.6928,0.565
2025-06-25 00:00:00,3324.264,3330.154,3323.71,3327.015,1.7534,0.573
2025-06-25 01:00:00,3327.045,3334.945,3326.474,3334.814,2.6104,0.593
2025-06-25 02:00:00,3334.794,3335.296,3327.872,3329.545,2.3158,0.566
2025-06-25 03:00:00,3329.565,3332.115,3327.304,3328.424,1.6222,0.559
2025-06-25 04:00:00,3328.455,3329.388,3325.904,3327.635,1.1502,0.539
2025-06-25 05:00:00,3327.665,3333.824,3326.824,3331.676,1.6174,0.585
2025-06-25 06:00:00,3331.667,3333.465,3328.97,3331.83,1.6886,0.556
2025-06-25 07:00:00,3331.795,3337.152,3326.782,3330.692,2.4256,0.545
2025-06-25 08:00:00,3330.665,3332.47,3326.595,3327.305,2.209,0.551
2025-06-25 09:00:00,3327.308,3327.354,3321.606,3325.417,1.9613,0.548
2025-06-25 10:00:00,3325.422,3329.715,3324.22,3324.545,1.9191,0.548
2025-06-25 11:00:00,3324.505,3329.604,3322.162,3322.652,2.4107,0.55
2025-06-25 12:00:00,3322.632,3329.544,3318.226,3320.765,3.0854,0.561
2025-06-25 13:00:00,3320.795,3321.725,3311.985,3314.636,5.2842,0.565
2025-06-25 14:00:00,3314.66,3326.36,3312.332,3323.525,5.353,0.524
2025-06-25 15:00:00,3323.505,3327.232,3321.738,3325.68,2.6433,0.536
2025-06-25 16:00:00,3325.69,3335.265,3324.172,3334.885,2.1493,0.55
2025-06-25 17:00:00,3334.904,3335.444,3324.784,3327.996,2.3369,0.548
2025-06-25 18:00:00,3327.995,3331.82,3326.31,3331.676,1.3449,0.548
2025-06-25 19:00:00,3331.667,3336.122,3330.488,3333.765,1.6191,0.541
2025-06-25 20:00:00,3333.848,3335.69,3331.455,3332.465,0.8203,0.558
2025-06-25 22:00:00,3335.09,3335.845,3331.38,3333.35,0.8003,0.59
2025-06-25 23:00:00,3333.33,3340.288,3332.914,3339.078,1.3021,0.635
2025-06-26 00:00:00,3339.094,3339.435,3332.156,3334.042,2.0914,0.591
2025-06-26 01:00:00,3334.055,3336.886,3329.256,3330.24,2.5256,0.61
2025-06-26 02:00:00,3330.19,3341.972,3329.316,3339.634,2.0943,0.618
2025-06-26 03:00:00,3339.668,3343.315,3336.42,3338.06,2.2714,0.626
2025-06-26 04:00:00,3338.05,3338.16,3333.445,3334.042,1.9286,0.602
2025-06-26 05:00:00,3334.05,3338.35,3332.45,3334.186,2.4148,0.626
2025-06-26 06:00:00,3334.2,3340.495,3331.054,3339.906,2.6628,0.609
2025-06-26 07:00:00,3339.922,3347.275,3339.765,3346.144,2.9345,0.598
2025-06-26 08:00:00,3346.134,3350.365,3344.452,3348.232,3.0372,0.61
2025-06-26 09:00:00,3348.225,3348.802,3338.755,3340.684,2.8803,0.608
2025-06-26 10:00:00,3340.725,3343.52,3338.148,3343.372,1.7987,0.623
2025-06-26 11:00:00,3343.322,3344.122,3331.575,3332.965,2.5704,0.605
2025-06-26 12:00:00,3332.995,3344.21,3321.795,3322.138,4.2087,0.634
2025-06-26 13:00:00,3322.143,3328.815,3309.998,3319.97,7.0769,0.652
2025-06-26 14:00:00,3319.95,3323.92,3312.028,3318.4,5.3665,0.648
2025-06-26 15:00:00,3318.424,3325.086,3318.424,3324.965,2.9851,0.608
2025-06-26 16:00:00,3325.005,3333.375,3323.828,3331.36,2.8221,0.619
2025-06-26 17:00:00,3331.38,3336.525,3331.221,3332.786,2.0672,0.635
2025-06-26 18:00:00,3332.806,3334.972,3331.345,3334.134,1.7247,0.636
2025-06-26 19:00:00,3334.18,3334.41,3328.342,3331.375,2.5624,0.599
2025-06-26 20:00:00,3331.4,3332.399,3327.779,3328.125,0.7204,0.685
2025-06-26 22:00:00,3328.092,3328.276,3318.962,3321.575,1.0061,0.727
2025-06-26 23:00:00,3321.585,3323.872,3316.272,3318.792,0.9645,0.657
2025-06-27 00:00:00,3318.695,3319.962,3313.296,3318.942,1.6743,0.592
2025-06-27 01:00:00,3318.935,3322.149,3314.934,3316.495,2.5273,0.608
2025-06-27 02:00:00,3316.485,3320.488,3308.61,3308.925,2.8297,0.59
2025-06-27 03:00:00,3308.859,3311.025,3292.675,3294.395,3.9162,0.599
2025-06-27 04:00:00,3294.375,3297.71,3291.125,3294.088,1.8024,0.59
2025-06-27 05:00:00,3294.109,3300.948,3289.326,3297.46,2.5828,0.579
2025-06-27 06:00:00,3297.44,3300.065,3286.882,3295.042,3.5437,0.58
2025-06-27 07:00:00,3295.062,3295.402,3283.63,3284.465,3.1295,0.579
2025-06-27 08:00:00,3284.498,3291.208,3281.925,3289.514,2.6638,0.575
2025-06-27 09:00:00,3289.504,3289.899,3282.17,3282.835,2.383,0.57
2025-06-27 10:00:00,3282.885,3290.968,3279.8,3285.778,2.8321,0.509
2025-06-27 11:00:00,3285.793,3288.088,3276.168,3281.475,2.7948,0.562
2025-06-27 12:00:00,3281.43,3282.37,3269.614,3270.145,4.3572,0.608
2025-06-27 13:00:00,3270.265,3274.545,3255.805,3274.26,7.1328,0.569
2025-06-27 14:00:00,3274.42,3278.254,3263.675,3272.565,6.0935,0.574
2025-06-27 15:00:00,3272.585,3277.56,3271.088,3274.7,3.4759,0.553
2025-06-27 16:00:00,3274.688,3278.658,3273.454,3277.699,2.1683,0.497
2025-06-27 17:00:00,3277.708,3282.886,3272.782,3277.382,2.2029,0.544
2025-06-27 18:00:00,3277.412,3278.386,3270.53,3275.888,2.4281,0.53
2025-06-27 19:00:00,3275.908,3276.618,3268.435,3270.638,2.2418,0.533
2025-06-27 20:00:00,3270.674,3275.545,3270.378,3274.285,1.2466,0.578
2025-06-29 22:00:00,3272.93,3282.025,3247.338,3263.875,3.3017,0.8
2025-06-29 23:00:00,3263.845,3271.025,3262.948,3263.868,1.6113,0.634
2025-06-30 00:00:00,3263.854,3269.746,3262.744,3264.55,1.6418,0.601
2025-06-30 01:00:00,3264.47,3275.942,3259.515,3273.98,3.9464,0.603
2025-06-30 02:00:00,3274.01,3283.396,3273.64,3280.31,2.5295,0.585
2025-06-30 03:00:00,3280.285,3282.91,3278.0,3279.095,1.4894,0.6
2025-06-30 04:00:00,3279.096,3286.382,3277.18,3285.626,1.3379,0.559
2025-06-30 05:00:00,3285.601,3291.545,3284.744,3289.16,1.6324,0.586
2025-06-30 06:00:00,3289.145,3295.595,3288.045,3292.116,2.7993,0.518
2025-06-30 07:00:00,3292.096,3296.875,3290.77,3293.015,1.8713,0.557
2025-06-30 08:00:00,3292.955,3296.636,3288.15,3289.185,2.1591,0.54
2025-06-30 09:00:00,3289.127,3289.127,3277.474,3287.91,2.6798,0.546
2025-06-30 10:00:00,3287.95,3288.895,3282.535,3283.61,0.8743,0.552
2025-06-30 11:00:00,3283.63,3283.822,3274.7,3277.975,2.0074,0.555
2025-06-30 12:00:00,3278.105,3289.01,3278.08,3282.165,7.2279,0.498
2025-06-30 13:00:00,3282.135,3287.156,3277.988,3284.822,6.0108,0.56
2025-06-30 14:00:00,3284.88,3289.67,3279.276,3287.796,4.6161,0.549
2025-06-30 15:00:00,3287.735,3290.835,3283.71,3289.674,3.6506,0.488
2025-06-30 16:00:00,3289.688,3297.58,3289.228,3297.375,3.1316,0.468
2025-06-30 17:00:00,3297.326,3298.634,3292.254,3294.158,9.7348,0.433
2025-06-30 18:00:00,3294.173,3299.601,3292.784,3298.54,3.6463,0.492
2025-06-30 19:00:00,3298.7,3309.556,3298.13,3308.712,3.0136,0.512
2025-06-30 20:00:00,3308.696,3309.272,3302.312,3302.725,1.0778,0.556
2025-06-30 22:00:00,3303.646,3314.676,3302.38,3311.484,1.2388,0.604
2025-06-30 23:00:00,3311.53,3312.596,3308.668,3312.575,1.1553,0.621
2025-07-01 00:00:00,3312.537,3314.975,3309.95,3314.846,1.2474,0.592
2025-07-01 01:00:00,3314.808,3321.076,3314.01,3317.836,2.8332,0.59
2025-07-01 02:00:00,3317.846,3319.402,3314.466,3316.136,2.094,0.603
2025-07-01 03:00:00,3316.122,3322.71,3315.8,3321.196,2.0465,0.577
2025-07-01 04:00:00,3321.13,3323.142,3318.975,3323.066,1.4393,0.562
2025-07-01 05:00:00,3323.01,3332.464,3322.97,3328.795,4.3528,0.547
2025-07-01 06:00:00,3328.815,3334.566,3325.075,3331.45,4.2333,0.54
2025-07-01 07:00:00,3331.495,3339.955,3330.904,3339.616,4.5172,0.547
2025-07-01 08:00:00,3339.601,3342.55,3336.825,3339.635,2.6015,0.545
2025-07-01 09:00:00,3339.645,3348.17,3338.286,3345.868,9.3778,0.456
2025-07-01 10:00:00,3345.915,3349.795,3344.438,3348.66,4.3597,0.523
2025-07-01 11:00:00,3348.695,3353.114,3347.05,3349.055,2.8453,0.535
2025-07-01 12:00:00,3349.105,3358.16,3348.449,3354.714,5.0235,0.518
2025-07-01 13:00:00,3354.678,3355.71,3344.498,3351.86,7.6191,0.544
2025-07-01 14:00:00,3351.854,3354.518,3343.684,3345.934,4.5141,0.573
2025-07-01 15:00:00,3345.924,3346.79,3337.07,3340.335,3.8801,0.566
2025-07-01 16:00:00,3340.355,3343.64,3337.66,3341.775,2.5073,0.555
2025-07-01 17:00:00,3341.765,3342.288,3336.994,3339.808,1.98,0.535
2025-07-01 18:00:00,3339.833,3339.948,3336.925,3338.055,1.135,0.523
2025-07-01 19:00:00,3338.098,3340.16,3336.876,3338.19,2.3981,0.52
2025-07-01 20:00:00,3338.205,3340.4,3336.896,3338.065,0.9868,0.519
2025-07-01 22:00:00,3339.646,3343.792,3336.84,3341.625,1.0907,0.625
2025-07-01 23:00:00,3341.678,3341.925,3336.875,3338.164,0.8911,0.631
2025-07-02 00:00:00,3338.194,3345.109,3334.664,3339.02,2.2346,0.614
2025-07-02 01:00:00,3339.034,3343.058,3331.0,3332.261,2.326,0.596
2025-07-02 02:00:00,3332.246,3338.328,3328.667,3336.755,1.8017,0.613
2025-07-02 03:00:00,3336.785,3342.222,3334.992,3339.95,1.7773,0.594
2025-07-02 04:00:00,3339.955,3342.065,3339.525,3340.155,1.3059,0.581
2025-07-02 05:00:00,3340.145,3343.976,3336.6,3338.846,2.277,0.58
2025-07-02 06:00:00,3338.895,3339.422,3329.925,3333.53,1.786,0.568
2025-07-02 07:00:00,3333.476,3336.8,3327.58,3334.778,2.3219,0.546
2025-07-02 08:00:00,3334.726,3338.055,3332.995,3333.605,2.4305,0.544
2025-07-02 09:00:00,3333.572,3342.464,3333.13,3341.765,3.4562,0.538
2025-07-02 10:00:00,3341.715,3345.76,3340.665,3344.375,1.5682,0.544
2025-07-02 11:00:00,3344.415,3347.836,3339.864,3342.355,1.4736,0.542
2025-07-02 12:00:00,3342.325,3351.172,3337.52,3346.672,5.8456,0.6
2025-07-02 13:00:00,3346.676,3346.7,3334.994,3337.48,8.9679,0.555
2025-07-02 14:00:00,3337.529,3343.61,3333.925,3343.045,4.2948,0.534
2025-07-02 15:00:00,3342.975,3343.828,3338.718,3341.1,2.7467,0.548
2025-07-02 16:00:00,3341.06,3349.335,3341.06,3348.739,2.3173,0.524
2025-07-02 17:00:00,3348.714,3350.68,3347.474,3349.722,1.7388,0.509
2025-07-02 18:00:00,3349.732,3355.305,3348.574,3355.09,2.9523,0.442
2025-07-02 19:00:00,3355.108,3359.575,3354.61,3358.3,5.0807,0.472
2025-07-02 20:00:00,3358.355,3360.175,3355.62,3357.805,0.835,0.568
2025-07-02 22:00:00,3357.686,3365.785,3357.497,3362.042,1.2582,0.612
2025-07-02 23:00:00,3362.044,3362.35,3348.9,3349.406,1.6315,0.621
2025-07-03 00:00:00,3349.434,3349.936,3343.56,3344.768,1.8958,0.59
2025-07-03 01:00:00,3344.804,3348.286,3341.942,3346.11,2.0616,0.595
2025-07-03 02:00:00,3346.135,3351.564,3345.825,3351.138,1.5201,0.577
2025-07-03 03:00:00,3351.149,3351.609,3345.516,3347.555,1.6106,0.581
2025-07-03 04:00:00,3347.562,3351.878,3347.476,3350.812,1.3186,0.576
2025-07-03 05:00:00,3350.805,3360.528,3350.186,3359.444,2.6578,0.579
2025-07-03 06:00:00,3359.454,3363.798,3356.601,3361.926,3.1433,0.55
2025-07-03 07:00:00,3361.862,3363.2,3352.555,3353.08,1.8129,0.555
2025-07-03 08:00:00,3353.11,3358.395,3351.68,3356.268,1.5674,0.538
2025-07-03 09:00:00,3356.248,3356.45,3343.952,3345.715,5.1108,0.55
2025-07-03 10:00:00,3345.812,3355.445,3344.835,3353.135,10.3779,0.422
2025-07-03 11:00:00,3353.155,3353.72,3343.12,3346.12,4.7419,0.461
2025-07-03 12:00:00,3345.99,3352.408,3311.609,3324.524,6.4049,0.65
2025-07-03 13:00:00,3324.623,3338.596,3322.124,3332.186,8.1001,0.579
2025-07-03 14:00:00,3332.076,3334.76,3323.542,3324.738,5.6387,0.579
2025-07-03 15:00:00,3324.734,3331.522,3323.1,3328.123,2.5826,0.53
2025-07-03 16:00:00,3328.149,3334.72,3325.8,3333.975,1.9043,0.537
2025-07-03 17:00:00,3333.96,3334.946,3328.99,3329.25,1.9687,0.497
2025-07-03 18:00:00,3329.175,3330.325,3328.004,3329.145,1.7369,0.485
2025-07-03 19:00:00,3329.135,3329.64,3327.184,3328.78,1.3559,0.456
2025-07-03 20:00:00,3328.77,3328.89,3325.365,3326.355,0.6682,0.481
2025-07-03 22:00:00,3325.95,3329.662,3323.63,3329.141,0.9048,0.626
2025-07-03 23:00:00,3329.07,3332.075,3328.506,3330.922,1.125,0.622
2025-07-04 00:00:00,3330.85,3331.132,3325.91,3329.026,1.1854,0.588
2025-07-04 01:00:00,3328.942,3334.35,3326.48,3330.085,2.1968,0.599
2025-07-04 02:00:00,3329.936,3332.504,3327.122,3327.41,1.6239,0.579
2025-07-04 03:00:00,3327.385,3338.985,3326.185,3338.492,2.0168,0.574
2025-07-04 04:00:00,3338.514,3342.342,3338.045,3340.948,1.4602,0.582
2025-07-04 05:00:00,3340.968,3342.295,3338.431,3339.586,1.5618,0.578
2025-07-04 06:00:00,3339.582,3345.165,3339.29,3342.675,3.4874,0.512
2025-07-04 07:00:00,3342.805,3343.83,3336.53,3343.045,4.6211,0.51
2025-07-04 08:00:00,3343.095,3344.288,3340.96,3342.875,3.6768,0.55
2025-07-04 09:00:00,3342.855,3343.127,3333.085,3334.52,3.4603,0.573
2025-07-04 10:00:00,3334.506,3338.196,3331.604,3336.896,1.8844,0.657
2025-07-04 11:00:00,3336.865,3337.9,3334.498,3334.766,1.4492,0.638
2025-07-04 12:00:00,3334.772,3337.875,3331.446,3334.025,2.3918,0.682
2025-07-04 13:00:00,3334.025,3338.154,3332.345,3333.918,2.3153,0.633
2025-07-04 14:00:00,3333.854,3334.319,3330.936,3333.333,1.7696,0.683
2025-07-04 15:00:00,3333.348,3334.0,3330.882,3332.486,0.8556,0.615
2025-07-04 16:00:00,3332.484,3337.575,3332.375,3336.587,0.8788,0.617
2025-07-06 22:00:00,3334.71,3342.851,3332.478,3333.475,1.4275,0.628
2025-07-06 23:00:00,3333.453,3334.575,3326.384,3328.994,1.2572,0.624
2025-07-07 00:00:00,3329.008,3329.824,3321.824,3326.575,1.9216,0.597
2025-07-07 01:00:00,3326.595,3327.812,3306.764,3316.601,3.8023,0.606
2025-07-07 02:00:00,3316.616,3317.825,3306.083,3308.945,2.5846,0.588
2025-07-07 03:00:00,3308.935,3315.38,3307.155,3311.02,2.6602,0.571
2025-07-07 04:00:00,3311.128,3312.454,3305.34,3307.81,3.0546,0.584
2025-07-07 05:00:00,3307.873,3315.195,3307.082,3313.42,5.1115,0.578
2025-07-07 06:00:00,3313.41,3315.3,3308.39,3310.01,7.8313,0.491
2025-07-07 07:00:00,3309.97,3313.372,3300.715,3302.31,2.3728,0.536
2025-07-07 08:00:00,3302.272,3312.835,3301.36,3310.279,3.2056,0.515
2025-07-07 09:00:00,3310.176,3312.016,3306.234,3309.035,2.6912,0.559
2025-07-07 10:00:00,3308.986,3310.8,3296.44,3302.15,3.7621,0.563
2025-07-07 11:00:00,3302.145,3307.655,3299.835,3302.005,4.111,0.562
2025-07-07 12:00:00,3301.905,3312.788,3300.609,3309.688,4.0863,0.553
2025-07-07 13:00:00,3309.68,3317.255,3306.244,3316.446,4.0006,0.562
2025-07-07 14:00:00,3316.556,3321.466,3313.275,3318.045,3.6379,0.541
2025-07-07 15:00:00,3318.055,3322.075,3316.307,3320.94,1.9295,0.522
2025-07-07 16:00:00,3320.91,3328.155,3320.199,3327.505,6.1076,0.562
2025-07-07 17:00:00,3327.59,3335.944,3327.46,3332.02,9.5375,0.48
2025-07-07 18:00:00,3332.115,3335.735,3328.452,3334.425,10.5813,0.476
2025-07-07 19:00:00,3334.427,3340.537,3334.346,3337.2,8.9198,0.457
2025-07-07 20:00:00,3337.274,3338.154,3335.529,3336.965,1.6298,0.411
2025-07-07 22:00:00,3339.35,3345.912,3338.902,3339.842,2.5422,0.662
2025-07-07 23:00:00,3339.837,3340.172,3333.956,3334.725,3.3277,0.672
2025-07-08 00:00:00,3334.722,3337.225,3331.206,3334.325,5.0129,0.704
2025-07-08 01:00:00,3334.297,3337.064,3329.715,3334.825,3.7767,0.694
2025-07-08 02:00:00,3334.851,3338.14,3332.85,3334.545,2.8633,0.618
2025-07-08 03:00:00,3334.525,3335.558,3329.655,3331.57,1.8686,0.59
2025-07-08 04:00:00,3331.59,3332.825,3327.434,3329.708,1.6351,0.584
2025-07-08 05:00:00,3329.745,3336.62,3329.578,3334.142,2.2002,0.567
2025-07-08 06:00:00,3334.145,3336.066,3330.76,3335.795,2.7352,0.532
2025-07-08 07:00:00,3335.8,3339.565,3330.545,3334.034,2.5533,0.532
2025-07-08 08:00:00,3334.014,3334.03,3323.325,3323.73,2.5598,0.553
2025-07-08 09:00:00,3323.728,3326.878,3321.244,3322.149,1.7285,0.556
2025-07-08 10:00:00,3322.185,3327.224,3320.618,3324.684,1.1939,0.552
2025-07-08 11:00:00,3324.708,3327.59,3320.008,3325.135,1.4354,0.532
2025-07-08 12:00:00,3325.175,3329.877,3324.805,3328.258,2.4726,0.589
2025-07-08 13:00:00,3328.265,3328.765,3314.867,3315.285,6.0825,0.581
2025-07-08 14:00:00,3315.239,3315.975,3294.38,3296.625,7.7664,0.583
2025-07-08 15:00:00,3296.61,3300.404,3287.204,3298.294,6.3012,0.565
2025-07-08 16:00:00,3298.375,3301.678,3295.968,3300.525,5.758,0.572
2025-07-08 17:00:00,3300.49,3310.447,3299.443,3306.492,5.6926,0.588
2025-07-08 18:00:00,3306.504,3308.302,3300.713,3305.465,4.3305,0.586
2025-07-08 19:00:00,3305.495,3306.25,3302.43,3302.985,3.8736,0.576
2025-07-08 20:00:00,3302.985,3303.825,3299.444,3301.525,1.0205,0.636
2025-07-08 22:00:00,3302.04,3304.165,3300.54,3301.625,1.5684,0.486
2025-07-08 23:00:00,3301.649,3304.045,3297.28,3302.325,2.0205,0.557
2025-07-09 00:00:00,3302.33,3308.025,3301.86,3307.146,1.8817,0.6
2025-07-09 01:00:00,3307.13,3307.346,3299.413,3301.91,2.2703,0.595
2025-07-09 02:00:00,3301.855,3303.038,3286.655,3288.53,2.7826,0.604
2025-07-09 03:00:00,3288.498,3294.804,3284.995,3293.364,2.2472,0.613
2025-07-09 04:00:00,3293.405,3296.412,3291.18,3294.004,1.373,0.611
2025-07-09 05:00:00,3294.015,3297.872,3289.062,3289.505,2.1341,0.611
2025-07-09 06:00:00,3289.515,3292.83,3285.685,3292.336,2.8894,0.545
2025-07-09 07:00:00,3292.375,3296.104,3288.364,3291.958,2.7806,0.541
2025-07-09 08:00:00,3291.948,3292.795,3282.688,3285.06,3.2455,0.532
2025-07-09 09:00:00,3284.955,3290.476,3284.48,3289.294,1.6674,0.564
2025-07-09 10:00:00,3289.21,3296.055,3288.315,3295.595,1.8914,0.533
2025-07-09 11:00:00,3295.775,3295.93,3283.26,3284.956,1.6566,0.534
2025-07-09 12:00:00,3284.966,3297.555,3284.966,3296.462,2.778,0.533
2025-07-09 13:00:00,3296.49,3305.368,3291.98,3300.319,6.3901,0.54
2025-07-09 14:00:00,3300.354,3313.025,3299.76,3312.435,6.7205,0.567
2025-07-09 15:00:00,3312.464,3313.1,3306.414,3309.705,6.253,0.539
2025-07-09 16:00:00,3309.678,3313.414,3307.968,3311.945,4.3511,0.491
2025-07-09 17:00:00,3311.92,3314.71,3308.096,3309.545,6.5007,0.461
2025-07-09 18:00:00,3309.55,3313.772,3307.985,3311.485,3.9062,0.537
2025-07-09 19:00:00,3311.435,3316.851,3310.99,3315.705,4.3875,0.496
2025-07-09 20:00:00,3315.748,3315.882,3311.596,3313.81,1.0415,0.507
2025-07-09 22:00:00,3313.886,3321.254,3313.485,3319.725,1.6027,0.566
2025-07-09 23:00:00,3319.785,3319.904,3315.779,3317.739,1.1053,0.637
2025-07-10 00:00:00,3317.748,3322.022,3316.658,3317.75,2.6816,0.624
2025-07-10 01:00:00,3317.686,3326.41,3316.605,3322.214,3.1769,0.625
2025-07-10 02:00:00,3322.228,3323.695,3318.246,3319.216,2.2264,0.596
2025-07-10 03:00:00,3319.192,3320.266,3315.556,3315.82,1.6317,0.586
2025-07-10 04:00:00,3315.807,3322.598,3314.978,3322.315,1.3617,0.589
2025-07-10 05:00:00,3322.395,3325.146,3320.752,3321.235,1.6348,0.544
2025-07-10 06:00:00,3321.215,3328.58,3321.015,3325.345,2.176,0.516
2025-07-10 07:00:00,3325.375,3329.515,3319.931,3321.142,2.6126,0.514
2025-07-10 08:00:00,3321.152,3330.225,3319.93,3328.74,1.9886,0.514
2025-07-10 09:00:00,3328.73,3330.34,3323.32,3326.525,2.0955,0.517
2025-07-10 10:00:00,3326.535,3328.835,3322.275,3325.325,1.7644,0.54
2025-07-10 11:00:00,3325.355,3330.325,3318.355,3320.49,3.196,0.516
2025-07-10 12:00:00,3320.52,3326.215,3317.955,3323.785,4.0473,0.539
2025-07-10 13:00:00,3323.775,3329.64,3311.99,3312.872,4.9657,0.549
2025-07-10 14:00:00,3312.755,3321.674,3310.195,3315.048,4.1763,0.534
2025-07-10 15:00:00,3315.044,3321.645,3314.739,3319.7,2.7428,0.517
2025-07-10 16:00:00,3319.72,3320.06,3312.25,3315.205,4.1667,0.489
2025-07-10 17:00:00,3315.12,3318.68,3314.794,3317.51,4.6268,0.425
2025-07-10 18:00:00,3317.505,3321.945,3316.48,3321.594,2.009,0.516
2025-07-10 19:00:00,3321.61,3326.048,3321.525,3324.93,2.7633,0.491
2025-07-10 20:00:00,3324.937,3325.4,3323.42,3323.915,0.9725,0.498
2025-07-10 22:00:00,3323.918,3326.625,3321.895,3323.3,1.1868,0.55
2025-07-10 23:00:00,3323.015,3326.498,3322.854,3323.845,0.6449,0.663
2025-07-11 00:00:00,3323.795,3336.265,3323.635,3330.482,2.8093,0.627
2025-07-11 01:00:00,3330.486,3331.654,3325.212,3329.635,4.0274,0.565
2025-07-11 02:00:00,3329.68,3335.07,3327.245,3332.57,3.1585,0.533
2025-07-11 03:00:00,3332.545,3336.156,3332.19,3333.802,1.4622,0.563
2025-07-11 04:00:00,3333.765,3335.395,3329.63,3332.045,1.1779,0.574
2025-07-11 05:00:00,3332.005,3341.716,3332.005,3334.218,3.4151,0.592
2025-07-11 06:00:00,3334.239,3343.895,3332.2,3332.58,4.4577,0.698
2025-07-11 07:00:00,3332.49,3342.265,3331.215,3342.034,4.4013,0.658
2025-07-11 08:00:00,3342.044,3343.795,3332.86,3333.185,3.7903,0.697
2025-07-11 09:00:00,3333.208,3340.011,3332.894,3339.486,2.6891,0.693
2025-07-11 10:00:00,3339.485,3348.376,3339.485,3345.034,4.435,0.617
2025-07-11 11:00:00,3345.025,3350.306,3342.04,3347.588,3.4189,0.682
2025-07-11 12:00:00,3347.595,3357.084,3344.245,3355.162,5.2377,0.693
2025-07-11 13:00:00,3355.152,3359.257,3350.172,3351.907,12.8129,0.674
2025-07-11 14:00:00,3351.93,3363.884,3350.284,3361.278,10.4194,0.667
2025-07-11 15:00:00,3361.24,3368.717,3356.982,3358.932,8.131,0.594
2025-07-11 16:00:00,3358.872,3359.737,3352.906,3353.912,5.7066,0.613
2025-07-11 17:00:00,3353.872,3354.126,3349.288,3353.448,6.602,0.64
2025-07-11 18:00:00,3353.468,3358.588,3353.43,3356.22,5.4499,0.637
2025-07-11 19:00:00,3356.25,3359.815,3355.715,3356.688,3.7154,0.627
2025-07-11 20:00:00,3356.708,3359.075,3353.63,3355.82,1.6543,0.766
2025-07-13 22:00:00,3363.875,3371.475,3359.667,3369.575,3.7778,1.237
2025-07-13 23:00:00,3369.424,3374.18,3366.414,3367.806,1.6562,0.904
2025-07-14 00:00:00,3367.792,3373.395,3364.92,3367.51,2.7885,0.679
2025-07-14 01:00:00,3367.44,3370.325,3357.075,3358.665,3.6077,0.681
2025-07-14 02:00:00,3358.615,3359.68,3353.87,3357.485,2.7687,0.668
2025-07-14 03:00:00,3357.455,3359.73,3355.485,3357.135,1.4641,0.63
2025-07-14 04:00:00,3357.095,3361.908,3353.92,3359.765,1.8947,0.725
2025-07-14 05:00:00,3359.635,3360.485,3353.794,3357.705,1.8723,0.647
2025-07-14 06:00:00,3357.765,3369.824,3356.645,3369.02,2.4733,0.58
2025-07-14 07:00:00,3368.88,3375.083,3366.675,3372.135,2.6114,0.606
2025-07-14 08:00:00,3372.188,3372.7,3365.425,3366.24,2.0599,0.581
2025-07-14 09:00:00,3366.302,3370.485,3364.022,3370.335,1.2105,0.564
2025-07-14 10:00:00,3370.41,3374.705,3369.815,3372.07,1.398,0.559
2025-07-14 11:00:00,3372.09,3373.19,3363.936,3364.172,1.7798,0.561
2025-07-14 12:00:00,3364.136,3366.705,3349.422,3350.122,3.6968,0.593
2025-07-14 13:00:00,3350.15,3359.075,3347.3,3355.395,4.282,0.575
2025-07-14 14:00:00,3355.242,3356.39,3341.085,3343.125,5.4158,0.552
2025-07-14 15:00:00,3343.278,3349.742,3342.485,3345.178,2.833,0.545
2025-07-14 16:00:00,3345.225,3349.333,3343.149,3347.85,2.7609,0.491
2025-07-14 17:00:00,3347.875,3351.746,3347.445,3351.125,3.78,0.494
2025-07-14 18:00:00,3351.135,3351.285,3347.965,3348.915,3.3798,0.444
2025-07-14 19:00:00,3348.925,3350.555,3343.21,3344.19,4.6362,0.486
2025-07-14 20:00:00,3344.248,3345.705,3341.37,3343.395,1.5947,0.493
2025-07-14 22:00:00,3343.62,3345.88,3341.385,3345.782,1.2727,0.608
2025-07-14 23:00:00,3345.686,3346.58,3343.965,3345.351,0.5646,0.598
2025-07-15 00:00:00,3345.345,3349.484,3344.77,3347.646,0.8567,0.59
2025-07-15 01:00:00,3347.645,3350.76,3346.188,3346.698,1.3066,0.595
2025-07-15 02:00:00,3346.718,3352.168,3345.86,3351.035,1.2381,0.592
2025-07-15 03:00:00,3350.98,3358.405,3350.895,3357.975,1.2163,0.589
2025-07-15 04:00:00,3357.95,3361.482,3357.735,3360.295,0.9148,0.579
2025-07-15 05:00:00,3360.325,3365.27,3360.31,3362.182,1.1621,0.566
2025-07-15 06:00:00,3362.176,3364.314,3357.676,3358.23,3.4079,0.531
2025-07-15 07:00:00,3358.295,3365.22,3357.544,3364.41,1.6006,0.55
2025-07-15 08:00:00,3364.38,3365.715,3356.655,3361.042,1.966,0.539
2025-07-15 09:00:00,3361.075,3364.75,3358.646,3363.431,1.6323,0.53
2025-07-15 10:00:00,3363.456,3366.426,3361.25,3361.38,1.5466,0.528
2025-07-15 11:00:00,3361.445,3362.09,3354.218,3354.926,3.0148,0.508
2025-07-15 12:00:00,3354.96,3360.706,3346.47,3348.89,5.0275,0.557
2025-07-15 13:00:00,3348.922,3352.545,3334.436,3346.779,8.0371,0.536
2025-07-15 14:00:00,3346.854,3352.225,3342.53,3347.987,5.4385,0.53
2025-07-15 15:00:00,3347.997,3350.014,3325.399,3329.023,5.9208,0.527
2025-07-15 16:00:00,3329.013,3330.4,3320.298,3329.256,4.2684,0.498
2025-07-15 17:00:00,3329.246,3331.407,3325.92,3328.225,3.0253,0.499
2025-07-15 18:00:00,3328.177,3332.022,3325.907,3328.932,2.3679,0.499
2025-07-15 19:00:00,3328.897,3331.35,3326.604,3330.565,1.8278,0.499
2025-07-15 20:00:00,3330.495,3331.085,3323.655,3324.065,0.6671,0.537
2025-07-15 22:00:00,3324.899,3327.825,3323.815,3326.7,0.4006,0.605
2025-07-15 23:00:00,3326.8,3331.83,3326.255,3331.092,0.4973,0.597
2025-07-16 00:00:00,3331.13,3332.77,3329.034,3330.555,1.5002,0.566
2025-07-16 01:00:00,3330.585,3335.123,3328.934,3330.965,2.0987,0.591
2025-07-16 02:00:00,3331.19,3331.605,3325.168,3326.298,2.0141,0.549
2025-07-16 03:00:00,3326.248,3335.205,3325.998,3334.428,1.7429,0.566
2025-07-16 04:00:00,3334.454,3338.672,3332.9,3338.315,1.4927,0.563
2025-07-16 05:00:00,3338.292,3340.024,3335.706,3338.136,1.9071,0.569
2025-07-16 06:00:00,3338.146,3342.14,3337.73,3339.24,1.7469,0.52
2025-07-16 07:00:00,3339.212,3340.215,3336.08,3337.94,2.9832,0.484
2025-07-16 08:00:00,3338.068,3342.715,3337.855,3342.06,2.5335,0.498
2025-07-16 09:00:00,3341.995,3343.07,3339.1,3340.07,1.4955,0.515
2025-07-16 10:00:00,3340.03,3340.534,3334.096,3334.985,1.3765,0.545
2025-07-16 11:00:00,3334.9,3340.195,3333.845,3339.385,1.7251,0.526
2025-07-16 12:00:00,3339.37,3341.055,3331.027,3334.625,3.8025,0.549
2025-07-16 13:00:00,3334.645,3339.538,3322.1,3326.917,5.5349,0.535
2025-07-16 14:00:00,3326.807,3342.732,3319.726,3338.195,7.0165,0.541
2025-07-16 15:00:00,3338.187,3377.62,3336.17,3343.575,14.0329,0.768
2025-07-16 16:00:00,3343.623,3355.2,3339.175,3349.136,8.9247,0.65
2025-07-16 17:00:00,3349.155,3357.385,3348.84,3354.845,4.8473,0.639
2025-07-16 18:00:00,3354.864,3357.49,3349.168,3350.408,4.3877,0.643
2025-07-16 19:00:00,3350.4,3350.715,3346.066,3347.125,5.6456,0.577
2025-07-16 20:00:00,3347.112,3349.502,3346.312,3347.095,1.2974,0.681
2025-07-16 22:00:00,3348.132,3352.325,3348.082,3349.65,0.8232,0.689
2025-07-16 23:00:00,3349.675,3350.4,3345.399,3346.575,0.5444,0.611
2025-07-17 00:00:00,3346.522,3347.46,3339.78,3340.84,1.3184,0.571
2025-07-17 01:00:00,3340.84,3344.61,3337.28,3344.09,2.4843,0.552
2025-07-17 02:00:00,3344.042,3344.76,3337.765,3341.41,1.9414,0.563
2025-07-17 03:00:00,3341.495,3342.498,3336.406,3341.605,1.3744,0.58
2025-07-17 04:00:00,3341.585,3344.836,3338.455,3342.772,1.0634,0.578
2025-07-17 05:00:00,3342.746,3343.005,3335.98,3339.514,1.6832,0.571
2025-07-17 06:00:00,3339.524,3339.954,3328.266,3335.458,2.5848,0.546
2025-07-17 07:00:00,3335.524,3336.248,3325.245,3325.88,2.2793,0.536
2025-07-17 08:00:00,3325.91,3332.175,3325.64,3328.865,1.6726,0.537
2025-07-17 09:00:00,3328.825,3332.515,3324.78,3325.66,1.7733,0.523
2025-07-17 10:00:00,3325.675,3331.185,3325.063,3325.903,2.0142,0.516
2025-07-17 11:00:00,3325.872,3328.566,3322.372,3324.276,2.0228,0.515
2025-07-17 12:00:00,3324.28,3328.61,3309.84,3313.174,5.423,0.604
2025-07-17 13:00:00,3313.118,3321.865,3311.184,3319.132,8.1538,0.567
2025-07-17 14:00:00,3319.047,3335.278,3318.33,3334.215,7.351,0.53
2025-07-17 15:00:00,3334.234,3338.492,3331.304,3336.875,4.1458,0.506
2025-07-17 16:00:00,3336.855,3340.032,3335.54,3338.852,2.3526,0.503
2025-07-17 17:00:00,3338.862,3341.15,3336.37,3337.51,3.3319,0.469
2025-07-17 18:00:00,3337.525,3339.002,3335.627,3338.547,4.0269,0.361
2025-07-17 19:00:00,3338.582,3340.84,3338.252,3339.75,3.4303,0.453
2025-07-17 20:00:00,3339.77,3340.33,3337.435,3339.113,1.0757,0.453
2025-07-17 22:00:00,3341.33,3344.044,3338.303,3343.4,1.9695,0.569
2025-07-17 23:00:00,3343.353,3343.51,3339.568,3340.355,1.2101,0.64
2025-07-18 00:00:00,3340.378,3341.516,3337.97,3339.96,1.1695,0.558
2025-07-18 01:00:00,3339.98,3343.068,3335.351,3337.814,2.1707,0.567
2025-07-18 02:00:00,3337.795,3344.3,3336.983,3337.782,1.8757,0.576
2025-07-18 03:00:00,3337.796,3338.526,3334.185,3334.7,1.387,0.573
2025-07-18 04:00:00,3334.635,3337.164,3333.86,3337.164,1.207,0.566
2025-07-18 05:00:00,3337.144,3340.275,3333.425,3333.538,2.7437,0.552
2025-07-18 06:00:00,3333.526,3342.765,3331.93,3342.165,3.4797,0.531
2025-07-18 07:00:00,3342.16,3350.19,3340.745,3349.92,3.6379,0.507
2025-07-18 08:00:00,3349.95,3350.45,3346.285,3347.6,2.8358,0.5
2025-07-18 09:00:00,3347.625,3354.904,3347.515,3352.45,3.1309,0.499
2025-07-18 10:00:00,3352.425,3352.766,3347.91,3351.53,2.2803,0.524
2025-07-18 11:00:00,3351.432,3357.756,3350.877,3354.345,1.6317,0.52
2025-07-18 12:00:00,3354.325,3361.315,3354.206,3359.985,2.494,0.535
2025-07-18 13:00:00,3360.005,3360.395,3352.304,3355.634,4.2416,0.555
2025-07-18 14:00:00,3355.674,3359.155,3351.313,3354.77,4.168,0.518
2025-07-18 15:00:00,3354.81,3356.432,3352.434,3353.745,3.2104,0.515
2025-07-18 16:00:00,3353.765,3357.5,3351.308,3353.735,3.2837,0.49
2025-07-18 17:00:00,3353.76,3353.813,3350.59,3352.26,1.9502,0.498
2025-07-18 18:00:00,3352.3,3353.445,3350.232,3351.424,1.5344,0.504
2025-07-18 19:00:00,3351.434,3352.833,3347.71,3348.355,3.3491,0.452
2025-07-18 20:00:00,3348.332,3352.024,3347.78,3350.33,1.1672,0.532
2025-07-20 22:00:00,3350.325,3350.572,3345.125,3347.8,0.7795,0.75
2025-07-20 23:00:00,3347.655,3349.566,3345.535,3349.176,0.5191,0.603
2025-07-21 00:00:00,3349.145,3354.576,3347.726,3352.31,1.1469,0.59
2025-07-21 01:00:00,3352.28,3358.654,3351.971,3356.555,1.3453,0.581
2025-07-21 02:00:00,3356.625,3357.498,3352.382,3354.185,0.9076,0.564
2025-07-21 03:00:00,3354.155,3356.93,3351.066,3351.32,0.7421,0.572
2025-07-21 04:00:00,3351.3,3358.81,3350.696,3357.912,0.7174,0.568
2025-07-21 05:00:00,3357.875,3369.68,3357.805,3366.757,3.1744,0.564
2025-07-21 06:00:00,3366.752,3370.82,3365.399,3368.38,4.2251,0.513
2025-07-21 07:00:00,3368.31,3370.54,3363.975,3364.765,3.1203,0.514
2025-07-21 08:00:00,3364.805,3366.917,3363.12,3366.075,2.603,0.519
2025-07-21 09:00:00,3366.118,3366.56,3362.84,3366.165,2.1294,0.508
2025-07-21 10:00:00,3366.195,3368.2,3362.884,3366.215,2.6902,0.498
2025-07-21 11:00:00,3366.22,3375.703,3365.315,3375.465,5.3359,0.49
2025-07-21 12:00:00,3375.455,3388.685,3374.628,3387.355,3.9332,0.523
2025-07-21 13:00:00,3387.424,3395.392,3383.627,3388.715,5.3935,0.548
2025-07-21 14:00:00,3388.69,3401.607,3386.115,3400.372,8.7429,0.543
2025-07-21 15:00:00,3400.377,3401.12,3395.548,3398.04,4.816,0.526
2025-07-21 16:00:00,3398.095,3399.135,3393.94,3395.675,3.5691,0.529
2025-07-21 17:00:00,3395.685,3395.905,3391.445,3393.36,3.1225,0.497
2025-07-21 18:00:00,3393.34,3395.86,3393.13,3395.525,2.4143,0.49
2025-07-21 19:00:00,3395.522,3399.796,3395.145,3398.877,3.0946,0.512
2025-07-21 20:00:00,3398.866,3399.377,3396.725,3396.82,1.1813,0.495
2025-07-21 22:00:00,3397.635,3401.275,3397.395,3399.424,0.5285,0.6
2025-07-21 23:00:00,3399.574,3402.838,3393.242,3396.562,1.3308,0.63
2025-07-22 00:00:00,3396.572,3397.825,3390.545,3394.555,2.2611,0.629
2025-07-22 01:00:00,3394.555,3396.0,3385.22,3386.006,2.5116,0.605
2025-07-22 02:00:00,3385.975,3392.09,3385.396,3391.7,2.4947,0.602
2025-07-22 03:00:00,3391.68,3393.735,3388.873,3392.605,1.5332,0.567
2025-07-22 04:00:00,3392.53,3392.535,3388.082,3391.106,1.1695,0.573
2025-07-22 05:00:00,3391.235,3391.955,3384.766,3385.545,2.3935,0.566
2025-07-22 06:00:00,3385.53,3388.09,3384.36,3384.772,1.8177,0.557
2025-07-22 07:00:00,3384.756,3387.62,3383.358,3387.62,1.7452,0.521
2025-07-22 08:00:00,3387.67,3390.235,3386.165,3389.074,1.9244,0.538
2025-07-22 09:00:00,3389.044,3390.695,3384.69,3386.195,1.9459,0.495
2025-07-22 10:00:00,3386.217,3388.772,3385.93,3387.096,1.1758,0.503
2025-07-22 11:00:00,3387.045,3391.735,3386.72,3391.435,1.7126,0.533
2025-07-22 12:00:00,3391.395,3407.95,3391.06,3407.635,4.0813,0.535
2025-07-22 13:00:00,3407.642,3420.19,3406.5,3412.466,6.8563,0.545
2025-07-22 14:00:00,3412.47,3427.845,3404.955,3426.385,10.1897,0.553
2025-07-22 15:00:00,3426.34,3430.728,3423.64,3426.565,5.5835,0.526
2025-07-22 16:00:00,3426.585,3432.962,3426.317,3432.27,3.6434,0.511
2025-07-22 17:00:00,3432.29,3433.497,3426.522,3429.417,3.7797,0.53
2025-07-22 18:00:00,3429.437,3431.072,3427.895,3429.69,2.7836,0.486
2025-07-22 19:00:00,3429.677,3432.547,3428.98,3431.587,3.0663,0.502
2025-07-22 20:00:00,3431.582,3432.786,3427.761,3431.3,1.7594,0.521
2025-07-22 22:00:00,3432.175,3433.002,3427.476,3428.0,0.6887,0.584
2025-07-22 23:00:00,3427.915,3433.315,3426.295,3427.5,1.529,0.628
2025-07-23 00:00:00,3427.475,3439.044,3427.095,3428.862,3.3819,0.571
2025-07-23 01:00:00,3428.825,3430.735,3421.035,3421.14,4.3733,0.619
2025-07-23 02:00:00,3421.16,3425.03,3419.25,3423.19,2.277,0.596
2025-07-23 03:00:00,3423.128,3428.715,3422.875,3423.064,2.7779,0.591
2025-07-23 04:00:00,3423.15,3425.378,3422.085,3423.725,1.3684,0.615
2025-07-23 05:00:00,3423.695,3423.965,3416.455,3420.42,2.435,0.597
2025-07-23 06:00:00,3420.41,3425.26,3419.55,3425.105,3.5739,0.566
2025-07-23 07:00:00,3425.15,3429.73,3419.996,3420.755,2.4906,0.568
2025-07-23 08:00:00,3420.775,3428.855,3420.615,3428.56,3.8943,0.538
2025-07-23 09:00:00,3428.575,3433.886,3428.375,3431.165,2.7418,0.502
2025-07-23 10:00:00,3431.09,3431.387,3421.2,3422.78,3.421,0.522
2025-07-23 11:00:00,3422.73,3429.894,3420.4,3428.31,3.4613,0.519
2025-07-23 12:00:00,3428.315,3430.035,3419.96,3420.08,5.8792,0.524
2025-07-23 13:00:00,3420.056,3420.676,3405.61,3413.485,9.749,0.586
2025-07-23 14:00:00,3413.47,3419.953,3410.783,3413.604,7.133,0.527
2025-07-23 15:00:00,3413.6,3415.93,3398.226,3398.234,5.1485,0.516
2025-07-23 16:00:00,3398.23,3398.327,3381.465,3387.475,8.1146,0.596
2025-07-23 17:00:00,3387.46,3394.895,3385.768,3393.33,4.3564,0.573
2025-07-23 18:00:00,3393.365,3396.06,3392.095,3393.685,2.9103,0.575
2025-07-23 19:00:00,3393.715,3396.032,3388.646,3390.23,3.008,0.537
2025-07-23 20:00:00,3390.233,3390.578,3386.1,3387.245,1.2039,0.598
2025-07-23 22:00:00,3388.462,3392.555,3386.7,3386.85,0.7198,0.657
2025-07-23 23:00:00,3386.92,3391.704,3386.55,3390.085,0.8689,0.68
2025-07-24 00:00:00,3390.138,3393.394,3388.641,3391.554,1.3424,0.614
2025-07-24 01:00:00,3391.544,3393.5,3384.144,3387.664,4.2667,0.626
2025-07-24 02:00:00,3387.695,3388.875,3380.735,3383.905,3.3248,0.614
2025-07-24 03:00:00,3383.815,3385.95,3374.702,3383.835,2.5744,0.637
2025-07-24 04:00:00,3383.775,3385.455,3381.035,3382.695,1.1039,0.625
2025-07-24 05:00:00,3382.705,3383.0,3374.535,3379.305,2.6314,0.611
2025-07-24 06:00:00,3379.315,3379.795,3370.015,3375.935,4.6735,0.591
2025-07-24 07:00:00,3375.846,3377.638,3366.068,3367.715,4.9998,0.579
2025-07-24 08:00:00,3367.735,3374.758,3365.917,3369.805,4.1245,0.601
2025-07-24 09:00:00,3369.785,3370.19,3362.035,3363.715,3.3301,0.609
2025-07-24 10:00:00,3363.75,3367.295,3362.285,3364.442,2.6969,0.62
2025-07-24 11:00:00,3364.422,3366.625,3361.385,3362.275,3.5118,0.574
2025-07-24 12:00:00,3362.295,3365.627,3353.022,3353.5,5.2075,0.588
2025-07-24 13:00:00,3353.495,3372.237,3351.485,3366.875,8.8546,0.581
2025-07-24 14:00:00,3366.844,3377.465,3365.782,3373.747,7.5372,0.572
2025-07-24 15:00:00,3373.761,3375.375,3370.38,3372.662,6.6364,0.547
2025-07-24 16:00:00,3372.645,3373.896,3366.968,3367.053,4.0008,0.538
2025-07-24 17:00:00,3367.033,3371.92,3366.393,3370.055,3.6208,0.562
2025-07-24 18:00:00,3370.085,3373.523,3367.558,3372.045,3.3315,0.545
2025-07-24 19:00:00,3372.007,3373.195,3370.2,3370.54,5.1636,0.512
2025-07-24 20:00:00,3370.545,3371.325,3367.4,3368.45,1.2292,0.574
2025-07-24 22:00:00,3368.604,3370.052,3365.202,3368.913,1.4799,0.597
2025-07-24 23:00:00,3368.875,3371.45,3366.86,3369.452,1.4769,0.595
2025-07-25 00:00:00,3369.45,3373.535,3368.435,3372.215,1.6292,0.578
2025-07-25 01:00:00,3372.24,3372.746,3366.495,3370.465,2.5675,0.537
2025-07-25 02:00:00,3370.49,3370.672,3362.46,3363.11,1.8572,0.566
2025-07-25 03:00:00,3363.06,3363.53,3358.735,3359.21,1.4262,0.57
2025-07-25 04:00:00,3359.2,3363.536,3357.936,3360.95,1.3267,0.58
2025-07-25 05:00:00,3360.97,3362.38,3355.385,3358.745,1.6962,0.578
2025-07-25 06:00:00,3358.75,3359.686,3354.71,3359.475,2.0966,0.536
2025-07-25 07:00:00,3359.32,3360.215,3352.8,3354.145,3.0579,0.513
2025-07-25 08:00:00,3354.17,3355.39,3344.525,3345.49,3.4868,0.512
2025-07-25 09:00:00,3345.471,3348.917,3343.146,3345.955,2.2787,0.518
2025-07-25 10:00:00,3345.935,3348.14,3341.032,3342.98,2.7581,0.519
2025-07-25 11:00:00,3342.995,3345.23,3338.755,3341.125,3.2797,0.523
2025-07-25 12:00:00,3341.065,3344.235,3336.38,3340.841,3.585,0.534
2025-07-25 13:00:00,3340.824,3347.632,3336.856,3344.002,6.5885,0.537
2025-07-25 14:00:00,3343.986,3344.945,3330.65,3331.925,8.5409,0.534
2025-07-25 15:00:00,3331.906,3336.015,3325.07,3327.845,6.217,0.545
2025-07-25 16:00:00,3327.785,3331.462,3326.301,3329.824,3.7986,0.517
2025-07-25 17:00:00,3329.868,3336.89,3329.714,3336.03,3.1986,0.51
2025-07-25 18:00:00,3336.065,3339.523,3335.953,3338.816,3.0304,0.497
2025-07-25 19:00:00,3338.806,3340.34,3337.23,3337.69,2.6837,0.475
2025-07-25 20:00:00,3337.647,3339.25,3336.256,3336.81,0.9737,0.589
2025-07-27 22:00:00,3317.572,3335.515,3317.572,3329.675,2.542,0.674
2025-07-27 23:00:00,3329.705,3337.535,3329.425,3333.682,1.4468,0.624
2025-07-28 00:00:00,3333.68,3336.1,3327.758,3333.436,1.4762,0.584
2025-07-28 01:00:00,3333.415,3338.835,3329.974,3332.078,2.7883,0.586
2025-07-28 02:00:00,3332.098,3336.606,3330.694,3335.728,1.7336,0.574
2025-07-28 03:00:00,3335.698,3343.385,3334.598,3343.348,1.3548,0.578
2025-07-28 04:00:00,3343.315,3344.114,3339.53,3339.695,1.3961,0.552
2025-07-28 05:00:00,3339.68,3344.202,3338.115,3343.4,1.5392,0.565
2025-07-28 06:00:00,3343.42,3345.445,3335.884,3340.136,2.4507,0.537
2025-07-28 07:00:00,3340.155,3342.065,3333.975,3335.11,2.0752,0.546
2025-07-28 08:00:00,3335.095,3338.905,3332.359,3336.101,2.3768,0.592
2025-07-28 09:00:00,3336.252,3340.875,3335.952,3337.89,2.3685,0.53
2025-07-28 10:00:00,3337.86,3338.87,3334.314,3335.974,1.8564,0.538
2025-07-28 11:00:00,3335.994,3338.435,3334.476,3336.525,1.8351,0.518
2025-07-28 12:00:00,3336.635,3338.435,3325.605,3328.455,2.9773,0.539
2025-07-28 13:00:00,3328.475,3330.69,3301.815,3302.325,5.1539,0.553
2025-07-28 14:00:00,3302.32,3314.894,3301.79,3308.05,6.1488,0.537
2025-07-28 15:00:00,3308.038,3317.302,3306.638,3314.81,4.0676,0.508
2025-07-28 16:00:00,3314.74,3315.037,3311.487,3312.315,3.0192,0.475
2025-07-28 17:00:00,3312.33,3313.31,3308.838,3310.82,3.3724,0.494
2025-07-28 18:00:00,3310.805,3315.725,3310.314,3313.725,2.9443,0.483
2025-07-28 19:00:00,3313.765,3318.995,3313.076,3317.258,3.2031,0.438
2025-07-28 20:00:00,3317.207,3318.58,3313.06,3313.06,1.7533,0.486
2025-07-28 22:00:00,3315.245,3315.528,3311.954,3314.725,1.6392,0.701
2025-07-28 23:00:00,3314.685,3314.851,3310.455,3312.68,0.6383,0.575
2025-07-29 00:00:00,3312.66,3315.908,3308.109,3311.728,1.4264,0.572
2025-07-29 01:00:00,3311.718,3320.942,3308.468,3319.046,2.6486,0.57
2025-07-29 02:00:00,3319.02,3320.39,3317.53,3318.995,1.6346,0.556
2025-07-29 03:00:00,3318.9,3318.926,3311.355,3312.667,1.8564,0.55
2025-07-29 04:00:00,3312.67,3317.538,3309.109,3316.57,1.8278,0.537
2025-07-29 05:00:00,3316.48,3320.21,3314.33,3320.03,1.6851,0.561
2025-07-29 06:00:00,3320.03,3322.446,3316.29,3317.024,2.6169,0.539
2025-07-29 07:00:00,3317.058,3318.81,3311.39,3317.132,2.5747,0.543
2025-07-29 08:00:00,3317.13,3330.014,3316.734,3326.42,2.6792,0.525
2025-07-29 09:00:00,3326.404,3328.345,3320.895,3324.575,2.5358,0.533
2025-07-29 10:00:00,3324.61,3326.49,3322.025,3322.146,1.2423,0.524
2025-07-29 11:00:00,3322.162,3322.275,3314.965,3315.325,2.1542,0.535
2025-07-29 12:00:00,3315.285,3324.694,3315.285,3323.325,2.9323,0.537
2025-07-29 13:00:00,3323.333,3324.335,3312.834,3317.615,4.6247,0.583
2025-07-29 14:00:00,3317.565,3329.708,3311.97,3328.975,4.99,0.558
2025-07-29 15:00:00,3329.025,3334.206,3319.636,3320.722,4.9012,0.514
2025-07-29 16:00:00,3320.72,3324.8,3319.125,3323.27,2.7377,0.509
2025-07-29 17:00:00,3323.22,3329.355,3323.083,3328.345,2.3375,0.516
2025-07-29 18:00:00,3328.363,3330.9,3325.372,3325.886,1.6768,0.504
2025-07-29 19:00:00,3325.882,3328.782,3322.662,3325.127,2.7833,0.501
2025-07-29 20:00:00,3325.205,3327.045,3324.765,3326.49,0.969,0.536
2025-07-29 22:00:00,3327.4,3329.256,3326.008,3327.775,0.407,0.581
2025-07-29 23:00:00,3327.88,3328.495,3326.202,3327.542,0.439,0.617
2025-07-30 00:00:00,3327.525,3333.804,3327.3,3330.305,1.2098,0.559
2025-07-30 01:00:00,3330.215,3333.345,3321.91,3323.336,3.3075,0.53
2025-07-30 02:00:00,3323.352,3332.455,3323.315,3329.48,2.1201,0.561
2025-07-30 03:00:00,3329.42,3330.0,3326.29,3328.48,1.0188,0.566
2025-07-30 04:00:00,3328.478,3329.9,3325.835,3327.205,0.7154,0.567
2025-07-30 05:00:00,3326.945,3330.72,3324.46,3324.99,1.5019,0.565
2025-07-30 06:00:00,3325.02,3327.64,3323.092,3327.165,2.4822,0.527
2025-07-30 07:00:00,3327.185,3332.28,3325.632,3327.808,1.9612,0.528
2025-07-30 08:00:00,3327.819,3333.515,3327.645,3332.29,1.8254,0.509
2025-07-30 09:00:00,3332.102,3334.075,3329.42,3331.285,2.166,0.524
2025-07-30 10:00:00,3331.238,3333.005,3326.714,3328.595,2.5043,0.517
2025-07-30 11:00:00,3328.655,3331.715,3324.048,3330.938,2.8002,0.519
2025-07-30 12:00:00,3330.953,3331.995,3310.72,3313.38,5.3977,0.559
2025-07-30 13:00:00,3313.386,3316.239,3298.486,3303.144,10.2572,0.563
2025-07-30 14:00:00,3303.128,3308.462,3301.312,3302.192,5.724,0.52
2025-07-30 15:00:00,3302.162,3303.396,3288.688,3290.488,6.2949,0.517
2025-07-30 16:00:00,3290.494,3298.618,3290.044,3298.15,3.6543,0.504
2025-07-30 17:00:00,3298.18,3302.033,3297.786,3301.397,3.495,0.498
2025-07-30 18:00:00,3301.425,3305.438,3279.649,3280.234,9.0812,0.568
2025-07-30 19:00:00,3280.323,3282.739,3268.165,3269.399,12.8545,0.488
2025-07-30 20:00:00,3269.408,3276.364,3269.0,3275.33,2.4059,0.521
2025-07-30 22:00:00,3276.216,3280.122,3273.954,3278.95,1.3692,0.591
2025-07-30 23:00:00,3279.0,3285.87,3277.825,3285.364,1.001,0.589
2025-07-31 00:00:00,3285.348,3288.54,3282.844,3286.592,1.9545,0.551
2025-07-31 01:00:00,3286.57,3294.094,3285.127,3293.944,2.8649,0.573
2025-07-31 02:00:00,3293.928,3297.612,3290.545,3297.415,2.1316,0.559
2025-07-31 03:00:00,3297.454,3298.718,3293.449,3295.101,2.0612,0.542
2025-07-31 04:00:00,3295.022,3298.529,3293.76,3298.208,1.5047,0.564
2025-07-31 05:00:00,3298.235,3301.725,3294.805,3299.794,2.0193,0.546
2025-07-31 06:00:00,3299.798,3304.885,3298.055,3299.178,3.4006,0.544
2025-07-31 07:00:00,3299.138,3309.825,3298.098,3304.784,2.9497,0.563
2025-07-31 08:00:00,3304.755,3314.935,3303.623,3309.935,2.5759,0.527
2025-07-31 09:00:00,3309.9,3313.184,3304.908,3306.735,3.0678,0.526
2025-07-31 10:00:00,3306.725,3308.14,3293.825,3296.345,2.9895,0.529
2025-07-31 11:00:00,3296.325,3307.833,3295.29,3306.252,5.3094,0.549
2025-07-31 12:00:00,3306.185,3311.248,3303.984,3307.675,5.3837,0.577
2025-07-31 13:00:00,3307.698,3310.496,3300.634,3301.45,7.2208,0.6
2025-07-31 14:00:00,3301.417,3303.146,3291.458,3296.252,9.1808,0.549
2025-07-31 15:00:00,3296.226,3299.157,3291.378,3295.564,6.3048,0.554
2025-07-31 16:00:00,3295.514,3297.44,3289.746,3295.07,6.5365,0.55
2025-07-31 17:00:00,3295.1,3298.518,3294.114,3295.018,4.8785,0.524
2025-07-31 18:00:00,3295.063,3297.16,3292.86,3295.814,4.3455,0.551
2025-07-31 19:00:00,3295.82,3296.475,3290.58,3290.974,5.5394,0.547
2025-07-31 20:00:00,3290.968,3293.835,3289.564,3290.105,1.2709,0.573
2025-07-31 22:00:00,3290.47,3295.264,3289.125,3295.075,0.6113,0.596
2025-07-31 23:00:00,3295.125,3295.236,3288.074,3288.654,1.095,0.594
2025-08-01 00:00:00,3288.664,3293.902,3286.508,3290.351,1.6401,0.549
2025-08-01 01:00:00,3290.3,3293.65,3281.694,3283.765,2.7363,0.581
2025-08-01 02:00:00,3283.582,3292.496,3283.39,3291.785,2.9188,0.548
2025-08-01 03:00:00,3291.76,3297.175,3290.569,3291.474,1.7594,0.56
2025-08-01 04:00:00,3291.48,3295.552,3290.118,3292.181,1.8819,0.526
2025-08-01 05:00:00,3292.155,3300.5,3291.832,3296.745,1.8018,0.554
2025-08-01 06:00:00,3296.76,3297.538,3290.645,3292.498,2.5008,0.513
2025-08-01 07:00:00,3292.488,3293.514,3285.276,3286.885,2.5841,0.52
2025-08-01 08:00:00,3286.862,3294.486,3285.375,3294.33,3.328,0.516
2025-08-01 09:00:00,3294.32,3296.442,3292.82,3294.5,2.1411,0.497
2025-08-01 10:00:00,3294.523,3303.205,3293.34,3298.335,2.2846,0.516
2025-08-01 11:00:00,3298.524,3301.492,3296.95,3300.45,2.259,0.528
2025-08-01 12:00:00,3300.468,3345.326,3297.52,3341.335,8.7978,0.654
2025-08-01 13:00:00,3341.388,3354.78,3338.884,3342.238,13.9668,0.643
2025-08-01 14:00:00,3342.25,3355.218,3341.375,3345.968,8.278,0.632
2025-08-01 15:00:00,3345.993,3351.296,3341.62,3348.646,4.8077,0.515
2025-08-01 16:00:00,3348.642,3349.53,3340.576,3347.365,4.39,0.569
2025-08-01 17:00:00,3347.306,3349.51,3345.684,3348.33,4.5215,0.558
2025-08-01 18:00:00,3348.283,3351.382,3345.984,3347.676,3.3518,0.517
2025-08-01 19:00:00,3347.647,3361.326,3347.635,3357.225,4.48,0.506
2025-08-01 20:00:00,3357.24,3363.695,3357.064,3363.085,1.8504,0.531
2025-08-03 22:00:00,3365.696,3369.415,3357.788,3359.2,1.6087,0.683
2025-08-03 23:00:00,3359.265,3362.15,3354.635,3362.128,1.1375,0.664
2025-08-04 00:00:00,3362.125,3362.445,3350.25,3352.298,1.8002,0.552
2025-08-04 01:00:00,3352.175,3353.745,3345.056,3352.312,2.528,0.564
2025-08-04 02:00:00,3352.296,3355.32,3350.3,3354.395,1.6816,0.549
2025-08-04 03:00:00,3354.37,3360.952,3354.37,3360.377,1.6716,0.55
2025-08-04 04:00:00,3360.34,3362.292,3358.784,3358.955,1.1771,0.549
2025-08-04 05:00:00,3359.12,3361.032,3355.566,3357.66,1.3566,0.538
2025-08-04 06:00:00,3357.66,3362.75,3353.59,3362.705,2.6301,0.524
2025-08-04 07:00:00,3362.67,3362.67,3351.756,3355.95,2.9312,0.521
2025-08-04 08:00:00,3355.958,3359.9,3354.105,3358.565,2.4636,0.534
2025-08-04 09:00:00,3358.54,3361.86,3356.915,3358.045,1.6993,0.529
2025-08-04 10:00:00,3358.005,3358.982,3352.95,3357.92,1.6502,0.529
2025-08-04 11:00:00,3357.96,3370.776,3357.8,3370.405,3.5401,0.516
2025-08-04 12:00:00,3370.423,3371.586,3361.154,3367.88,4.7105,0.52
2025-08-04 13:00:00,3367.885,3385.455,3367.106,3383.252,7.0605,0.531
2025-08-04 14:00:00,3383.262,3384.686,3371.938,3374.072,6.3178,0.524
2025-08-04 15:00:00,3374.03,3376.17,3370.734,3374.336,4.0478,0.51
2025-08-04 16:00:00,3374.322,3378.256,3370.622,3371.006,3.6254,0.493
2025-08-04 17:00:00,3370.972,3374.454,3370.7,3374.057,3.2093,0.513
2025-08-04 18:00:00,3374.086,3376.88,3373.272,3375.812,9.1441,0.423
2025-08-04 19:00:00,3375.83,3377.181,3374.572,3376.052,10.3173,0.378
2025-08-04 20:00:00,3375.995,3376.965,3373.18,3373.225,1.0916,0.444
2025-08-04 22:00:00,3375.04,3376.455,3373.746,3374.802,0.7207,0.52
2025-08-04 23:00:00,3374.667,3379.798,3374.622,3377.466,1.5135,0.565
2025-08-05 00:00:00,3377.486,3381.465,3375.922,3379.93,1.1518,0.558
2025-08-05 01:00:00,3379.9,3382.486,3377.965,3379.136,2.0292,0.557
2025-08-05 02:00:00,3379.127,3381.452,3373.69,3373.69,1.5142,0.556
2025-08-05 03:00:00,3373.685,3375.54,3372.162,3372.182,1.125,0.547
2025-08-05 04:00:00,3372.115,3373.308,3371.08,3371.25,1.7236,0.522
2025-08-05 05:00:00,3371.23,3374.167,3367.795,3374.072,2.4208,0.561
2025-08-05 06:00:00,3374.1,3374.23,3365.82,3366.28,1.771,0.526
2025-08-05 07:00:00,3366.26,3375.645,3366.135,3373.768,2.408,0.503
2025-08-05 08:00:00,3373.8,3374.712,3366.105,3366.135,3.0364,0.497
2025-08-05 09:00:00,3366.12,3366.378,3358.98,3359.745,2.8538,0.508
2025-08-05 10:00:00,3359.73,3361.815,3353.014,3353.26,2.7954,0.51
2025-08-05 11:00:00,3353.255,3354.404,3349.882,3351.375,2.5051,0.516
2025-08-05 12:00:00,3351.342,3367.078,3349.932,3366.15,3.7119,0.531
2025-08-05 13:00:00,3366.256,3379.8,3365.938,3373.81,7.4391,0.545
2025-08-05 14:00:00,3373.83,3386.662,3370.595,3385.351,8.9676,0.521
2025-08-05 15:00:00,3385.337,3390.16,3382.22,3389.566,3.7165,0.474
2025-08-05 16:00:00,3389.576,3390.476,3376.914,3382.142,3.5663,0.494
2025-08-05 17:00:00,3382.142,3382.925,3379.057,3380.127,2.6275,0.474
2025-08-05 18:00:00,3380.195,3381.232,3378.52,3380.13,2.3161,0.497
2025-08-05 19:00:00,3380.105,3381.472,3378.205,3379.042,2.4002,0.485
2025-08-05 20:00:00,3379.045,3380.99,3378.49,3380.56,1.0855,0.452
2025-08-05 22:00:00,3381.04,3381.924,3378.255,3379.79,0.4734,0.589
2025-08-05 23:00:00,3379.692,3384.045,3379.048,3383.37,0.717,0.562
2025-08-06 00:00:00,3383.31,3385.346,3380.895,3383.515,1.2973,0.541
2025-08-06 01:00:00,3383.424,3383.725,3373.212,3376.224,2.2124,0.565
2025-08-06 02:00:00,3376.132,3377.928,3374.301,3376.375,1.3771,0.548
2025-08-06 03:00:00,3376.395,3378.438,3373.485,3374.664,1.1309,0.551
2025-08-06 04:00:00,3374.736,3376.582,3372.274,3372.529,0.6894,0.556
2025-08-06 05:00:00,3372.514,3374.814,3370.758,3374.413,1.3542,0.544
2025-08-06 06:00:00,3374.418,3378.765,3373.294,3375.212,1.7163,0.503
2025-08-06 07:00:00,3375.202,3377.205,3369.114,3373.699,2.1261,0.522
2025-08-06 08:00:00,3373.7,3374.965,3364.865,3365.205,2.2784,0.508
2025-08-06 09:00:00,3365.235,3367.915,3358.258,3359.01,2.8075,0.491
2025-08-06 10:00:00,3359.0,3365.529,3358.328,3363.698,2.4351,0.493
2025-08-06 11:00:00,3363.66,3367.1,3360.81,3365.254,1.977,0.488
2025-08-06 12:00:00,3365.285,3369.325,3360.295,3367.635,4.2779,0.494
2025-08-06 13:00:00,3367.566,3373.56,3365.264,3371.73,5.9807,0.519
2025-08-06 14:00:00,3371.702,3379.455,3369.583,3379.425,3.9872,0.512
2025-08-06 15:00:00,3379.435,3380.042,3370.2,3377.5,4.4053,0.513
2025-08-06 16:00:00,3377.51,3379.533,3372.965,3376.165,3.1538,0.518
2025-08-06 17:00:00,3376.195,3377.746,3370.94,3374.655,5.0469,0.5
2025-08-06 18:00:00,3374.675,3374.71,3369.12,3371.775,4.4036,0.498
2025-08-06 19:00:00,3371.738,3373.252,3370.355,3371.71,4.3259,0.417
2025-08-06 20:00:00,3371.705,3372.236,3367.25,3368.97,1.2552,0.531
2025-08-06 22:00:00,3369.4,3374.765,3369.4,3372.15,1.2489,0.695
2025-08-06 23:00:00,3372.15,3372.176,3367.665,3370.23,1.3992,0.707
2025-08-07 00:00:00,3370.265,3374.9,3365.3,3372.375,7.1735,0.856
2025-08-07 01:00:00,3372.41,3382.645,3370.244,3382.455,6.3659,0.692
2025-08-07 02:00:00,3382.45,3384.32,3378.34,3379.665,2.2356,0.595
2025-08-07 03:00:00,3379.655,3380.355,3376.585,3379.782,2.5106,0.647
2025-08-07 04:00:00,3379.832,3380.7,3376.92,3377.755,3.5219,0.684
2025-08-07 05:00:00,3377.76,3381.215,3371.796,3375.56,7.7732,0.746
2025-08-07 06:00:00,3375.658,3387.882,3375.06,3387.85,8.8424,0.632
2025-08-07 07:00:00,3387.86,3397.574,3386.31,3396.245,7.1466,0.547
2025-08-07 08:00:00,3396.275,3396.688,3372.37,3378.555,13.185,0.77
2025-08-07 09:00:00,3378.57,3381.465,3373.255,3376.8,9.5479,0.75
2025-08-07 10:00:00,3376.82,3378.908,3371.825,3373.074,4.2193,0.585
2025-08-07 11:00:00,3373.069,3383.415,3371.903,3378.28,8.7651,0.578
2025-08-07 12:00:00,3378.305,3389.77,3375.2,3380.775,8.3296,0.622
2025-08-07 13:00:00,3380.795,3393.913,3380.062,3385.025,10.525,0.588
2025-08-07 14:00:00,3385.01,3390.427,3374.878,3387.885,16.932,0.705
2025-08-07 15:00:00,3387.905,3391.003,3384.342,3390.265,7.3002,0.606
2025-08-07 16:00:00,3390.26,3392.68,3387.234,3388.918,5.7302,0.571
2025-08-07 17:00:00,3388.925,3393.057,3384.435,3392.32,7.2776,0.579
2025-08-07 18:00:00,3392.335,3394.135,3387.625,3388.25,5.4671,0.558
2025-08-07 19:00:00,3388.237,3400.812,3387.295,3399.855,8.747,0.56
2025-08-07 20:00:00,3399.857,3402.022,3392.436,3397.085,5.1102,0.66
2025-08-07 22:00:00,3404.855,3409.83,3388.874,3406.555,8.2155,3.028
2025-08-07 23:00:00,3402.204,3404.505,3396.875,3400.78,3.3372,3.412
2025-08-08 00:00:00,3400.702,3402.57,3387.345,3389.94,22.5605,0.935
2025-08-08 01:00:00,3389.95,3390.936,3381.091,3383.385,19.0714,1.041
2025-08-08 02:00:00,3383.43,3390.09,3383.105,3388.41,14.7528,1.074
2025-08-08 03:00:00,3388.435,3398.01,3383.31,3396.045,16.7456,0.874
2025-08-08 04:00:00,3395.835,3399.48,3393.428,3394.475,11.3775,0.855
2025-08-08 05:00:00,3394.427,3396.245,3390.24,3392.28,12.7363,0.818
2025-08-08 06:00:00,3392.29,3398.225,3388.676,3393.55,15.7538,1.168
2025-08-08 07:00:00,3393.587,3404.44,3391.498,3402.225,20.2326,1.099
2025-08-08 08:00:00,3402.025,3402.719,3394.141,3394.45,16.2665,0.856
2025-08-08 09:00:00,3394.415,3401.575,3393.965,3400.8,19.4214,0.9
2025-08-08 10:00:00,3400.665,3401.075,3384.355,3385.205,20.4386,0.886
2025-08-08 11:00:00,3385.145,3388.915,3380.353,3386.158,20.9959,0.882
2025-08-08 12:00:00,3386.185,3402.097,3385.165,3391.785,28.8273,0.952
2025-08-08 13:00:00,3391.905,3401.785,3387.358,3400.168,27.1677,0.877
2025-08-08 14:00:00,3400.204,3401.438,3381.168,3390.663,20.0202,0.737
2025-08-08 15:00:00,3390.683,3395.468,3388.77,3395.408,16.8051,0.62
2025-08-08 16:00:00,3395.448,3400.995,3393.542,3397.525,8.8863,0.561
2025-08-08 17:00:00,3397.515,3399.56,3377.185,3381.748,8.8619,0.588
2025-08-08 18:00:00,3384.706,3404.882,3375.524,3395.42,14.3591,0.792
2025-08-08 19:00:00,3395.322,3401.155,3392.205,3398.502,6.4448,0.488
2025-08-08 20:00:00,3398.492,3399.23,3391.73,3399.16,2.7843,0.712
2025-08-10 22:00:00,3398.282,3405.382,3390.595,3395.36,2.3405,1.053
2025-08-10 23:00:00,3395.36,3397.18,3390.075,3391.58,1.3549,0.929
2025-08-11 00:00:00,3391.605,3391.838,3381.425,3381.7,4.0251,0.671
2025-08-11 01:00:00,3381.75,3384.042,3367.728,3377.68,6.5933,0.73
2025-08-11 02:00:00,3377.705,3380.052,3369.735,3377.273,5.8952,0.594
2025-08-11 03:00:00,3377.238,3380.302,3374.182,3378.318,6.8311,0.529
2025-08-11 04:00:00,3378.353,3379.877,3375.59,3375.92,5.1451,0.537
2025-08-11 05:00:00,3375.908,3380.148,3374.058,3377.19,6.1792,0.534
2025-08-11 06:00:00,3377.35,3377.45,3363.844,3365.899,6.4444,0.573
2025-08-11 07:00:00,3365.854,3366.455,3357.13,3360.235,9.4375,0.574
2025-08-11 08:00:00,3360.275,3366.01,3358.93,3361.94,6.6871,0.577
2025-08-11 09:00:00,3361.747,3363.84,3352.918,3353.315,5.9957,0.565
2025-08-11 10:00:00,3353.335,3364.013,3353.096,3358.538,5.2995,0.527
2025-08-11 11:00:00,3358.518,3358.94,3349.86,3355.394,6.7628,0.568
2025-08-11 12:00:00,3355.373,3357.67,3344.364,3356.938,8.5699,0.57
2025-08-11 13:00:00,3356.928,3362.96,3348.38,3358.64,10.6218,0.562
2025-08-11 14:00:00,3358.601,3359.494,3341.555,3346.368,10.1096,0.556
2025-08-11 15:00:00,3346.613,3352.3,3344.91,3349.494,5.4125,0.537
2025-08-11 16:00:00,3349.568,3350.405,3342.67,3344.185,6.2396,0.5
2025-08-11 17:00:00,3344.192,3358.966,3341.28,3357.698,9.4684,0.526
2025-08-11 18:00:00,3357.735,3358.77,3352.373,3356.258,4.7632,0.528
2025-08-11 19:00:00,3356.268,3356.93,3350.545,3351.635,4.9386,0.503
2025-08-11 20:00:00,3351.7,3351.86,3341.685,3341.98,2.3767,0.47
2025-08-11 22:00:00,3343.246,3347.275,3342.456,3347.125,0.9796,0.592
2025-08-11 23:00:00,3347.035,3349.665,3346.328,3349.141,0.9585,0.623
2025-08-12 00:00:00,3349.146,3355.835,3347.496,3354.634,1.7254,0.571
2025-08-12 01:00:00,3354.649,3357.544,3346.225,3349.838,3.2023,0.586
2025-08-12 02:00:00,3349.818,3354.465,3349.764,3353.076,1.5509,0.594
2025-08-12 03:00:00,3353.092,3355.435,3348.21,3349.52,1.5677,0.578
2025-08-12 04:00:00,3349.505,3355.784,3348.699,3354.5,1.8146,0.557
2025-08-12 05:00:00,3354.53,3355.874,3350.632,3354.616,1.5884,0.563
2025-08-12 06:00:00,3354.601,3354.982,3342.218,3345.598,4.1091,0.559
2025-08-12 07:00:00,3345.6,3358.25,3343.908,3355.68,3.3781,0.55
2025-08-12 08:00:00,3355.65,3355.875,3345.58,3347.946,2.9028,0.51
2025-08-12 09:00:00,3347.956,3351.938,3344.426,3345.625,2.3115,0.53
2025-08-12 10:00:00,3345.56,3350.62,3343.996,3344.786,2.6356,0.5
2025-08-12 11:00:00,3344.742,3348.42,3336.134,3347.605,4.0735,0.491
2025-08-12 12:00:00,3347.625,3358.145,3338.56,3349.955,7.1632,0.603
2025-08-12 13:00:00,3349.886,3357.045,3340.165,3345.685,11.4212,0.585
2025-08-12 14:00:00,3345.735,3346.68,3331.125,3337.564,9.7265,0.543
2025-08-12 15:00:00,3337.544,3359.449,3336.988,3349.88,8.4196,0.554
2025-08-12 16:00:00,3349.91,3351.297,3345.92,3349.52,4.8683,0.499
2025-08-12 17:00:00,3349.56,3350.758,3346.455,3349.11,3.0631,0.501
2025-08-12 18:00:00,3349.065,3350.885,3347.575,3349.057,3.2001,0.493
2025-08-12 19:00:00,3349.047,3349.415,3345.64,3347.714,4.5433,0.458
2025-08-12 20:00:00,3347.67,3350.18,3346.069,3348.21,1.7888,0.498
2025-08-12 22:00:00,3348.445,3353.89,3348.38,3350.536,0.7486,0.621
2025-08-12 23:00:00,3350.522,3352.138,3349.779,3350.644,0.8755,0.559
2025-08-13 00:00:00,3350.76,3350.838,3342.732,3343.592,2.3039,0.563
2025-08-13 01:00:00,3343.667,3352.142,3342.737,3350.955,4.3148,0.544
2025-08-13 02:00:00,3351.0,3354.458,3346.681,3351.858,3.8331,0.536
2025-08-13 03:00:00,3351.898,3353.033,3348.66,3349.707,2.9296,0.541
2025-08-13 04:00:00,3349.727,3352.446,3348.267,3351.866,1.5842,0.545
2025-08-13 05:00:00,3351.856,3352.173,3345.69,3349.262,3.2941,0.554
2025-08-13 06:00:00,3349.252,3357.714,3348.962,3357.27,2.6707,0.537
2025-08-13 07:00:00,3357.274,3361.036,3354.018,3354.68,3.0997,0.531
2025-08-13 08:00:00,3354.497,3363.565,3352.832,3360.395,4.088,0.513
2025-08-13 09:00:00,3360.38,3366.77,3358.672,3364.717,3.1424,0.512
2025-08-13 10:00:00,3364.702,3367.083,3363.107,3366.18,1.8355,0.504
2025-08-13 11:00:00,3366.21,3367.135,3358.927,3362.4,3.1825,0.528
2025-08-13 12:00:00,3362.46,3363.85,3355.514,3358.17,4.3821,0.526
2025-08-13 13:00:00,3358.13,3366.05,3354.221,3365.156,5.8318,0.516
2025-08-13 14:00:00,3365.15,3370.835,3361.115,3363.185,5.251,0.541
2025-08-13 15:00:00,3363.225,3363.846,3354.4,3357.797,3.6043,0.518
2025-08-13 16:00:00,3357.807,3360.983,3357.055,3357.972,3.4856,0.495
2025-08-13 17:00:00,3357.96,3359.446,3352.825,3353.77,2.9592,0.496
2025-08-13 18:00:00,3353.803,3354.515,3350.004,3353.797,2.0559,0.483
2025-08-13 19:00:00,3353.777,3358.908,3352.625,3357.935,2.3536,0.502
2025-08-13 20:00:00,3357.88,3358.306,3355.595,3355.755,0.6564,0.506
2025-08-13 22:00:00,3356.832,3359.27,3356.422,3357.62,0.5449,0.553
2025-08-13 23:00:00,3357.575,3363.555,3357.575,3362.833,0.8843,0.612
2025-08-14 00:00:00,3362.86,3374.85,3362.814,3369.58,2.2458,0.566
2025-08-14 01:00:00,3369.57,3370.956,3365.265,3367.482,2.3484,0.564
2025-08-14 02:00:00,3367.462,3369.362,3362.785,3362.87,2.1661,0.577
2025-08-14 03:00:00,3362.795,3364.16,3355.56,3360.54,2.957,0.554
2025-08-14 04:00:00,3360.525,3361.89,3358.625,3360.525,1.8459,0.552
2025-08-14 05:00:00,3360.5,3361.954,3356.314,3358.97,2.1635,0.573
2025-08-14 06:00:00,3358.9,3362.48,3356.002,3362.163,3.0742,0.531
2025-08-14 07:00:00,3362.11,3366.516,3343.665,3346.154,4.7403,0.546
2025-08-14 08:00:00,3346.13,3350.475,3341.565,3346.21,4.5,0.532
2025-08-14 09:00:00,3346.221,3359.245,3345.13,3356.61,3.1572,0.499
2025-08-14 10:00:00,3356.63,3359.181,3352.203,3355.01,1.9556,0.502
2025-08-14 11:00:00,3355.145,3357.175,3352.594,3355.525,1.6988,0.497
2025-08-14 12:00:00,3355.545,3358.466,3341.521,3350.596,5.8448,0.563
2025-08-14 13:00:00,3350.576,3356.15,3343.755,3344.195,9.0183,0.556
2025-08-14 14:00:00,3344.185,3346.743,3334.3,3340.646,7.8036,0.53
2025-08-14 15:00:00,3340.676,3342.95,3335.365,3341.832,4.3418,0.51
2025-08-14 16:00:00,3341.795,3342.155,3329.9,3334.435,4.9022,0.51
2025-08-14 17:00:00,3334.373,3338.568,3331.917,3337.845,3.1135,0.487
2025-08-14 18:00:00,3337.898,3339.42,3336.092,3338.272,3.5163,0.483
2025-08-14 19:00:00,3338.256,3341.162,3337.99,3338.05,2.0258,0.482
2025-08-14 20:00:00,3338.032,3338.575,3334.545,3335.33,1.1041,0.509
2025-08-14 22:00:00,3336.48,3337.874,3332.558,3333.325,0.7083,0.541
2025-08-14 23:00:00,3333.4,3336.64,3332.248,3335.572,0.7758,0.585
2025-08-15 00:00:00,3335.57,3338.795,3332.454,3337.105,1.3829,0.55
2025-08-15 01:00:00,3337.13,3340.385,3333.385,3339.71,2.0654,0.556
2025-08-15 02:00:00,3339.67,3340.956,3336.685,3340.56,1.3977,0.538
2025-08-15 03:00:00,3340.58,3344.98,3340.172,3343.47,1.3234,0.533
2025-08-15 04:00:00,3343.44,3346.761,3343.36,3345.558,1.5217,0.52
2025-08-15 05:00:00,3345.59,3348.905,3342.002,3343.93,1.771,0.527
2025-08-15 06:00:00,3343.895,3344.205,3340.29,3340.53,1.7532,0.504
2025-08-15 07:00:00,3340.505,3346.728,3340.175,3346.415,1.8798,0.521
2025-08-15 08:00:00,3346.405,3348.382,3338.41,3341.395,2.0913,0.516
2025-08-15 09:00:00,3341.365,3345.056,3338.564,3342.782,2.5695,0.504
2025-08-15 10:00:00,3342.76,3342.782,3336.28,3337.752,1.6516,0.504
2025-08-15 11:00:00,3337.761,3344.235,3337.152,3342.37,1.7658,0.502
2025-08-15 12:00:00,3342.35,3344.05,3333.606,3342.72,4.7123,0.56
2025-08-15 13:00:00,3342.74,3346.078,3332.978,3335.412,6.7421,0.545
2025-08-15 14:00:00,3335.3,3343.7,3334.97,3341.851,3.5777,0.516
2025-08-15 15:00:00,3341.82,3345.21,3341.456,3342.372,2.1952,0.496
2025-08-15 16:00:00,3342.377,3342.502,3335.83,3338.242,2.6826,0.486
2025-08-15 17:00:00,3338.256,3339.016,3335.105,3336.12,1.745,0.49
2025-08-15 18:00:00,3336.135,3338.36,3334.85,3336.08,1.2598,0.486
2025-08-15 19:00:00,3336.06,3339.702,3334.475,3339.186,1.7269,0.461
2025-08-15 20:00:00,3339.181,3339.516,3335.306,3335.695,1.0309,0.512
2025-08-17 22:00:00,3336.845,3339.181,3332.875,3334.4,0.7675,0.569
2025-08-17 23:00:00,3334.395,3334.556,3323.618,3327.195,1.2746,0.603
2025-08-18 00:00:00,3327.224,3342.905,3326.888,3340.655,2.4849,0.571
2025-08-18 01:00:00,3340.635,3347.52,3339.714,3346.954,2.8348,0.554
2025-08-18 02:00:00,3346.944,3347.65,3342.42,3343.434,1.7684,0.55
2025-08-18 03:00:00,3343.404,3351.926,3343.338,3347.11,1.7892,0.56
2025-08-18 04:00:00,3347.128,3358.265,3346.885,3357.605,1.7068,0.548
2025-08-18 05:00:00,3357.59,3358.484,3346.605,3349.63,4.3636,0.528
2025-08-18 06:00:00,3349.625,3351.233,3346.185,3349.604,3.7193,0.503
2025-08-18 07:00:00,3349.723,3355.738,3347.246,3349.056,2.6888,0.515
2025-08-18 08:00:00,3349.02,3349.943,3344.562,3348.7,3.2022,0.493
2025-08-18 09:00:00,3348.668,3351.783,3347.585,3348.181,3.6805,0.512
2025-08-18 10:00:00,3348.162,3351.502,3346.56,3346.662,2.5529,0.484
2025-08-18 11:00:00,3346.675,3348.798,3344.685,3345.452,2.2895,0.477
2025-08-18 12:00:00,3345.603,3348.88,3343.167,3344.864,4.1561,0.482
2025-08-18 13:00:00,3344.848,3345.023,3335.735,3336.91,6.7848,0.498
2025-08-18 14:00:00,3336.785,3338.715,3332.504,3334.362,6.4981,0.498
2025-08-18 15:00:00,3334.366,3336.922,3332.285,3335.692,3.6649,0.474
2025-08-18 16:00:00,3335.672,3335.902,3331.806,3334.336,3.2641,0.467
2025-08-18 17:00:00,3334.345,3334.94,3331.76,3333.742,2.8484,0.475
2025-08-18 18:00:00,3333.718,3333.885,3331.54,3331.985,1.8566,0.487
2025-08-18 19:00:00,3332.055,3334.38,3330.33,3333.625,2.1045,0.484
2025-08-18 20:00:00,3333.6,3334.382,3332.335,3332.49,0.5335,0.505
2025-08-18 22:00:00,3333.9,3334.776,3332.92,3334.582,0.4835,0.533
2025-08-18 23:00:00,3334.584,3334.792,3330.59,3331.03,0.5767,0.58
2025-08-19 00:00:00,3331.01,3339.318,3326.144,3335.265,2.3188,0.54
2025-08-19 01:00:00,3335.295,3335.752,3330.345,3333.06,2.7813,0.56
2025-08-19 02:00:00,3333.035,3338.188,3329.565,3338.088,2.5496,0.541
2025-08-19 03:00:00,3338.114,3341.685,3337.125,3337.866,2.7625,0.545
2025-08-19 04:00:00,3337.83,3338.336,3334.515,3337.788,1.0828,0.522
2025-08-19 05:00:00,3337.823,3340.728,3335.746,3336.156,1.5157,0.534
2025-08-19 06:00:00,3336.17,3338.851,3334.53,3336.06,1.9776,0.488
2025-08-19 07:00:00,3336.12,3341.866,3335.055,3340.812,4.1707,0.487
2025-08-19 08:00:00,3340.826,3341.11,3336.556,3338.05,3.6808,0.482
2025-08-19 09:00:00,3338.07,3339.73,3337.004,3339.4,2.784,0.462
2025-08-19 10:00:00,3339.385,3345.445,3339.345,3343.705,3.8539,0.475
2025-08-19 11:00:00,3343.692,3344.82,3339.306,3339.762,3.2014,0.473
2025-08-19 12:00:00,3339.765,3340.601,3334.282,3334.812,2.2342,0.513
2025-08-19 13:00:00,3334.797,3339.468,3325.812,3334.065,6.9323,0.495
2025-08-19 14:00:00,3334.077,3337.016,3320.99,3325.45,6.9267,0.482
2025-08-19 15:00:00,3325.498,3326.806,3321.664,3322.712,3.5165,0.495
2025-08-19 16:00:00,3322.696,3324.475,3317.104,3317.578,1.9857,0.484
2025-08-19 17:00:00,3317.585,3320.155,3314.964,3317.614,2.2117,0.464
2025-08-19 18:00:00,3317.598,3320.27,3316.851,3318.578,1.2426,0.466
2025-08-19 19:00:00,3318.583,3319.01,3315.604,3315.968,1.3572,0.47
2025-08-19 20:00:00,3315.949,3317.554,3315.029,3316.35,0.6981,0.473
2025-08-19 22:00:00,3316.275,3317.658,3315.564,3316.9,0.4667,0.565
2025-08-19 23:00:00,3316.895,3316.9,3312.945,3314.368,1.0526,0.556
2025-08-20 00:00:00,3314.22,3317.018,3312.86,3316.132,2.3761,0.528
2025-08-20 01:00:00,3316.127,3317.905,3311.555,3315.355,2.8953,0.573
2025-08-20 02:00:00,3315.345,3317.25,3312.455,3314.115,2.4488,0.567
2025-08-20 03:00:00,3314.092,3318.68,3314.025,3317.65,2.4337,0.556
2025-08-20 04:00:00,3317.63,3321.0,3317.305,3318.832,1.8384,0.556
2025-08-20 05:00:00,3318.84,3323.995,3318.235,3323.59,2.3116,0.568
2025-08-20 06:00:00,3323.595,3326.054,3322.26,3323.158,4.7053,0.523
2025-08-20 07:00:00,3323.144,3327.594,3321.69,3324.907,3.9273,0.54
2025-08-20 08:00:00,3324.912,3325.742,3321.0,3325.085,4.3005,0.532
2025-08-20 09:00:00,3325.08,3327.476,3323.63,3326.283,3.8353,0.528
2025-08-20 10:00:00,3326.273,3327.99,3323.895,3326.65,4.0267,0.529
2025-08-20 11:00:00,3326.508,3333.016,3325.826,3332.373,5.6143,0.53
2025-08-20 12:00:00,3332.493,3344.958,3332.165,3342.925,3.0565,0.516
2025-08-20 13:00:00,3342.905,3348.511,3338.945,3344.922,3.531,0.489
2025-08-20 14:00:00,3345.076,3350.391,3340.025,3346.995,4.0637,0.484
2025-08-20 15:00:00,3346.98,3347.04,3338.945,3340.798,3.3488,0.49
2025-08-20 16:00:00,3340.804,3346.114,3340.804,3345.24,3.9195,0.46
2025-08-20 17:00:00,3345.195,3348.196,3344.165,3347.253,3.0858,0.472
2025-08-20 18:00:00,3347.403,3347.538,3344.057,3345.796,2.5921,0.434
2025-08-20 19:00:00,3345.776,3349.32,3345.14,3348.822,1.8269,0.463
2025-08-20 20:00:00,3348.756,3349.35,3347.52,3348.17,1.3306,0.47
2025-08-20 22:00:00,3349.792,3352.244,3348.75,3349.75,0.8469,0.52
2025-08-20 23:00:00,3349.795,3349.795,3346.46,3347.055,0.7072,0.581
2025-08-21 00:00:00,3347.03,3347.03,3341.506,3342.35,1.6789,0.541
2025-08-21 01:00:00,3342.36,3346.518,3340.83,3342.855,2.1098,0.551
2025-08-21 02:00:00,3342.835,3345.135,3340.454,3344.714,1.4506,0.54
2025-08-21 03:00:00,3344.805,3344.95,3339.74,3339.956,1.2783,0.537
2025-08-21 04:00:00,3339.81,3341.245,3338.035,3338.384,0.9078,0.543
2025-08-21 05:00:00,3338.394,3340.818,3337.138,3338.842,1.4906,0.532
2025-08-21 06:00:00,3338.845,3339.995,3334.282,3336.734,1.9588,0.491
2025-08-21 07:00:00,3336.715,3341.58,3335.508,3339.74,1.8134,0.491
2025-08-21 08:00:00,3339.72,3341.45,3337.885,3339.601,1.26,0.482
2025-08-21 09:00:00,3339.596,3342.265,3338.03,3340.755,1.3812,0.482
2025-08-21 10:00:00,3340.798,3341.67,3327.53,3328.482,2.0264,0.492
2025-08-21 11:00:00,3328.68,3334.475,3325.216,3333.71,2.4116,0.507
2025-08-21 12:00:00,3333.76,3345.167,3333.76,3341.955,3.6081,0.519
2025-08-21 13:00:00,3341.925,3347.635,3336.125,3339.54,5.4903,0.533
2025-08-21 14:00:00,3339.5,3348.194,3337.9,3344.29,4.4551,0.5
2025-08-21 15:00:00,3344.323,3346.29,3337.6,3343.713,3.7767,0.501
2025-08-21 16:00:00,3343.708,3344.01,3338.332,3339.796,2.1663,0.472
2025-08-21 17:00:00,3339.782,3342.132,3337.045,3337.124,1.8605,0.471
2025-08-21 18:00:00,3337.144,3339.65,3336.664,3339.39,1.3501,0.456
2025-08-21 19:00:00,3339.395,3342.04,3337.982,3338.855,1.6275,0.466
2025-08-21 20:00:00,3338.825,3340.125,3337.94,3339.555,0.5508,0.485
2025-08-21 22:00:00,3339.31,3340.73,3338.175,3339.008,0.5347,0.586
2025-08-21 23:00:00,3339.034,3339.65,3337.48,3338.494,0.4317,0.595
2025-08-22 00:00:00,3338.474,3339.905,3335.175,3339.675,1.1692,0.531
2025-08-22 01:00:00,3339.7,3340.364,3333.732,3334.13,2.0751,0.556
2025-08-22 02:00:00,3334.152,3336.3,3332.87,3334.185,2.2083,0.525
2025-08-22 03:00:00,3334.205,3335.464,3331.81,3332.008,2.0815,0.521
2025-08-22 04:00:00,3332.098,3332.815,3328.055,3328.505,1.5197,0.505
2025-08-22 05:00:00,3328.408,3331.638,3327.275,3330.156,1.6138,0.528
2025-08-22 06:00:00,3330.051,3330.445,3325.806,3329.595,2.0573,0.488
2025-08-22 07:00:00,3329.605,3335.184,3325.77,3327.535,3.0376,0.472
2025-08-22 08:00:00,3327.525,3330.724,3325.41,3328.817,3.5897,0.488
2025-08-22 09:00:00,3328.827,3331.708,3328.255,3330.193,2.6221,0.47
2025-08-22 10:00:00,3330.195,3331.833,3329.038,3331.038,1.7961,0.48
2025-08-22 11:00:00,3331.033,3331.14,3327.75,3329.434,2.7315,0.489
2025-08-22 12:00:00,3329.438,3330.076,3321.43,3323.58,3.4241,0.508
2025-08-22 13:00:00,3323.54,3336.312,3323.324,3333.83,7.5453,0.49
2025-08-22 14:00:00,3335.601,3376.765,3335.14,3373.888,15.9791,0.612
2025-08-22 15:00:00,3373.935,3378.835,3367.356,3367.902,4.9927,0.512
2025-08-22 16:00:00,3367.856,3374.306,3367.856,3370.59,3.0249,0.452
2025-08-22 17:00:00,3370.6,3375.59,3370.495,3374.27,3.0364,0.446
2025-08-22 18:00:00,3374.295,3375.105,3371.065,3372.78,2.1304,0.459
2025-08-22 19:00:00,3372.805,3373.636,3368.922,3373.292,1.9304,0.47
2025-08-22 20:00:00,3373.222,3373.636,3370.2,3372.11,0.9823,0.576
2025-08-24 22:00:00,3371.455,3372.292,3365.955,3367.362,1.1772,0.582
2025-08-24 23:00:00,3367.28,3371.144,3366.382,3369.125,0.8595,0.574
2025-08-25 00:00:00,3369.105,3369.685,3363.358,3364.912,1.4444,0.557
2025-08-25 01:00:00,3364.93,3367.965,3360.706,3362.94,1.7346,0.539
2025-08-25 02:00:00,3362.922,3365.264,3359.8,3364.583,1.9573,0.555
2025-08-25 03:00:00,3364.568,3368.205,3364.298,3367.38,1.119,0.517
2025-08-25 04:00:00,3367.383,3367.72,3363.928,3366.178,1.0721,0.547
2025-08-25 05:00:00,3366.108,3366.17,3363.16,3364.695,1.5867,0.546
2025-08-25 06:00:00,3364.705,3369.678,3364.6,3369.025,2.1426,0.488
2025-08-25 07:00:00,3368.998,3369.94,3366.082,3366.242,0.6965,0.486
2025-08-25 08:00:00,3366.266,3366.746,3363.45,3364.044,0.8647,0.491
2025-08-25 09:00:00,3364.005,3368.163,3362.064,3367.444,1.4065,0.484
2025-08-25 10:00:00,3367.518,3368.568,3365.13,3366.075,1.428,0.483
2025-08-25 11:00:00,3366.07,3371.638,3365.735,3370.59,1.4158,0.481
2025-08-25 12:00:00,3370.64,3371.3,3364.255,3364.535,1.6573,0.486
2025-08-25 13:00:00,3364.56,3371.395,3362.18,3370.885,4.5158,0.487
2025-08-25 14:00:00,3370.81,3375.455,3369.315,3374.435,4.3993,0.488
2025-08-25 15:00:00,3374.465,3376.375,3371.98,3374.1,3.5417,0.479
2025-08-25 16:00:00,3374.115,3374.431,3371.77,3373.945,1.0772,0.495
2025-08-25 17:00:00,3373.988,3374.92,3370.932,3371.105,1.2995,0.493
2025-08-25 18:00:00,3371.162,3373.315,3369.96,3370.65,1.0386,0.495
2025-08-25 19:00:00,3370.665,3371.0,3365.24,3365.48,2.6095,0.484
2025-08-25 20:00:00,3365.46,3366.765,3364.316,3366.485,0.9552,0.496
2025-08-25 22:00:00,3366.064,3367.265,3363.768,3364.355,0.5187,0.565
2025-08-25 23:00:00,3364.36,3364.36,3351.72,3354.912,1.9796,0.608
2025-08-26 00:00:00,3354.99,3386.688,3351.46,3383.315,7.8977,0.626
2025-08-26 01:00:00,3383.287,3384.87,3371.64,3376.88,5.0083,0.649
2025-08-26 02:00:00,3376.86,3379.168,3372.875,3375.462,3.1733,0.557
2025-08-26 03:00:00,3375.307,3375.52,3369.832,3372.312,2.5561,0.526
2025-08-26 04:00:00,3372.29,3379.105,3372.21,3377.505,1.6438,0.555
2025-08-26 05:00:00,3377.535,3379.17,3372.58,3376.66,2.871,0.529
2025-08-26 06:00:00,3376.665,3377.835,3372.545,3376.378,1.46,0.521
2025-08-26 07:00:00,3376.394,3379.23,3367.27,3376.865,3.351,0.503
2025-08-26 08:00:00,3376.923,3379.97,3375.665,3376.765,2.5164,0.508
2025-08-26 09:00:00,3376.745,3378.625,3369.495,3372.0,2.9979,0.493
2025-08-26 10:00:00,3372.03,3375.26,3367.31,3372.09,1.8855,0.488
2025-08-26 11:00:00,3372.125,3380.455,3370.804,3377.59,3.5896,0.471
2025-08-26 12:00:00,3377.605,3379.855,3371.022,3371.975,2.5689,0.541
2025-08-26 13:00:00,3372.016,3378.24,3370.59,3375.835,5.6611,0.513
2025-08-26 14:00:00,3375.76,3379.702,3370.365,3379.445,5.1441,0.513
2025-08-26 15:00:00,3379.475,3389.495,3378.685,3386.662,3.3367,0.505
2025-08-26 16:00:00,3386.652,3387.77,3382.466,3383.045,1.9938,0.508
2025-08-26 17:00:00,3383.022,3385.972,3381.556,3381.712,1.6251,0.507
2025-08-26 18:00:00,3381.696,3385.692,3380.37,3385.622,1.6202,0.501
2025-08-26 19:00:00,3385.662,3390.895,3385.115,3389.776,2.6792,0.509
2025-08-26 20:00:00,3389.786,3394.055,3389.23,3394.045,1.1073,0.476
2025-08-26 22:00:00,3393.35,3394.485,3388.845,3391.06,0.8137,0.636
2025-08-26 23:00:00,3391.1,3392.99,3390.06,3390.942,0.7588,0.634
2025-08-27 00:00:00,3390.87,3393.56,3389.018,3389.636,1.7429,0.563
2025-08-27 01:00:00,3389.646,3390.08,3383.43,3386.37,3.0912,0.564
2025-08-27 02:00:00,3386.31,3387.11,3382.195,3384.225,2.2466,0.56
2025-08-27 03:00:00,3384.235,3384.64,3380.59,3380.69,2.5392,0.541
2025-08-27 04:00:00,3380.725,3381.275,3373.926,3375.02,3.3154,0.527
2025-08-27 05:00:00,3375.07,3379.008,3374.125,3377.3,2.9434,0.523
2025-08-27 06:00:00,3377.31,3382.06,3376.405,3377.59,2.3964,0.505
2025-08-27 07:00:00,3377.545,3381.7,3373.92,3381.598,1.9647,0.515
2025-08-27 08:00:00,3381.59,3385.098,3381.065,3384.66,2.1728,0.499
2025-08-27 09:00:00,3384.6,3385.585,3377.635,3378.17,1.9164,0.502
2025-08-27 10:00:00,3378.186,3379.26,3374.83,3375.65,3.6485,0.504
2025-08-27 11:00:00,3375.72,3378.245,3373.964,3376.85,2.1487,0.493
2025-08-27 12:00:00,3376.835,3382.978,3374.35,3381.27,2.1765,0.524
2025-08-27 13:00:00,3381.29,3384.918,3375.62,3377.946,3.7701,0.522
2025-08-27 14:00:00,3377.931,3387.015,3376.205,3386.545,4.0715,0.503
2025-08-27 15:00:00,3386.585,3390.431,3385.208,3388.03,2.2903,0.504
2025-08-27 16:00:00,3388.025,3398.87,3387.57,3395.495,3.2226,0.517
2025-08-27 17:00:00,3395.475,3397.53,3394.875,3395.215,3.069,0.488
2025-08-27 18:00:00,3395.206,3396.315,3392.32,3394.596,1.9368,0.478
2025-08-27 19:00:00,3394.566,3396.395,3393.721,3396.2,2.0956,0.474
2025-08-27 20:00:00,3396.265,3398.29,3394.25,3397.47,1.4275,0.544
2025-08-27 22:00:00,3398.354,3399.115,3394.72,3395.87,0.8664,0.632
2025-08-27 23:00:00,3395.85,3399.41,3395.14,3395.74,1.0539,0.609
2025-08-28 00:00:00,3395.765,3398.145,3391.315,3392.03,1.874,0.56
2025-08-28 01:00:00,3392.013,3392.94,3385.53,3386.015,4.8077,0.605
2025-08-28 02:00:00,3386.005,3391.488,3384.725,3391.474,2.9203,0.59
2025-08-28 03:00:00,3391.468,3392.55,3389.02,3390.324,1.5792,0.574
2025-08-28 04:00:00,3390.304,3392.33,3388.89,3390.38,0.7357,0.559
2025-08-28 05:00:00,3390.355,3391.029,3387.68,3389.27,1.9789,0.577
2025-08-28 06:00:00,3389.245,3395.81,3388.895,3395.504,2.8867,0.527
2025-08-28 07:00:00,3395.514,3397.795,3393.795,3395.9,1.9207,0.52
2025-08-28 08:00:00,3395.665,3401.204,3393.99,3400.785,2.0187,0.525
2025-08-28 09:00:00,3400.8,3401.695,3398.53,3399.275,2.3145,0.491
2025-08-28 10:00:00,3399.265,3399.315,3393.87,3397.14,5.5781,0.468
2025-08-28 11:00:00,3397.102,3407.745,3396.31,3404.16,4.1445,0.51
2025-08-28 12:00:00,3404.143,3408.785,3396.836,3397.16,3.7199,0.609
2025-08-28 13:00:00,3397.17,3410.4,3394.194,3407.417,6.1107,0.555
2025-08-28 14:00:00,3407.382,3413.61,3406.465,3412.28,4.5157,0.538
2025-08-28 15:00:00,3412.282,3413.355,3404.346,3411.032,3.2403,0.513
2025-08-28 16:00:00,3411.042,3417.852,3410.02,3415.605,3.3917,0.506
2025-08-28 17:00:00,3415.567,3418.917,3414.615,3417.982,3.3375,0.474
2025-08-28 18:00:00,3417.997,3420.385,3417.325,3420.1,3.5092,0.48
2025-08-28 19:00:00,3420.075,3423.202,3417.84,3422.15,4.9815,0.487
2025-08-28 20:00:00,3422.19,3422.537,3416.165,3416.525,2.0,0.553
2025-08-28 22:00:00,3417.944,3418.375,3415.512,3417.036,1.2852,1.375
2025-08-28 23:00:00,3416.946,3416.992,3414.816,3414.826,0.7612,0.725
2025-08-29 00:00:00,3414.812,3417.905,3413.04,3413.54,2.2297,0.574
2025-08-29 01:00:00,3413.53,3413.715,3407.955,3409.965,5.0015,0.536
2025-08-29 02:00:00,3409.947,3414.085,3409.865,3411.42,3.7089,0.554
2025-08-29 03:00:00,3411.44,3413.71,3409.99,3410.955,3.1655,0.541
2025-08-29 04:00:00,3410.93,3411.475,3407.52,3408.935,3.5493,0.527
2025-08-29 05:00:00,3408.93,3410.885,3407.08,3410.425,2.4551,0.534
2025-08-29 06:00:00,3410.54,3412.715,3407.965,3410.275,1.5598,0.516
2025-08-29 07:00:00,3410.237,3412.795,3406.515,3412.378,2.341,0.532
2025-08-29 08:00:00,3412.41,3414.905,3409.735,3410.426,2.8391,0.552
2025-08-29 09:00:00,3410.442,3411.11,3406.855,3407.485,2.5826,0.533
2025-08-29 10:00:00,3407.51,3408.949,3404.83,3405.695,1.985,0.487
2025-08-29 11:00:00,3405.675,3411.434,3404.425,3410.88,1.9557,0.525
2025-08-29 12:00:00,3410.89,3416.945,3406.814,3416.59,4.2217,0.586
2025-08-29 13:00:00,3416.61,3429.514,3413.685,3428.99,5.6808,0.531
2025-08-29 14:00:00,3428.955,3441.18,3428.955,3441.01,9.036,0.577
2025-08-29 15:00:00,3440.96,3447.675,3438.995,3445.515,8.1792,0.529
2025-08-29 16:00:00,3445.525,3449.604,3442.324,3449.285,3.9886,0.54
2025-08-29 17:00:00,3449.25,3450.25,3440.986,3443.974,3.7767,0.536
2025-08-29 18:00:00,3444.033,3445.772,3441.203,3442.915,3.3557,0.47
2025-08-29 19:00:00,3442.91,3453.88,3441.536,3452.786,5.6552,0.473
2025-08-29 20:00:00,3452.796,3452.838,3445.706,3447.63,2.7925,0.774
2025-08-31 22:00:00,3446.606,3452.88,3442.345,3450.215,2.0733,0.961
2025-08-31 23:00:00,3450.366,3451.002,3444.745,3447.99,1.4911,0.761
2025-09-01 00:00:00,3447.975,3447.975,3442.746,3444.07,2.518,0.611
2025-09-01 01:00:00,3444.1,3459.394,3437.022,3457.304,6.111,0.686
2025-09-01 02:00:00,3457.487,3484.935,3455.16,3483.535,13.2198,0.944
2025-09-01 03:00:00,3483.56,3486.266,3469.705,3474.64,5.979,0.786
2025-09-01 04:00:00,3474.685,3479.38,3472.322,3475.286,2.9468,0.631
2025-09-01 05:00:00,3475.262,3482.825,3474.382,3477.02,4.0228,0.654
2025-09-01 06:00:00,3476.93,3489.905,3476.805,3479.355,3.9408,0.608
2025-09-01 07:00:00,3479.366,3481.015,3467.675,3478.045,4.5942,0.613
2025-09-01 08:00:00,3478.065,3479.998,3474.59,3477.01,2.0939,0.557
2025-09-01 09:00:00,3477.0,3477.085,3467.33,3469.515,2.4592,0.566
2025-09-01 10:00:00,3469.54,3474.1,3466.32,3470.595,3.4425,0.548
2025-09-01 11:00:00,3470.605,3473.62,3467.645,3470.16,2.6731,0.518
2025-09-01 12:00:00,3470.14,3471.798,3467.27,3469.53,3.5639,0.532
2025-09-01 13:00:00,3469.555,3479.204,3468.99,3475.38,3.1134,0.534
2025-09-01 14:00:00,3475.355,3481.415,3473.665,3475.745,2.4886,0.544
2025-09-01 15:00:00,3475.625,3479.18,3473.486,3474.155,1.4651,0.531
2025-09-01 16:00:00,3474.15,3477.844,3472.385,3477.44,0.9843,0.536
2025-09-01 17:00:00,3477.384,3479.085,3476.32,3478.02,1.346,0.577
2025-09-01 18:00:00,3477.995,3478.07,3476.245,3476.47,0.6769,0.478
2025-09-01 22:00:00,3477.45,3479.848,3474.912,3475.226,3.2985,1.084
2025-09-01 23:00:00,3475.396,3481.496,3474.495,3479.285,1.8957,1.043
2025-09-02 00:00:00,3479.235,3485.125,3478.23,3479.2,4.2793,0.652
2025-09-02 01:00:00,3479.16,3508.732,3476.96,3497.79,11.1472,0.798
2025-09-02 02:00:00,3497.88,3500.95,3491.466,3496.385,5.7965,0.796
2025-09-02 03:00:00,3496.11,3496.24,3490.125,3495.175,3.8583,0.669
2025-09-02 04:00:00,3495.14,3498.45,3493.31,3496.76,2.2373,0.621
2025-09-02 05:00:00,3496.775,3497.968,3491.995,3493.085,2.9533,0.627
2025-09-02 06:00:00,3493.09,3495.75,3483.305,3485.675,7.4728,0.567
2025-09-02 07:00:00,3485.706,3488.36,3472.135,3476.96,8.0215,0.606
2025-09-02 08:00:00,3476.965,3481.48,3470.21,3477.77,3.9142,0.614
2025-09-02 09:00:00,3477.805,3480.46,3476.02,3476.745,3.1658,0.593
2025-09-02 10:00:00,3476.725,3485.87,3475.83,3485.79,2.4579,0.606
2025-09-02 11:00:00,3485.795,3490.14,3478.51,3489.835,3.2113,0.605
2025-09-02 12:00:00,3489.825,3494.29,3474.465,3482.087,7.895,0.63
2025-09-02 13:00:00,3482.133,3493.697,3478.333,3489.172,10.7493,0.677
2025-09-02 14:00:00,3489.292,3514.155,3487.91,3511.1,11.1257,0.606
2025-09-02 15:00:00,3511.08,3520.515,3509.504,3520.484,6.6774,0.631
2025-09-02 16:00:00,3520.478,3528.865,3518.15,3527.755,6.939,0.581
2025-09-02 17:00:00,3527.785,3530.23,3522.03,3529.312,4.2659,0.606
2025-09-02 18:00:00,3529.326,3532.16,3525.23,3528.391,4.8314,0.588
2025-09-02 19:00:00,3528.412,3540.107,3528.306,3536.982,6.8795,0.515
2025-09-02 20:00:00,3536.986,3537.782,3532.85,3532.85,1.9466,0.542
2025-09-02 22:00:00,3533.675,3535.045,3529.112,3529.306,1.9392,0.873
2025-09-02 23:00:00,3529.296,3533.265,3526.395,3529.996,3.0251,0.926
2025-09-03 00:00:00,3530.006,3546.917,3528.101,3536.215,6.7537,0.726
2025-09-03 01:00:00,3536.125,3542.002,3531.925,3538.945,6.3598,0.714
2025-09-03 02:00:00,3538.925,3546.128,3531.196,3531.77,4.9005,0.668
2025-09-03 03:00:00,3531.735,3533.565,3529.45,3530.92,3.7731,0.605
2025-09-03 04:00:00,3530.945,3538.44,3530.775,3536.955,2.3371,0.583
2025-09-03 05:00:00,3536.94,3538.14,3526.991,3530.038,3.418,0.615
2025-09-03 06:00:00,3530.03,3537.655,3529.955,3535.4,4.2889,0.535
2025-09-03 07:00:00,3535.375,3537.025,3529.26,3533.965,3.5319,0.555
2025-09-03 08:00:00,3533.915,3541.37,3533.835,3540.13,2.8922,0.539
2025-09-03 09:00:00,3540.15,3542.005,3533.945,3534.35,3.1022,0.528
2025-09-03 10:00:00,3534.36,3541.77,3532.36,3540.165,3.2611,0.568
2025-09-03 11:00:00,3540.21,3549.67,3539.99,3547.68,3.3431,0.537
2025-09-03 12:00:00,3547.66,3551.645,3541.418,3550.62,4.6159,0.565
2025-09-03 13:00:00,3550.65,3561.432,3549.34,3553.93,8.0006,0.655
2025-09-03 14:00:00,3553.965,3565.655,3551.545,3558.551,7.4989,0.632
2025-09-03 15:00:00,3558.55,3567.523,3557.484,3564.0,7.6982,0.522
2025-09-03 16:00:00,3563.962,3572.64,3562.285,3572.49,4.4611,0.525
2025-09-03 17:00:00,3572.515,3576.002,3570.202,3574.43,3.6391,0.555
2025-09-03 18:00:00,3574.54,3578.42,3565.446,3570.395,4.7032,0.537
2025-09-03 19:00:00,3570.375,3571.64,3561.305,3563.65,8.1534,0.491
2025-09-03 20:00:00,3563.68,3566.115,3558.92,3559.075,1.778,0.514
2025-09-03 22:00:00,3561.256,3564.266,3559.39,3561.975,3.9558,0.895
2025-09-03 23:00:00,3561.977,3562.075,3554.47,3560.45,3.2364,0.814
2025-09-04 00:00:00,3560.49,3562.646,3551.915,3561.59,3.2434,0.624
2025-09-04 01:00:00,3561.665,3563.512,3543.65,3546.306,5.5648,0.66
2025-09-04 02:00:00,3546.302,3550.685,3526.572,3530.8,7.6974,0.711
2025-09-04 03:00:00,3530.725,3531.74,3511.138,3529.125,6.4978,0.732
2025-09-04 04:00:00,3529.1,3534.405,3528.9,3533.225,1.8827,0.586
2025-09-04 05:00:00,3533.245,3534.235,3525.45,3527.336,3.1742,0.615
2025-09-04 06:00:00,3527.34,3541.875,3524.422,3536.13,3.0706,0.598
2025-09-04 07:00:00,3536.25,3541.31,3532.81,3541.165,2.7437,0.535
2025-09-04 08:00:00,3541.11,3545.67,3537.4,3541.454,2.661,0.561
2025-09-04 09:00:00,3541.464,3545.075,3536.835,3538.825,2.0247,0.536
2025-09-04 10:00:00,3538.84,3547.145,3538.465,3540.968,2.5032,0.537
2025-09-04 11:00:00,3540.945,3549.958,3536.556,3545.615,3.9879,0.53
2025-09-04 12:00:00,3545.435,3553.516,3541.272,3548.385,6.7153,0.651
2025-09-04 13:00:00,3548.365,3558.87,3539.856,3547.11,7.6515,0.662
2025-09-04 14:00:00,3547.0,3547.0,3535.002,3545.925,8.0461,0.607
2025-09-04 15:00:00,3546.115,3553.362,3542.43,3552.912,3.608,0.531
2025-09-04 16:00:00,3552.891,3556.13,3549.36,3552.625,2.9291,0.554
2025-09-04 17:00:00,3552.608,3555.515,3542.62,3542.98,1.9791,0.517
2025-09-04 18:00:00,3543.0,3548.37,3542.825,3546.395,1.5816,0.507
2025-09-04 19:00:00,3546.375,3551.092,3545.71,3549.8,2.5799,0.507
2025-09-04 20:00:00,3549.825,3550.497,3544.405,3545.28,1.11,0.558
2025-09-04 22:00:00,3546.48,3546.882,3540.04,3541.126,1.2775,0.861
2025-09-04 23:00:00,3540.995,3554.535,3540.948,3552.71,2.7468,0.668
2025-09-05 00:00:00,3552.685,3556.704,3549.155,3552.27,3.8149,0.638
2025-09-05 01:00:00,3552.23,3556.655,3549.965,3552.45,3.5229,0.64
2025-09-05 02:00:00,3552.377,3555.43,3545.91,3550.97,3.5946,0.608
2025-09-05 03:00:00,3550.985,3559.154,3548.705,3558.395,2.8637,0.604
2025-09-05 04:00:00,3558.46,3559.25,3556.275,3558.61,1.1727,0.588
2025-09-05 05:00:00,3558.65,3561.27,3555.7,3557.792,2.9104,0.619
2025-09-05 06:00:00,3557.845,3558.09,3548.22,3552.775,2.3265,0.597
2025-09-05 07:00:00,3552.81,3554.366,3546.649,3548.294,2.3981,0.54
2025-09-05 08:00:00,3548.17,3549.985,3544.865,3546.015,1.7979,0.555
2025-09-05 09:00:00,3546.035,3553.82,3545.96,3552.45,1.4443,0.55
2025-09-05 10:00:00,3552.47,3553.02,3549.505,3551.915,1.127,0.528
2025-09-05 11:00:00,3551.945,3555.3,3548.0,3553.314,2.2143,0.568
2025-09-05 12:00:00,3553.364,3587.16,3548.9,3580.475,7.7956,0.805
2025-09-05 13:00:00,3580.505,3595.51,3573.335,3594.695,8.9548,0.789
2025-09-05 14:00:00,3594.554,3597.942,3573.225,3590.325,13.6756,0.661
2025-09-05 15:00:00,3590.31,3595.5,3581.75,3592.13,9.641,0.577
2025-09-05 16:00:00,3592.095,3600.175,3591.315,3595.235,4.3305,0.549
2025-09-05 17:00:00,3595.27,3597.555,3590.47,3596.545,3.2238,0.535
2025-09-05 18:00:00,3596.625,3597.4,3592.594,3595.432,3.2018,0.539
2025-09-05 19:00:00,3595.422,3596.152,3592.62,3594.776,5.0975,0.506
2025-09-05 20:00:00,3594.732,3595.345,3586.074,3586.62,2.1099,0.683
2025-09-07 22:00:00,3582.154,3596.982,3578.25,3592.285,6.2934,0.786
2025-09-07 23:00:00,3592.345,3594.095,3587.795,3591.162,2.8829,0.712
2025-09-08 00:00:00,3591.146,3594.555,3586.945,3594.37,5.2561,0.652
2025-09-08 01:00:00,3594.385,3597.25,3584.88,3589.595,7.9946,0.686
2025-09-08 02:00:00,3589.735,3594.445,3586.414,3590.855,5.4417,0.647
2025-09-08 03:00:00,3590.845,3592.385,3582.97,3583.475,3.7944,0.628
2025-09-08 04:00:00,3583.485,3584.895,3579.735,3581.71,2.5904,0.594
2025-09-08 05:00:00,3581.555,3591.715,3581.205,3591.34,2.5543,0.592
2025-09-08 06:00:00,3591.315,3598.98,3589.56,3598.225,2.5296,0.589
2025-09-08 07:00:00,3598.265,3613.73,3596.545,3609.5,3.6942,0.568
2025-09-08 08:00:00,3609.47,3617.35,3607.33,3611.315,3.5537,0.595
2025-09-08 09:00:00,3611.29,3615.16,3608.69,3613.845,2.1148,0.559
2025-09-08 10:00:00,3613.885,3622.535,3613.51,3617.065,2.42,0.561
2025-09-08 11:00:00,3617.055,3620.085,3612.83,3619.9,1.7409,0.518
2025-09-08 12:00:00,3619.88,3626.09,3614.685,3624.28,5.1956,0.556
2025-09-08 13:00:00,3624.484,3636.998,3620.282,3633.485,9.7411,0.636
2025-09-08 14:00:00,3633.465,3640.978,3628.92,3640.785,9.9084,0.588
2025-09-08 15:00:00,3640.775,3646.37,3633.245,3639.405,5.944,0.58
2025-09-08 16:00:00,3639.41,3641.672,3635.88,3640.66,3.6997,0.559
2025-09-08 17:00:00,3640.69,3641.175,3632.638,3633.538,2.3861,0.541
2025-09-08 18:00:00,3633.554,3636.72,3632.015,3636.15,2.2414,0.524
2025-09-08 19:00:00,3636.175,3637.712,3632.635,3636.57,3.0248,0.492
2025-09-08 20:00:00,3636.56,3638.082,3634.58,3635.3,1.5157,0.516
2025-09-08 22:00:00,3636.55,3636.962,3628.926,3629.525,1.4745,0.721
2025-09-08 23:00:00,3629.688,3636.335,3628.394,3634.995,1.652,0.642
2025-09-09 00:00:00,3634.955,3640.895,3633.554,3638.565,2.7494,0.567
2025-09-09 01:00:00,3638.562,3647.595,3636.095,3646.465,4.786,0.602
2025-09-09 02:00:00,3646.415,3654.71,3644.855,3647.596,5.322,0.608
2025-09-09 03:00:00,3647.572,3652.034,3642.695,3645.97,3.8157,0.616
2025-09-09 04:00:00,3646.02,3657.26,3645.785,3655.069,3.0524,0.62
2025-09-09 05:00:00,3655.066,3659.445,3652.815,3655.235,3.9548,0.683
2025-09-09 06:00:00,3655.277,3656.325,3636.74,3647.655,8.8963,0.701
2025-09-09 07:00:00,3647.67,3651.046,3641.67,3644.422,3.9437,0.653
2025-09-09 08:00:00,3644.366,3651.158,3641.945,3648.235,3.476,0.601
2025-09-09 09:00:00,3648.26,3656.798,3647.715,3653.67,3.144,0.546
2025-09-09 10:00:00,3653.8,3656.06,3648.835,3651.94,3.7992,0.559
2025-09-09 11:00:00,3651.975,3654.295,3646.925,3648.095,1.5236,0.606
2025-09-09 12:00:00,3648.15,3655.583,3643.855,3647.555,4.1994,0.597
2025-09-09 13:00:00,3647.585,3668.315,3646.418,3665.996,9.5762,0.643
2025-09-09 14:00:00,3666.006,3674.89,3636.166,3645.035,13.5136,0.747
2025-09-09 15:00:00,3645.06,3646.525,3627.0,3645.663,9.8802,0.608
2025-09-09 16:00:00,3645.658,3649.482,3644.195,3645.072,2.3529,0.599
2025-09-09 17:00:00,3645.082,3646.52,3641.458,3642.915,2.2521,0.595
2025-09-09 18:00:00,3642.935,3645.115,3639.746,3640.4,3.1845,0.543
2025-09-09 19:00:00,3640.41,3641.272,3628.595,3629.49,4.0551,0.552
2025-09-09 20:00:00,3629.46,3632.93,3624.81,3625.27,1.7407,0.601
2025-09-09 22:00:00,3619.93,3635.96,3619.105,3635.565,2.7725,0.739
2025-09-09 23:00:00,3635.615,3640.832,3633.375,3633.635,2.0218,0.688
2025-09-10 00:00:00,3633.66,3634.578,3621.52,3624.1,2.836,0.593
2025-09-10 01:00:00,3624.15,3632.74,3620.359,3630.72,4.9187,0.639
2025-09-10 02:00:00,3630.817,3638.316,3630.1,3636.29,2.7426,0.615
2025-09-10 03:00:00,3636.167,3637.114,3633.14,3636.708,1.5816,0.572
2025-09-10 04:00:00,3636.714,3643.428,3636.685,3643.034,2.0669,0.61
2025-09-10 05:00:00,3643.075,3645.36,3640.04,3643.11,1.9837,0.607
2025-09-10 06:00:00,3643.095,3647.69,3640.705,3643.79,2.2814,0.544
2025-09-10 07:00:00,3643.83,3648.63,3641.235,3644.07,2.2589,0.555
2025-09-10 08:00:00,3644.11,3647.915,3641.99,3645.989,2.196,0.569
2025-09-10 09:00:00,3646.045,3656.17,3644.935,3655.314,1.6695,0.548
2025-09-10 10:00:00,3655.328,3657.522,3651.555,3655.31,2.0833,0.537
2025-09-10 11:00:00,3655.335,3656.44,3648.476,3649.196,3.422,0.542
2025-09-10 12:00:00,3649.206,3658.025,3640.406,3644.065,5.7001,0.612
2025-09-10 13:00:00,3644.085,3654.085,3641.955,3651.38,6.9212,0.577
2025-09-10 14:00:00,3651.35,3655.495,3643.95,3647.68,5.4292,0.55
2025-09-10 15:00:00,3647.725,3648.67,3638.696,3644.635,3.788,0.524
2025-09-10 16:00:00,3644.61,3647.02,3639.998,3642.83,2.1694,0.518
2025-09-10 17:00:00,3642.88,3647.655,3641.738,3647.435,1.956,0.494
2025-09-10 18:00:00,3647.405,3649.812,3644.634,3645.48,1.7631,0.508
2025-09-10 19:00:00,3645.634,3646.455,3635.3,3642.07,5.9427,0.477
2025-09-10 20:00:00,3642.038,3642.97,3638.14,3640.465,1.4947,0.509
2025-09-10 22:00:00,3641.58,3644.667,3637.955,3639.925,1.0865,0.618
2025-09-10 23:00:00,3640.055,3645.73,3638.638,3644.955,1.0488,0.649
2025-09-11 00:00:00,3644.975,3647.25,3642.58,3643.925,2.6551,0.566
2025-09-11 01:00:00,3643.995,3649.268,3639.885,3641.145,2.6789,0.581
2025-09-11 02:00:00,3641.125,3643.58,3634.298,3637.4,2.2456,0.573
2025-09-11 03:00:00,3637.47,3637.47,3629.955,3632.08,2.6206,0.576
2025-09-11 04:00:00,3632.21,3634.48,3630.28,3630.7,1.0622,0.551
2025-09-11 05:00:00,3630.675,3633.55,3623.5,3625.14,4.6973,0.568
2025-09-11 06:00:00,3625.165,3638.005,3622.72,3633.266,3.0667,0.561
2025-09-11 07:00:00,3633.335,3633.396,3623.875,3630.025,2.9945,0.569
2025-09-11 08:00:00,3630.005,3631.798,3625.495,3626.245,1.6348,0.526
2025-09-11 09:00:00,3626.16,3626.16,3614.265,3621.878,3.6436,0.525
2025-09-11 10:00:00,3621.894,3625.01,3619.75,3621.978,2.3618,0.526
2025-09-11 11:00:00,3621.958,3622.395,3615.558,3616.83,3.3033,0.497
2025-09-11 12:00:00,3616.865,3644.167,3613.04,3629.032,9.2948,0.665
2025-09-11 13:00:00,3629.134,3637.208,3618.378,3630.345,8.7954,0.623
2025-09-11 14:00:00,3630.365,3637.94,3626.149,3629.57,5.0336,0.566
2025-09-11 15:00:00,3629.59,3639.118,3629.59,3633.175,3.6146,0.529
2025-09-11 16:00:00,3633.18,3642.095,3633.13,3636.17,5.0953,0.536
2025-09-11 17:00:00,3636.22,3636.755,3631.822,3634.985,2.7831,0.522
2025-09-11 18:00:00,3634.945,3637.105,3630.5,3632.445,5.309,0.478
2025-09-11 19:00:00,3632.435,3637.53,3632.305,3636.945,3.9116,0.486
2025-09-11 20:00:00,3636.87,3637.692,3633.196,3633.94,0.8107,0.577
2025-09-11 22:00:00,3633.825,3638.438,3633.25,3634.873,0.6381,0.647
2025-09-11 23:00:00,3634.878,3636.148,3631.583,3631.924,0.9917,0.668
2025-09-12 00:00:00,3631.93,3638.16,3630.574,3636.616,1.9471,0.58
2025-09-12 01:00:00,3636.632,3647.698,3636.606,3646.48,4.1814,0.597
2025-09-12 02:00:00,3646.489,3651.178,3644.968,3649.16,4.5107,0.585
2025-09-12 03:00:00,3649.149,3653.35,3646.7,3652.995,2.8119,0.576
2025-09-12 04:00:00,3652.975,3656.285,3651.644,3654.985,1.4159,0.577
2025-09-12 05:00:00,3655.005,3656.705,3652.064,3653.185,1.5823,0.561
2025-09-12 06:00:00,3653.205,3654.11,3648.445,3650.69,1.863,0.544
2025-09-12 07:00:00,3650.64,3653.915,3647.89,3648.395,2.5713,0.514
2025-09-12 08:00:00,3648.375,3651.356,3639.75,3640.975,3.0595,0.526
2025-09-12 09:00:00,3640.95,3647.17,3637.67,3646.45,2.432,0.545
2025-09-12 10:00:00,3646.515,3652.22,3646.31,3651.24,1.8472,0.54
2025-09-12 11:00:00,3651.27,3652.208,3646.945,3647.095,1.5021,0.527
2025-09-12 12:00:00,3647.115,3649.025,3638.212,3645.505,4.3936,0.56
2025-09-12 13:00:00,3645.685,3652.656,3643.418,3650.585,6.2881,0.542
2025-09-12 14:00:00,3650.7,3654.455,3647.404,3648.146,5.7499,0.525
2025-09-12 15:00:00,3648.172,3648.3,3641.82,3644.54,5.19,0.519
2025-09-12 16:00:00,3644.53,3649.8,3642.685,3649.27,2.3193,0.521
2025-09-12 17:00:00,3649.325,3650.835,3647.698,3648.82,2.4578,0.533
2025-09-12 18:00:00,3648.85,3649.565,3647.123,3648.6,1.328,0.538
2025-09-12 19:00:00,3648.61,3648.64,3643.601,3644.295,1.9153,0.503
2025-09-12 20:00:00,3644.235,3645.415,3641.264,3643.21,2.0674,0.71
2025-09-14 22:00:00,3644.37,3646.482,3639.954,3642.175,1.0716,0.698
2025-09-14 23:00:00,3642.28,3642.346,3636.934,3638.26,0.9924,0.62
2025-09-15 00:00:00,3638.25,3642.76,3632.07,3633.445,2.2199,0.587
2025-09-15 01:00:00,3633.432,3634.948,3626.512,3634.545,3.6697,0.603
2025-09-15 02:00:00,3634.655,3645.638,3634.425,3641.125,4.1324,0.606
2025-09-15 03:00:00,3641.12,3646.505,3640.33,3646.185,1.8035,0.591
2025-09-15 04:00:00,3646.205,3647.02,3643.765,3645.748,1.2746,0.586
2025-09-15 05:00:00,3645.774,3646.395,3642.35,3643.645,1.7262,0.591
2025-09-15 06:00:00,3643.615,3643.93,3636.636,3636.646,2.8589,0.553
2025-09-15 07:00:00,3636.636,3645.18,3633.752,3643.945,3.8414,0.55
2025-09-15 08:00:00,3643.855,3645.865,3640.915,3645.635,1.9656,0.524
2025-09-15 09:00:00,3645.625,3646.13,3635.792,3641.315,2.4191,0.527
2025-09-15 10:00:00,3641.335,3646.583,3639.12,3639.93,2.1693,0.539
2025-09-15 11:00:00,3639.95,3646.89,3639.056,3642.655,2.4897,0.529
2025-09-15 12:00:00,3642.68,3651.062,3636.922,3650.475,3.6402,0.541
2025-09-15 13:00:00,3650.485,3664.4,3646.894,3657.23,7.34,0.507
2025-09-15 14:00:00,3657.2,3663.885,3653.914,3663.57,4.4236,0.55
2025-09-15 15:00:00,3663.67,3681.97,3663.05,3680.495,3.8493,0.535
2025-09-15 16:00:00,3680.52,3685.605,3674.73,3679.27,4.8587,0.547
2025-09-15 17:00:00,3679.29,3682.735,3678.615,3681.855,3.1986,0.522
2025-09-15 18:00:00,3681.835,3682.175,3675.934,3676.96,1.6958,0.511
2025-09-15 19:00:00,3676.985,3682.785,3676.76,3681.005,3.8231,0.482
2025-09-15 20:00:00,3680.983,3682.106,3678.02,3678.54,1.3215,0.553
2025-09-15 22:00:00,3680.495,3681.336,3676.489,3678.836,1.9558,0.625
2025-09-15 23:00:00,3678.72,3680.555,3676.13,3676.912,1.5489,0.674
2025-09-16 00:00:00,3676.902,3686.95,3676.432,3686.485,2.7915,0.599
2025-09-16 01:00:00,3686.52,3689.586,3677.13,3679.475,3.8522,0.594
2025-09-16 02:00:00,3679.445,3682.934,3674.81,3677.8,2.7376,0.597
2025-09-16 03:00:00,3677.575,3683.19,3677.095,3681.09,1.8754,0.558
2025-09-16 04:00:00,3681.22,3685.48,3680.265,3684.38,1.0815,0.578
2025-09-16 05:00:00,3684.32,3684.662,3680.326,3682.775,1.7815,0.59
2025-09-16 06:00:00,3682.785,3694.315,3681.702,3693.544,3.542,0.511
2025-09-16 07:00:00,3693.56,3694.208,3686.385,3686.49,3.1368,0.536
2025-09-16 08:00:00,3686.475,3697.368,3686.17,3694.39,3.0333,0.555
2025-09-16 09:00:00,3694.41,3699.064,3693.06,3698.395,3.0911,0.524
2025-09-16 10:00:00,3698.36,3698.875,3692.816,3693.222,2.2865,0.552
2025-09-16 11:00:00,3693.252,3699.73,3690.495,3697.335,4.1055,0.523
2025-09-16 12:00:00,3697.405,3697.634,3686.502,3689.32,5.637,0.576
2025-09-16 13:00:00,3689.1,3698.608,3685.258,3695.775,8.9897,0.555
2025-09-16 14:00:00,3695.745,3703.116,3685.735,3686.315,12.8368,0.584
2025-09-16 15:00:00,3686.37,3688.952,3678.925,3686.344,8.7128,0.567
2025-09-16 16:00:00,3686.333,3691.308,3684.764,3689.928,5.8469,0.542
2025-09-16 17:00:00,3689.893,3691.1,3686.29,3687.73,3.4846,0.55
2025-09-16 18:00:00,3687.76,3690.955,3686.54,3690.69,1.4441,0.529
2025-09-16 19:00:00,3690.66,3691.224,3687.855,3689.685,3.0144,0.513
2025-09-16 20:00:00,3689.645,3693.905,3689.505,3689.95,0.9606,0.548
2025-09-16 22:00:00,3690.0,3692.866,3689.285,3691.9,0.5621,0.613
2025-09-16 23:00:00,3691.92,3695.36,3691.74,3694.405,1.0291,0.666
2025-09-17 00:00:00,3694.385,3695.49,3691.16,3691.275,1.7528,0.579
2025-09-17 01:00:00,3691.255,3691.984,3676.251,3679.476,7.2095,0.643
2025-09-17 02:00:00,3679.54,3684.0,3674.43,3682.29,4.9609,0.652
2025-09-17 03:00:00,3682.3,3683.585,3679.945,3681.835,1.7039,0.645
2025-09-17 04:00:00,3681.855,3682.655,3680.524,3680.81,0.7201,0.603
2025-09-17 05:00:00,3680.83,3686.0,3675.895,3679.27,2.7654,0.603
2025-09-17 06:00:00,3679.24,3680.125,3670.583,3675.195,2.6973,0.588
2025-09-17 07:00:00,3675.16,3677.584,3666.745,3667.085,6.4545,0.55
2025-09-17 08:00:00,3667.026,3668.055,3662.595,3664.954,2.4044,0.547
2025-09-17 09:00:00,3664.944,3671.123,3664.018,3667.915,3.6381,0.531
2025-09-17 10:00:00,3667.91,3669.84,3660.474,3661.525,3.8569,0.538
2025-09-17 11:00:00,3661.495,3670.075,3660.058,3666.044,3.7666,0.557
2025-09-17 12:00:00,3666.069,3679.47,3665.724,3678.79,3.8466,0.523
2025-09-17 13:00:00,3678.84,3682.62,3672.778,3678.87,6.8322,0.56
2025-09-17 14:00:00,3678.85,3686.155,3676.94,3684.4,5.9346,0.538
2025-09-17 15:00:00,3684.38,3687.275,3682.91,3684.27,3.0332,0.524
2025-09-17 16:00:00,3684.29,3688.596,3684.045,3684.78,1.5398,0.534
2025-09-17 17:00:00,3684.815,3687.725,3678.754,3686.925,3.511,0.557
2025-09-17 18:00:00,3686.96,3707.696,3646.158,3650.414,13.871,1.029
2025-09-17 19:00:00,3650.424,3667.115,3646.275,3661.715,11.9962,0.723
2025-09-17 20:00:00,3661.74,3661.79,3656.305,3660.02,1.4269,0.586
2025-09-17 22:00:00,3659.718,3665.42,3654.154,3663.082,1.4193,0.695
2025-09-17 23:00:00,3663.035,3672.085,3662.218,3669.096,1.5454,0.653
2025-09-18 00:00:00,3669.18,3669.965,3658.11,3665.265,2.6959,0.603
2025-09-18 01:00:00,3665.355,3668.956,3651.85,3657.155,7.6226,0.682
2025-09-18 02:00:00,3657.205,3665.839,3655.47,3664.855,3.0266,0.605
2025-09-18 03:00:00,3664.885,3666.08,3657.96,3658.649,1.5027,0.603
2025-09-18 04:00:00,3658.698,3659.405,3653.442,3653.615,2.0977,0.6
2025-09-18 05:00:00,3653.62,3659.275,3649.486,3651.575,3.8756,0.597
2025-09-18 06:00:00,3651.511,3651.96,3633.915,3637.59,7.4438,0.605
2025-09-18 07:00:00,3637.62,3660.083,3635.595,3659.018,4.9631,0.583
2025-09-18 08:00:00,3659.295,3665.94,3653.795,3665.588,2.8485,0.535
2025-09-18 09:00:00,3665.574,3672.892,3664.684,3671.725,3.0667,0.543
2025-09-18 10:00:00,3671.7,3672.685,3665.534,3667.175,2.2145,0.545
2025-09-18 11:00:00,3667.36,3671.06,3664.471,3667.224,1.9534,0.546
2025-09-18 12:00:00,3667.234,3672.496,3663.015,3663.406,3.6293,0.59
2025-09-18 13:00:00,3663.316,3664.5,3627.834,3642.228,9.5009,0.655
2025-09-18 14:00:00,3642.26,3646.564,3634.38,3638.377,7.3387,0.61
2025-09-18 15:00:00,3638.49,3642.396,3636.844,3641.345,4.1222,0.535
2025-09-18 16:00:00,3641.35,3647.315,3640.92,3646.435,3.0884,0.545
2025-09-18 17:00:00,3646.405,3646.885,3643.375,3643.615,2.1104,0.529
2025-09-18 18:00:00,3643.575,3643.63,3640.595,3641.366,2.5566,0.511
2025-09-18 19:00:00,3641.356,3647.115,3640.635,3646.65,2.8772,0.506
2025-09-18 20:00:00,3646.692,3647.195,3643.917,3644.135,0.6717,0.536
2025-09-18 22:00:00,3644.32,3644.49,3639.5,3640.35,0.7873,0.684
2025-09-18 23:00:00,3640.275,3641.855,3637.89,3640.205,1.0711,0.645
2025-09-19 00:00:00,3640.295,3642.795,3636.162,3640.105,1.8526,0.595
2025-09-19 01:00:00,3640.075,3651.378,3632.356,3639.98,4.5437,0.599
2025-09-19 02:00:00,3640.018,3650.345,3638.935,3647.52,3.6993,0.592
2025-09-19 03:00:00,3647.5,3656.44,3645.355,3653.805,3.5971,0.615
2025-09-19 04:00:00,3653.8,3660.105,3653.79,3658.89,3.094,0.583
2025-09-19 05:00:00,3658.905,3661.31,3651.4,3652.525,4.0717,0.579
2025-09-19 06:00:00,3652.545,3654.245,3643.314,3646.99,3.395,0.57
2025-09-19 07:00:00,3647.04,3657.54,3644.6,3654.04,2.4931,0.55
2025-09-19 08:00:00,3654.02,3656.65,3649.685,3655.78,1.986,0.531
2025-09-19 09:00:00,3655.815,3658.895,3655.328,3658.725,2.0723,0.561
2025-09-19 10:00:00,3658.665,3659.265,3655.19,3655.98,1.2463,0.535
2025-09-19 11:00:00,3655.886,3656.045,3645.765,3648.535,2.1671,0.548
2025-09-19 12:00:00,3648.554,3651.975,3644.545,3649.405,3.7494,0.554
2025-09-19 13:00:00,3649.385,3664.445,3643.795,3663.315,5.9007,0.589
2025-09-19 14:00:00,3663.35,3669.325,3656.445,3667.095,17.1694,0.592
2025-09-19 15:00:00,3667.18,3675.98,3665.391,3670.838,5.1393,0.57
2025-09-19 16:00:00,3670.854,3673.34,3666.6,3668.355,4.7729,0.523
2025-09-19 17:00:00,3668.33,3679.515,3668.16,3678.665,5.2645,0.495
2025-09-19 18:00:00,3678.695,3684.205,3678.141,3683.68,3.0591,0.506
2025-09-19 19:00:00,3683.685,3685.287,3681.422,3684.472,3.9164,0.483
2025-09-19 20:00:00,3684.502,3685.175,3680.965,3685.095,1.6778,0.583
2025-09-21 22:00:00,3687.6,3692.29,3683.71,3688.45,2.4251,0.718
2025-09-21 23:00:00,3688.365,3690.635,3685.836,3686.365,1.4926,0.738
2025-09-22 00:00:00,3686.385,3691.165,3685.685,3690.97,2.1657,0.6
2025-09-22 01:00:00,3691.01,3696.89,3686.77,3689.464,5.602,0.625
2025-09-22 02:00:00,3689.348,3693.445,3685.555,3686.495,3.7021,0.611
2025-09-22 03:00:00,3686.465,3697.605,3686.075,3695.57,3.3571,0.586
2025-09-22 04:00:00,3695.52,3696.035,3690.095,3692.245,2.0588,0.577
2025-09-22 05:00:00,3692.23,3700.38,3692.01,3697.11,2.9088,0.573
2025-09-22 06:00:00,3697.13,3720.0,3695.615,3714.49,4.1789,0.581
2025-09-22 07:00:00,3714.465,3716.555,3708.67,3713.3,2.8899,0.554
2025-09-22 08:00:00,3713.26,3722.64,3712.495,3720.332,2.4793,0.544
2025-09-22 09:00:00,3720.342,3726.79,3719.385,3723.26,2.5202,0.538
2025-09-22 10:00:00,3723.28,3728.44,3721.085,3727.526,2.906,0.551
2025-09-22 11:00:00,3727.545,3728.41,3721.185,3724.72,3.2316,0.53
2025-09-22 12:00:00,3724.77,3725.476,3712.3,3721.65,5.5958,0.571
2025-09-22 13:00:00,3721.69,3725.595,3713.688,3722.38,8.8658,0.616
2025-09-22 14:00:00,3722.4,3726.418,3716.875,3725.934,6.9129,0.566
2025-09-22 15:00:00,3726.07,3736.53,3723.74,3736.278,4.1337,0.546
2025-09-22 16:00:00,3736.264,3739.625,3735.23,3737.105,3.6762,0.543
2025-09-22 17:00:00,3737.181,3747.275,3737.181,3746.645,2.6607,0.536
2025-09-22 18:00:00,3746.665,3748.101,3744.65,3747.667,1.4579,0.528
2025-09-22 19:00:00,3747.656,3748.815,3742.5,3747.73,3.3129,0.523
2025-09-22 20:00:00,3747.672,3748.62,3745.556,3746.395,0.9795,0.548
2025-09-22 22:00:00,3746.656,3747.735,3738.167,3740.1,1.0117,0.626
2025-09-22 23:00:00,3740.09,3749.236,3739.044,3747.851,1.6959,0.648
2025-09-23 00:00:00,3747.836,3750.65,3745.015,3747.25,3.4116,0.578
2025-09-23 01:00:00,3747.235,3759.388,3745.676,3754.675,6.6146,0.62
2025-09-23 02:00:00,3754.64,3755.494,3736.74,3741.885,9.6697,0.616
2025-09-23 03:00:00,3741.875,3747.298,3739.205,3746.72,4.3332,0.584
2025-09-23 04:00:00,3746.71,3747.62,3743.31,3744.878,3.2227,0.556
2025-09-23 05:00:00,3744.815,3758.895,3743.37,3753.24,4.6497,0.565
2025-09-23 06:00:00,3753.23,3757.475,3751.345,3753.94,5.2377,0.52
2025-09-23 07:00:00,3753.836,3757.49,3749.02,3753.435,4.0755,0.536
2025-09-23 08:00:00,3753.4,3775.268,3753.149,3774.41,3.7977,0.556
2025-09-23 09:00:00,3774.44,3791.175,3774.285,3784.905,4.8737,0.554
2025-09-23 10:00:00,3784.93,3787.922,3780.865,3783.03,3.1722,0.54
2025-09-23 11:00:00,3783.054,3788.899,3779.735,3783.65,3.5187,0.549
2025-09-23 12:00:00,3783.67,3785.45,3777.585,3784.365,3.454,0.573
2025-09-23 13:00:00,3784.43,3788.94,3774.165,3783.906,7.2052,0.634
2025-09-23 14:00:00,3783.862,3784.996,3767.73,3774.15,7.8781,0.595
2025-09-23 15:00:00,3774.16,3782.04,3772.925,3779.385,3.9583,0.548
2025-09-23 16:00:00,3779.56,3782.076,3765.09,3779.315,5.5262,0.54
2025-09-23 17:00:00,3779.395,3785.8,3775.885,3777.485,3.6731,0.551
2025-09-23 18:00:00,3777.51,3781.435,3756.388,3756.924,3.1482,0.558
2025-09-23 19:00:00,3756.81,3768.23,3752.08,3764.41,8.0774,0.525
2025-09-23 20:00:00,3764.415,3767.452,3762.63,3763.915,1.7707,0.551
2025-09-23 22:00:00,3765.5,3767.516,3761.682,3765.522,0.723,0.624
2025-09-23 23:00:00,3765.422,3770.172,3761.985,3763.845,1.5399,0.635
2025-09-24 00:00:00,3763.815,3765.575,3759.014,3765.235,2.9496,0.59
2025-09-24 01:00:00,3765.255,3771.888,3755.115,3756.576,5.9901,0.612
2025-09-24 02:00:00,3756.526,3759.412,3750.672,3757.026,3.6781,0.594
2025-09-24 03:00:00,3757.016,3766.675,3752.312,3765.475,4.1487,0.591
2025-09-24 04:00:00,3765.445,3768.425,3763.328,3768.335,1.7913,0.59
2025-09-24 05:00:00,3768.33,3777.085,3768.015,3774.922,3.9527,0.575
2025-09-24 06:00:00,3774.966,3776.175,3769.23,3771.26,2.6403,0.54
2025-09-24 07:00:00,3771.24,3779.25,3770.785,3777.485,2.6385,0.523
2025-09-24 08:00:00,3777.515,3777.875,3767.14,3770.17,2.1967,0.538
2025-09-24 09:00:00,3770.15,3771.815,3763.225,3768.542,2.14,0.544
2025-09-24 10:00:00,3768.511,3768.692,3759.833,3762.225,2.1669,0.531
2025-09-24 11:00:00,3762.255,3769.615,3759.73,3769.165,1.9369,0.528
2025-09-24 12:00:00,3769.145,3771.678,3764.065,3768.13,3.9163,0.531
2025-09-24 13:00:00,3768.12,3772.986,3759.12,3761.135,7.6617,0.529
2025-09-24 14:00:00,3761.28,3765.288,3749.658,3752.84,8.3969,0.533
2025-09-24 15:00:00,3752.975,3756.735,3739.785,3741.26,6.1155,0.529
2025-09-24 16:00:00,3741.23,3745.37,3732.333,3735.89,7.1333,0.53
2025-09-24 17:00:00,3735.86,3738.928,3732.314,3733.28,5.1888,0.503
2025-09-24 18:00:00,3733.265,3734.054,3722.875,3724.365,5.0561,0.528
2025-09-24 19:00:00,3724.345,3731.807,3717.596,3730.112,3.5602,0.54
2025-09-24 20:00:00,3730.116,3737.525,3730.025,3736.07,1.3905,0.536
2025-09-24 22:00:00,3736.725,3745.266,3736.565,3741.124,1.2117,0.617
2025-09-24 23:00:00,3741.13,3745.474,3739.128,3743.095,1.4049,0.646
2025-09-25 00:00:00,3743.055,3751.575,3741.534,3749.036,4.0684,0.582
2025-09-25 01:00:00,3749.016,3750.592,3733.005,3736.168,4.615,0.608
2025-09-25 02:00:00,3736.134,3742.45,3729.645,3739.675,4.1652,0.598
2025-09-25 03:00:00,3739.655,3739.8,3734.41,3736.664,3.0663,0.573
2025-09-25 04:00:00,3736.705,3740.815,3731.856,3738.17,2.3933,0.572
2025-09-25 05:00:00,3738.24,3741.45,3734.205,3738.641,2.3098,0.581
2025-09-25 06:00:00,3738.696,3748.375,3737.635,3741.015,3.3147,0.559
2025-09-25 07:00:00,3741.05,3755.025,3740.115,3752.378,4.3977,0.528
2025-09-25 08:00:00,3752.364,3761.714,3751.228,3756.53,4.9363,0.549
2025-09-25 09:00:00,3756.575,3761.23,3750.468,3757.105,3.326,0.548
2025-09-25 10:00:00,3757.135,3760.94,3755.615,3757.195,2.4026,0.539
2025-09-25 11:00:00,3757.185,3757.632,3741.224,3753.12,4.2515,0.535
2025-09-25 12:00:00,3753.145,3755.96,3730.715,3738.845,6.8551,0.588
2025-09-25 13:00:00,3738.865,3745.62,3722.199,3733.716,9.3984,0.577
2025-09-25 14:00:00,3733.73,3736.66,3723.761,3731.71,7.404,0.554
2025-09-25 15:00:00,3731.748,3738.78,3728.15,3736.09,4.4675,0.55
2025-09-25 16:00:00,3736.075,3742.8,3732.696,3733.785,4.0517,0.537
2025-09-25 17:00:00,3733.755,3744.198,3732.44,3741.82,3.6684,0.533
2025-09-25 18:00:00,3741.845,3758.31,3736.725,3755.245,4.0187,0.539
2025-09-25 19:00:00,3755.25,3756.785,3744.79,3746.695,4.2322,0.521
2025-09-25 20:00:00,3746.705,3752.54,3746.18,3749.275,1.4596,0.58
2025-09-25 22:00:00,3750.232,3751.645,3746.405,3748.85,0.9985,0.605
2025-09-25 23:00:00,3748.864,3749.98,3738.085,3744.795,2.077,0.672
2025-09-26 00:00:00,3744.765,3749.699,3740.205,3749.668,3.2497,0.597
2025-09-26 01:00:00,3749.699,3753.315,3737.859,3739.184,5.93,0.614
2025-09-26 02:00:00,3739.204,3742.905,3737.7,3738.495,3.122,0.585
2025-09-26 03:00:00,3738.53,3746.11,3734.525,3745.645,2.8848,0.595
2025-09-26 04:00:00,3745.675,3747.83,3744.72,3747.795,2.2414,0.574
2025-09-26 05:00:00,3747.733,3749.665,3741.772,3741.985,2.3061,0.578
2025-09-26 06:00:00,3741.992,3754.125,3741.45,3743.605,4.1545,0.555
2025-09-26 07:00:00,3743.623,3749.635,3739.275,3748.11,2.7459,0.511
2025-09-26 08:00:00,3748.14,3755.245,3747.205,3753.0,2.4422,0.523
2025-09-26 09:00:00,3752.97,3754.495,3747.272,3751.605,2.1191,0.527
2025-09-26 10:00:00,3751.575,3755.125,3743.01,3744.627,2.2983,0.525
2025-09-26 11:00:00,3744.702,3752.955,3744.465,3748.748,2.4348,0.538
2025-09-26 12:00:00,3748.758,3757.475,3746.615,3752.07,4.1553,0.55
2025-09-26 13:00:00,3752.085,3766.31,3751.175,3761.956,8.8569,0.546
2025-09-26 14:00:00,3761.851,3783.875,3761.515,3778.88,9.0675,0.523
2025-09-26 15:00:00,3778.875,3781.09,3773.05,3780.498,5.2845,0.533
2025-09-26 16:00:00,3780.494,3781.315,3771.485,3774.27,4.7874,0.517
2025-09-26 17:00:00,3774.37,3783.15,3774.095,3782.975,3.0828,0.524
2025-09-26 18:00:00,3783.01,3783.29,3774.74,3778.596,3.0744,0.513
2025-09-26 19:00:00,3778.582,3778.665,3764.635,3766.805,3.9139,0.511
2025-09-26 20:00:00,3766.76,3769.66,3759.6,3760.315,2.2265,0.671
2025-09-28 22:00:00,3757.01,3771.295,3756.802,3770.425,1.662,0.731
2025-09-28 23:00:00,3770.375,3772.585,3766.45,3766.926,1.2456,0.656
2025-09-29 00:00:00,3766.912,3787.6,3763.965,3787.13,3.0262,0.596
2025-09-29 01:00:00,3787.185,3788.756,3767.888,3778.745,6.2983,0.632
2025-09-29 02:00:00,3778.715,3798.755,3777.754,3792.838,4.2015,0.595
2025-09-29 03:00:00,3792.848,3799.535,3792.236,3794.445,3.0053,0.591
2025-09-29 04:00:00,3794.425,3809.135,3792.574,3805.085,2.7646,0.609
2025-09-29 05:00:00,3805.065,3814.605,3801.2,3813.645,3.646,0.616
2025-09-29 06:00:00,3813.64,3819.904,3810.97,3817.44,4.6621,0.59
2025-09-29 07:00:00,3817.47,3819.542,3804.996,3806.306,3.6435,0.539
2025-09-29 08:00:00,3806.326,3819.6,3806.326,3818.79,3.0053,0.549
2025-09-29 09:00:00,3818.805,3819.804,3806.96,3807.555,2.2916,0.552
2025-09-29 10:00:00,3807.535,3818.64,3806.535,3818.004,2.5703,0.556
2025-09-29 11:00:00,3818.07,3831.455,3816.585,3828.965,3.7981,0.54
2025-09-29 12:00:00,3828.975,3830.54,3811.72,3813.775,5.9658,0.532
2025-09-29 13:00:00,3813.805,3828.185,3809.368,3821.435,7.8663,0.536
2025-09-29 14:00:00,3821.305,3830.62,3816.572,3828.29,8.344,0.528
2025-09-29 15:00:00,3828.325,3833.305,3820.896,3830.475,6.7113,0.515
2025-09-29 16:00:00,3830.485,3833.565,3828.186,3830.38,4.9643,0.518
2025-09-29 17:00:00,3830.39,3832.93,3824.12,3828.905,5.1136,0.522
2025-09-29 18:00:00,3828.925,3830.73,3823.38,3824.525,2.7735,0.546
2025-09-29 19:00:00,3824.515,3829.86,3822.638,3828.85,5.0427,0.453
2025-09-29 20:00:00,3828.79,3834.275,3827.775,3833.63,2.1402,0.49
2025-09-29 22:00:00,3833.825,3833.975,3825.74,3830.84,1.0568,0.634
2025-09-29 23:00:00,3830.637,3833.48,3828.155,3832.94,0.956,0.642
2025-09-30 00:00:00,3832.97,3840.83,3831.116,3839.095,3.475,0.584
2025-09-30 01:00:00,3839.05,3850.989,3838.095,3848.228,4.8517,0.608
2025-09-30 02:00:00,3848.215,3852.118,3842.64,3848.124,4.9482,0.584
2025-09-30 03:00:00,3848.285,3867.308,3845.96,3864.775,4.8578,0.568
2025-09-30 04:00:00,3864.83,3867.15,3862.08,3867.115,3.6334,0.589
2025-09-30 05:00:00,3867.1,3870.478,3862.605,3869.825,3.8484,0.602
2025-09-30 06:00:00,3869.82,3871.854,3854.83,3855.716,3.9823,0.572
2025-09-30 07:00:00,3855.806,3859.482,3839.574,3843.948,7.5119,0.571
2025-09-30 08:00:00,3843.964,3847.318,3807.692,3816.385,7.5087,0.608
2025-09-30 09:00:00,3816.315,3821.598,3793.195,3798.833,6.847,0.607
2025-09-30 10:00:00,3798.835,3814.714,3798.248,3812.178,4.5514,0.629
2025-09-30 11:00:00,3812.164,3817.83,3804.478,3815.348,3.5139,0.542
2025-09-30 12:00:00,3815.36,3821.78,3809.005,3819.399,4.5965,0.577
2025-09-30 13:00:00,3819.394,3829.93,3811.775,3823.832,6.1676,0.561
2025-09-30 14:00:00,3823.332,3854.684,3820.4,3854.07,7.8153,0.567
2025-09-30 15:00:00,3854.08,3854.172,3831.319,3839.045,7.7544,0.557
2025-09-30 16:00:00,3838.895,3847.99,3837.902,3846.01,4.1993,0.538
2025-09-30 17:00:00,3846.055,3849.4,3842.805,3844.08,2.5861,0.529
2025-09-30 18:00:00,3844.115,3849.042,3839.766,3847.966,3.1912,0.548
2025-09-30 19:00:00,3847.932,3860.8,3847.185,3859.062,9.4604,0.525
2025-09-30 20:00:00,3859.122,3860.146,3850.72,3858.595,1.9104,0.571
2025-09-30 22:00:00,3859.496,3861.48,3854.739,3860.09,1.5895,0.685
2025-09-30 23:00:00,3860.315,3863.178,3860.17,3862.995,1.0324,0.631
2025-10-01 00:00:00,3863.0,3865.415,3858.73,3860.55,2.1371,0.586
2025-10-01 01:00:00,3860.556,3869.09,3859.215,3869.075,2.3554,0.598
2025-10-01 02:00:00,3869.095,3875.61,3858.358,3863.534,4.5697,0.61
2025-10-01 03:00:00,3863.395,3866.595,3855.68,3862.164,4.0075,0.606
2025-10-01 04:00:00,3862.19,3865.135,3857.615,3865.008,2.4569,0.61
2025-10-01 05:00:00,3865.028,3869.97,3862.245,3863.598,2.6427,0.598
2025-10-01 06:00:00,3863.604,3864.926,3853.375,3859.315,2.975,0.553
2025-10-01 07:00:00,3859.468,3879.826,3859.095,3879.315,3.7629,0.587
2025-10-01 08:00:00,3879.355,3895.46,3879.155,3892.986,3.9434,0.59
2025-10-01 09:00:00,3892.99,3895.165,3883.736,3888.982,3.0083,0.559
2025-10-01 10:00:00,3888.992,3889.655,3885.225,3887.734,2.4434,0.557
2025-10-01 11:00:00,3887.728,3888.575,3878.112,3883.7,2.8642,0.562
2025-10-01 12:00:00,3883.77,3891.206,3864.65,3870.54,5.9913,0.584
2025-10-01 13:00:00,3870.565,3877.127,3863.74,3873.06,6.2596,0.569
2025-10-01 14:00:00,3872.99,3878.864,3856.534,3873.075,7.1121,0.577
2025-10-01 15:00:00,3873.015,3876.761,3858.13,3868.595,6.8025,0.566
2025-10-01 16:00:00,3868.585,3871.6,3860.722,3870.895,4.4708,0.527
2025-10-01 17:00:00,3870.91,3871.925,3860.67,3860.845,4.1109,0.504
2025-10-01 18:00:00,3860.855,3866.345,3855.118,3862.225,4.2557,0.534
2025-10-01 19:00:00,3862.275,3871.02,3861.498,3867.782,2.7908,0.541
2025-10-01 20:00:00,3867.772,3867.86,3860.408,3865.93,1.7481,0.561
2025-10-01 22:00:00,3866.695,3870.69,3858.845,3862.239,1.5928,0.907
2025-10-01 23:00:00,3861.944,3866.615,3857.695,3863.485,1.9881,0.713
2025-10-02 00:00:00,3863.515,3863.715,3856.055,3856.12,2.3806,0.625
2025-10-02 01:00:00,3856.087,3865.244,3852.904,3865.12,2.9957,0.622
2025-10-02 02:00:00,3865.13,3870.141,3861.62,3866.2,2.5908,0.724
2025-10-02 03:00:00,3866.18,3869.56,3864.03,3866.624,1.7266,0.773
2025-10-02 04:00:00,3866.634,3867.662,3861.908,3864.373,1.4802,0.706
2025-10-02 05:00:00,3864.388,3871.3,3864.388,3867.975,1.9454,0.725
2025-10-02 06:00:00,3868.0,3874.359,3862.056,3864.232,3.1334,0.726
2025-10-02 07:00:00,3864.21,3874.91,3861.812,3868.572,4.5048,0.562
2025-10-02 08:00:00,3868.551,3878.815,3864.765,3874.65,3.3703,0.557
2025-10-02 09:00:00,3874.605,3879.93,3873.455,3879.215,2.8713,0.599
2025-10-02 10:00:00,3879.245,3883.938,3875.845,3881.78,2.608,0.591
2025-10-02 11:00:00,3881.755,3886.746,3879.766,3886.356,2.2619,0.616
2025-10-02 12:00:00,3886.366,3892.205,3880.127,3884.548,4.1967,0.632
2025-10-02 13:00:00,3884.525,3897.455,3873.68,3875.324,7.3075,0.619
2025-10-02 14:00:00,3875.38,3876.825,3825.394,3840.025,11.5771,0.616
2025-10-02 15:00:00,3839.955,3844.964,3819.415,3828.335,8.2778,0.646
2025-10-02 16:00:00,3828.236,3845.345,3827.294,3844.955,6.5297,0.631
2025-10-02 17:00:00,3844.855,3847.77,3840.69,3844.325,3.5087,0.633
2025-10-02 18:00:00,3844.345,3851.552,3843.545,3850.865,2.5187,0.617
2025-10-02 19:00:00,3850.9,3859.19,3850.585,3855.61,4.6239,0.581
2025-10-02 20:00:00,3855.63,3859.412,3853.625,3856.405,1.6564,0.609
2025-10-02 22:00:00,3856.335,3858.845,3852.12,3857.168,0.7529,0.659
2025-10-02 23:00:00,3857.18,3863.775,3856.975,3862.465,1.108,0.683
2025-10-03 00:00:00,3862.425,3862.835,3856.43,3856.912,1.9704,0.633
2025-10-03 01:00:00,3856.882,3862.705,3847.495,3858.515,3.2525,0.634
2025-10-03 02:00:00,3858.462,3859.09,3847.665,3848.167,2.0211,0.618
2025-10-03 03:00:00,3848.077,3851.085,3838.105,3842.88,2.6125,0.637
2025-10-03 04:00:00,3842.86,3848.375,3841.725,3844.105,1.4869,0.654
2025-10-03 05:00:00,3844.162,3859.285,3844.045,3855.205,2.3502,0.629
2025-10-03 06:00:00,3855.225,3861.025,3851.04,3859.245,1.7892,0.637
2025-10-03 07:00:00,3859.275,3865.373,3857.0,3864.39,1.8606,0.546
2025-10-03 08:00:00,3864.37,3865.788,3860.186,3864.906,2.7371,0.633
2025-10-03 09:00:00,3864.885,3865.034,3857.05,3864.395,3.1839,0.559
2025-10-03 10:00:00,3864.42,3867.78,3862.12,3865.878,3.0377,0.539
2025-10-03 11:00:00,3865.9,3867.225,3854.805,3862.15,2.8179,0.543
2025-10-03 12:00:00,3862.175,3875.088,3860.62,3873.936,3.9002,0.537
2025-10-03 13:00:00,3873.94,3890.775,3870.19,3882.538,7.6187,0.566
2025-10-03 14:00:00,3882.858,3886.315,3866.358,3879.775,8.9527,0.601
2025-10-03 15:00:00,3879.825,3891.758,3873.92,3889.58,6.0079,0.605
2025-10-03 16:00:00,3889.585,3889.855,3880.667,3883.641,6.0468,0.543
2025-10-03 17:00:00,3883.725,3886.098,3877.184,3881.935,4.7572,0.612
2025-10-03 18:00:00,3881.965,3889.295,3880.105,3886.105,4.3087,0.602
2025-10-03 19:00:00,3886.125,3889.285,3883.585,3885.815,4.6328,0.56
2025-10-03 20:00:00,3885.79,3887.38,3882.952,3887.325,1.6921,0.625
2025-10-05 22:00:00,3888.905,3903.882,3884.1,3899.755,3.1711,0.966
2025-10-05 23:00:00,3899.802,3920.968,3898.163,3909.654,4.9333,0.819
2025-10-06 00:00:00,3909.688,3910.14,3898.971,3900.442,4.3741,0.614
2025-10-06 01:00:00,3900.59,3918.425,3899.795,3918.175,4.2187,0.614
2025-10-06 02:00:00,3918.21,3924.865,3917.755,3921.085,3.149,0.616
2025-10-06 03:00:00,3921.035,3932.095,3920.025,3929.68,2.8591,0.644
2025-10-06 04:00:00,3929.665,3940.54,3928.884,3938.825,3.1417,0.629
2025-10-06 05:00:00,3938.805,3945.275,3927.385,3932.575,3.6354,0.638
2025-10-06 06:00:00,3932.525,3934.985,3922.555,3934.47,4.9381,0.599
2025-10-06 07:00:00,3934.45,3944.058,3929.325,3941.645,5.6286,0.587
2025-10-06 08:00:00,3941.704,3949.625,3935.425,3942.535,4.6163,0.622
2025-10-06 09:00:00,3942.555,3945.025,3936.655,3942.46,3.2344,0.598
2025-10-06 10:00:00,3942.475,3946.744,3932.715,3942.252,3.4311,0.601
2025-10-06 11:00:00,3942.236,3942.812,3931.135,3938.29,4.0182,0.578
2025-10-06 12:00:00,3938.265,3941.415,3926.685,3934.245,5.9542,0.553
2025-10-06 13:00:00,3934.33,3947.195,3927.34,3944.785,6.6823,0.567
2025-10-06 14:00:00,3944.8,3958.938,3940.394,3955.045,7.1844,0.547
2025-10-06 15:00:00,3955.005,3964.2,3948.176,3962.54,5.2904,0.536
2025-10-06 16:00:00,3962.55,3970.195,3945.996,3954.09,5.1993,0.562
2025-10-06 17:00:00,3954.27,3959.02,3951.167,3958.035,3.3307,0.541
2025-10-06 18:00:00,3958.083,3960.58,3955.93,3958.51,2.5477,0.543
2025-10-06 19:00:00,3958.455,3965.123,3958.36,3959.505,4.0852,0.508
2025-10-06 20:00:00,3959.485,3962.49,3957.36,3959.76,1.3542,0.58
2025-10-06 22:00:00,3959.625,3976.26,3958.592,3963.5,3.764,0.742
2025-10-06 23:00:00,3963.495,3972.774,3961.75,3969.616,3.2729,0.694
2025-10-07 00:00:00,3969.62,3977.42,3961.502,3962.862,4.1963,0.651
2025-10-07 01:00:00,3962.806,3963.9,3955.894,3958.09,4.3287,0.713
2025-10-07 02:00:00,3958.087,3967.078,3957.422,3964.89,2.2115,0.636
2025-10-07 03:00:00,3964.87,3974.75,3960.945,3973.524,2.8176,0.616
2025-10-07 04:00:00,3973.508,3977.045,3971.585,3976.055,1.842,0.569
2025-10-07 05:00:00,3975.968,3976.995,3960.156,3964.775,3.3419,0.605
2025-10-07 06:00:00,3964.77,3966.448,3953.851,3955.07,3.519,0.566
2025-10-07 07:00:00,3955.05,3956.288,3943.417,3946.02,8.8044,0.554
2025-10-07 08:00:00,3945.91,3954.055,3940.964,3951.33,4.1409,0.586
2025-10-07 09:00:00,3951.285,3963.625,3951.11,3955.264,3.4387,0.589
2025-10-07 10:00:00,3955.26,3962.85,3954.188,3960.175,2.7021,0.563
2025-10-07 11:00:00,3960.238,3969.27,3956.465,3967.08,2.6871,0.553
2025-10-07 12:00:00,3967.085,3980.13,3964.508,3979.54,5.6492,0.577
2025-10-07 13:00:00,3979.56,3985.685,3970.515,3979.39,7.3028,0.559
2025-10-07 14:00:00,3979.33,3986.725,3969.16,3985.7,8.0166,0.564
2025-10-07 15:00:00,3985.79,3991.115,3961.86,3966.192,9.0156,0.561
2025-10-07 16:00:00,3966.176,3979.605,3963.125,3976.755,8.115,0.565
2025-10-07 17:00:00,3976.785,3987.77,3976.495,3980.851,5.1489,0.557
2025-10-07 18:00:00,3980.89,3983.95,3974.17,3981.11,6.1063,0.563
2025-10-07 19:00:00,3981.025,3983.425,3978.546,3980.185,5.355,0.547
2025-10-07 20:00:00,3980.18,3986.675,3980.18,3985.665,1.8785,0.602
2025-10-07 22:00:00,3985.006,3990.656,3983.266,3989.616,1.9623,0.621
2025-10-07 23:00:00,3989.62,3995.984,3988.43,3994.435,2.8982,0.631
2025-10-08 00:00:00,3994.356,3999.366,3989.52,3992.422,3.7602,0.607
2025-10-08 01:00:00,3992.417,4000.82,3984.41,4000.66,4.2559,0.63
2025-10-08 02:00:00,4000.745,4011.874,3995.69,4011.768,3.5827,0.625
2025-10-08 03:00:00,4011.758,4016.674,4008.966,4014.772,2.6864,0.631
2025-10-08 04:00:00,4014.922,4027.32,4014.667,4026.885,3.0069,0.62
2025-10-08 05:00:00,4026.838,4037.095,4024.698,4029.195,3.4415,0.61
2025-10-08 06:00:00,4029.205,4033.255,4021.362,4031.715,4.2509,0.572
2025-10-08 07:00:00,4031.69,4039.2,4030.265,4034.33,4.3166,0.557
2025-10-08 08:00:00,4034.25,4040.578,4033.21,4036.434,3.3294,0.548
2025-10-08 09:00:00,4036.454,4049.672,4030.815,4049.38,3.3287,0.561
2025-10-08 10:00:00,4049.355,4049.667,4033.5,4037.205,3.8333,0.555
2025-10-08 11:00:00,4037.3,4038.308,4032.12,4038.15,3.3001,0.558
2025-10-08 12:00:00,4038.128,4046.5,4031.095,4040.188,5.0518,0.553
2025-10-08 13:00:00,4040.178,4049.675,4026.355,4038.132,7.3801,0.567
2025-10-08 14:00:00,4038.052,4049.22,4035.72,4048.21,6.8123,0.555
2025-10-08 15:00:00,4048.2,4050.625,4037.275,4045.735,6.1856,0.57
2025-10-08 16:00:00,4045.725,4059.322,4044.405,4056.734,4.8835,0.571
2025-10-08 17:00:00,4056.785,4058.184,4043.029,4051.325,4.1652,0.598
2025-10-08 18:00:00,4051.41,4053.25,4038.604,4050.05,4.348,0.593
2025-10-08 19:00:00,4050.09,4054.622,4032.184,4044.89,9.2287,0.549
2025-10-08 20:00:00,4044.87,4046.715,4038.682,4041.395,2.2639,0.618
2025-10-08 22:00:00,4043.3,4044.883,4015.425,4021.39,2.4537,0.805
2025-10-08 23:00:00,4021.48,4022.065,4001.33,4011.79,4.9299,0.675
2025-10-09 00:00:00,4011.772,4028.16,4008.612,4023.054,4.4759,0.636
2025-10-09 01:00:00,4023.088,4036.488,4008.155,4019.68,7.021,0.678
2025-10-09 02:00:00,4019.652,4021.47,4002.708,4018.68,5.3056,0.623
2025-10-09 03:00:00,4018.66,4029.738,4017.15,4026.905,3.3475,0.621
2025-10-09 04:00:00,4026.94,4041.16,4026.94,4039.03,2.1416,0.613
2025-10-09 05:00:00,4038.855,4043.705,4034.422,4039.795,3.5389,0.63
2025-10-09 06:00:00,4039.805,4040.99,4022.665,4025.966,5.1952,0.577
2025-10-09 07:00:00,4025.985,4032.872,4024.79,4031.649,3.8712,0.553
2025-10-09 08:00:00,4031.628,4040.515,4030.392,4038.302,3.0285,0.552
2025-10-09 09:00:00,4038.312,4042.244,4034.17,4037.634,2.8954,0.554
2025-10-09 10:00:00,4037.7,4044.29,4036.414,4044.26,1.8489,0.569
2025-10-09 11:00:00,4044.28,4046.74,4033.604,4044.52,3.1484,0.578
2025-10-09 12:00:00,4044.49,4053.775,4037.488,4053.49,5.1591,0.595
2025-10-09 13:00:00,4053.515,4058.065,4017.163,4017.348,12.8354,0.706
2025-10-09 14:00:00,4017.295,4029.295,4004.143,4024.175,15.4801,0.792
2025-10-09 15:00:00,4023.856,4028.874,4006.588,4014.67,12.4168,0.597
2025-10-09 16:00:00,4014.56,4021.792,3963.944,3969.138,10.8626,0.618
2025-10-09 17:00:00,3969.06,3974.58,3944.42,3950.36,12.6737,0.754
2025-10-09 18:00:00,3950.098,3968.894,3949.6,3957.524,5.8088,0.607
2025-10-09 19:00:00,3957.548,3982.134,3955.284,3973.17,5.6247,0.581
2025-10-09 20:00:00,3973.265,3979.074,3973.02,3977.078,1.9232,0.575
2025-10-09 22:00:00,3975.495,3981.646,3958.678,3975.396,2.1879,0.99
2025-10-09 23:00:00,3975.412,3991.18,3974.525,3989.842,2.1194,0.727
2025-10-10 00:00:00,3989.757,3994.465,3985.532,3991.298,3.6362,0.647
2025-10-10 01:00:00,3991.284,3992.5,3969.992,3973.18,5.5774,0.726
2025-10-10 02:00:00,3973.14,3986.89,3973.14,3978.69,3.3575,0.682
2025-10-10 03:00:00,3978.675,3979.42,3960.832,3961.882,4.7209,0.765
2025-10-10 04:00:00,3961.872,3966.88,3947.104,3966.305,4.2169,0.763
2025-10-10 05:00:00,3966.275,3978.023,3965.8,3974.822,6.027,0.783
2025-10-10 06:00:00,3974.89,3976.065,3962.695,3968.42,4.6827,0.685
2025-10-10 07:00:00,3968.425,3976.395,3952.68,3972.045,5.6466,0.684
2025-10-10 08:00:00,3972.065,3994.9,3970.275,3992.092,6.5109,0.755
2025-10-10 09:00:00,3992.096,4006.72,3990.435,3995.73,5.2875,0.659
2025-10-10 10:00:00,3995.625,4000.224,3990.876,3993.92,3.5475,0.608
2025-10-10 11:00:00,3993.95,3999.91,3983.22,3987.14,4.2479,0.637
2025-10-10 12:00:00,3987.12,3993.53,3980.18,3985.79,5.0355,0.614
2025-10-10 13:00:00,3985.725,3998.15,3975.565,3980.894,7.7501,0.62
2025-10-10 14:00:00,3980.854,3994.282,3970.764,3990.168,7.5144,0.635
2025-10-10 15:00:00,3990.199,4023.002,3988.21,3997.885,11.7687,0.768
2025-10-10 16:00:00,3997.96,3998.752,3977.335,3983.49,8.7166,0.731
2025-10-10 17:00:00,3983.545,3992.076,3975.27,3989.975,6.1406,0.629
2025-10-10 18:00:00,3990.069,4009.19,3984.345,3999.07,5.3202,0.654
2025-10-10 19:00:00,3999.09,4021.385,3995.985,4011.16,8.1973,0.546
2025-10-10 20:00:00,4011.26,4021.06,4005.73,4018.71,5.0,0.604
2025-10-12 22:00:00,4001.485,4045.649,4001.418,4042.45,4.2636,1.408
2025-10-12 23:00:00,4042.515,4060.26,4032.215,4035.17,5.1331,1.155
2025-10-13 00:00:00,4035.205,4059.864,4024.63,4043.915,6.8332,0.822
2025-10-13 01:00:00,4043.865,4055.085,4035.845,4053.205,6.2503,0.833
2025-10-13 02:00:00,4053.03,4056.02,4041.688,4048.325,4.3318,0.921
2025-10-13 03:00:00,4048.295,4056.524,4046.43,4052.115,3.6496,0.82
2025-10-13 04:00:00,4052.065,4059.395,4051.11,4056.305,2.4465,0.874
2025-10-13 05:00:00,4056.325,4078.242,4054.782,4063.8,5.8056,0.871
2025-10-13 06:00:00,4063.845,4073.649,4059.722,4069.51,6.4642,0.864
2025-10-13 07:00:00,4069.302,4077.6,4066.61,4071.154,5.4258,0.867
2025-10-13 08:00:00,4070.97,4079.294,4069.035,4077.875,3.662,0.71
2025-10-13 09:00:00,4077.845,4079.895,4070.285,4077.385,2.445,0.676
2025-10-13 10:00:00,4077.391,4085.355,4071.19,4081.05,2.7891,0.62
2025-10-13 11:00:00,4081.01,4084.844,4073.725,4074.02,3.4273,0.582
2025-10-13 12:00:00,4074.055,4086.163,4073.235,4079.73,4.4573,0.565
2025-10-13 13:00:00,4079.76,4095.627,4078.294,4094.188,6.4525,0.568
2025-10-13 14:00:00,4094.194,4103.875,4090.75,4097.38,5.1962,0.568
2025-10-13 15:00:00,4097.39,4107.502,4091.726,4104.97,4.4121,0.575
2025-10-13 16:00:00,4105.03,4117.435,4103.842,4105.71,4.7842,0.567
2025-10-13 17:00:00,4105.73,4115.494,4100.205,4103.806,5.4565,0.551
2025-10-13 18:00:00,4103.765,4107.54,4099.42,4101.915,4.8884,0.554
2025-10-13 19:00:00,4101.91,4110.95,4090.784,4108.645,4.7609,0.561
2025-10-13 20:00:00,4108.7,4112.801,4106.08,4110.195,1.2182,0.606
2025-10-13 22:00:00,4111.21,4115.9,4106.68,4115.05,1.585,0.747
2025-10-13 23:00:00,4114.905,4132.092,4112.96,4128.062,3.5542,0.746
2025-10-14 00:00:00,4128.122,4130.449,4119.484,4124.554,4.9078,0.721
2025-10-14 01:00:00,4124.504,4149.994,4123.199,4137.135,7.5697,0.769
2025-10-14 02:00:00,4137.105,4149.924,4136.895,4145.985,4.6634,0.716
2025-10-14 03:00:00,4146.025,4166.53,4145.2,4163.31,4.7807,0.764
2025-10-14 04:00:00,4163.325,4170.005,4155.845,4168.2,3.9924,0.733
2025-10-14 05:00:00,4168.175,4179.96,4111.024,4121.273,10.5625,1.006
2025-10-14 06:00:00,4121.313,4133.874,4090.378,4112.228,12.5972,0.884
2025-10-14 07:00:00,4111.676,4127.923,4102.708,4126.464,9.2118,0.764
2025-10-14 08:00:00,4126.453,4145.275,4124.719,4143.982,7.5189,0.707
2025-10-14 09:00:00,4143.975,4144.312,4121.776,4127.467,6.728,0.757
2025-10-14 10:00:00,4127.485,4144.461,4124.82,4131.652,5.9251,0.758
2025-10-14 11:00:00,4131.656,4137.844,4125.924,4130.46,3.8996,0.612
2025-10-14 12:00:00,4130.48,4134.6,4103.482,4106.596,8.074,0.588
2025-10-14 13:00:00,4106.667,4129.535,4097.872,4124.055,10.0262,0.651
2025-10-14 14:00:00,4124.095,4137.763,4121.255,4129.239,7.6421,0.63
2025-10-14 15:00:00,4129.308,4142.631,4126.254,4138.015,6.1693,0.645
2025-10-14 16:00:00,4138.03,4155.455,4127.89,4140.444,6.6008,0.649
2025-10-14 17:00:00,4140.449,4152.986,4137.355,4148.165,5.1783,0.657
2025-10-14 18:00:00,4148.315,4152.708,4143.17,4148.275,6.5875,0.576
2025-10-14 19:00:00,4148.26,4150.686,4134.548,4141.625,8.2741,0.565
2025-10-14 20:00:00,4141.71,4146.084,4139.36,4142.13,2.8389,0.625
2025-10-14 22:00:00,4142.94,4163.752,4140.634,4158.55,2.35,0.83
2025-10-14 23:00:00,4158.706,4167.3,4157.214,4161.665,1.9147,0.731
2025-10-15 00:00:00,4161.645,4169.795,4153.805,4162.55,3.8674,0.7
2025-10-15 01:00:00,4162.525,4186.9,4162.085,4181.78,5.8325,0.708
2025-10-15 02:00:00,4181.895,4184.725,4167.076,4176.635,4.3903,0.741
2025-10-15 03:00:00,4176.67,4190.935,4176.29,4187.158,3.8436,0.761
2025-10-15 04:00:00,4187.233,4187.675,4173.286,4179.76,2.4868,0.778
2025-10-15 05:00:00,4179.743,4193.631,4176.699,4185.902,4.2296,0.678
2025-10-15 06:00:00,4185.792,4200.434,4184.172,4199.53,3.5279,0.586
2025-10-15 07:00:00,4199.405,4209.948,4194.465,4207.848,3.5242,0.569
2025-10-15 08:00:00,4207.874,4218.364,4207.264,4208.19,3.7635,0.646
2025-10-15 09:00:00,4208.205,4212.205,4164.147,4192.51,6.3629,0.708
2025-10-15 10:00:00,4192.457,4206.387,4190.437,4202.838,3.9249,0.673
2025-10-15 11:00:00,4202.789,4204.299,4193.645,4198.8,3.6611,0.643
2025-10-15 12:00:00,4198.816,4202.805,4176.237,4190.765,6.5565,0.685
2025-10-15 13:00:00,4190.755,4198.905,4182.99,4192.196,9.6544,0.658
2025-10-15 14:00:00,4192.186,4212.518,4191.668,4200.13,9.2533,0.723
2025-10-15 15:00:00,4200.14,4203.154,4179.67,4190.652,11.1714,0.723
2025-10-15 16:00:00,4190.646,4200.094,4186.395,4199.15,9.5896,0.745
2025-10-15 17:00:00,4199.154,4199.846,4182.648,4198.006,9.6509,0.776
2025-10-15 18:00:00,4197.956,4204.762,4195.182,4200.863,6.2721,0.649
2025-10-15 19:00:00,4200.842,4213.58,4200.61,4210.435,6.8703,0.605
2025-10-15 20:00:00,4210.476,4212.906,4206.112,4207.525,2.4932,0.787
2025-10-15 22:00:00,4209.145,4215.955,4199.693,4213.35,3.2191,0.811
2025-10-15 23:00:00,4213.18,4216.085,4206.28,4209.51,2.8608,0.976
2025-10-16 00:00:00,4209.58,4227.325,4204.962,4210.545,4.6304,0.709
2025-10-16 01:00:00,4210.515,4233.165,4210.515,4230.342,5.5883,0.769
2025-10-16 02:00:00,4230.346,4239.668,4226.054,4239.648,3.8506,0.736
2025-10-16 03:00:00,4239.558,4242.215,4229.176,4233.895,5.0357,0.696
2025-10-16 04:00:00,4233.655,4239.605,4228.16,4233.585,2.9844,0.657
2025-10-16 05:00:00,4233.59,4234.91,4203.545,4204.91,6.5129,0.692
2025-10-16 06:00:00,4204.71,4227.415,4203.61,4222.86,5.4846,0.604
2025-10-16 07:00:00,4222.58,4234.168,4222.356,4230.718,3.8468,0.581
2025-10-16 08:00:00,4230.734,4236.08,4228.645,4233.045,2.9999,0.634
2025-10-16 09:00:00,4233.11,4242.065,4222.005,4239.505,3.5591,0.648
2025-10-16 10:00:00,4239.475,4246.205,4234.185,4242.805,3.3246,0.64
2025-10-16 11:00:00,4242.74,4247.68,4239.565,4240.59,4.0223,0.606
2025-10-16 12:00:00,4240.6,4251.115,4227.803,4236.11,5.9459,0.676
2025-10-16 13:00:00,4236.12,4258.756,4235.05,4246.235,8.3462,0.626
2025-10-16 14:00:00,4245.96,4267.6,4245.545,4263.342,8.4197,0.623
2025-10-16 15:00:00,4263.395,4275.945,4260.68,4273.605,7.9474,0.57
2025-10-16 16:00:00,4273.62,4292.096,4261.5,4282.79,10.7606,0.574
2025-10-16 17:00:00,4282.765,4298.695,4279.995,4294.036,7.2114,0.581
2025-10-16 18:00:00,4294.092,4294.93,4273.36,4290.915,6.9164,0.597
2025-10-16 19:00:00,4290.872,4312.986,4287.725,4307.315,7.059,0.545
2025-10-16 20:00:00,4307.43,4330.8,4307.412,4328.125,3.5955,0.63
2025-10-16 22:00:00,4331.885,4379.928,4327.22,4346.814,6.8879,1.1
2025-10-16 23:00:00,4346.995,4379.355,4341.655,4365.814,5.7169,0.994
2025-10-17 00:00:00,4365.804,4371.785,4353.655,4358.32,5.8535,0.721
2025-10-17 01:00:00,4358.17,4362.38,4278.993,4314.19,12.1203,0.961
2025-10-17 02:00:00,4314.205,4348.625,4312.46,4342.575,7.7862,0.796
2025-10-17 03:00:00,4342.545,4366.96,4338.894,4366.88,4.9073,0.648
2025-10-17 04:00:00,4366.91,4377.354,4355.076,4376.535,4.6834,0.662
2025-10-17 05:00:00,4376.54,4378.73,4342.165,4366.085,5.5636,0.687
2025-10-17 06:00:00,4366.115,4369.71,4346.84,4360.155,5.9846,0.596
2025-10-17 07:00:00,4360.205,4361.93,4310.823,4342.398,11.5197,0.713
2025-10-17 08:00:00,4342.458,4349.85,4321.14,4347.756,11.0378,0.671
2025-10-17 09:00:00,4347.676,4348.456,4332.384,4340.28,5.281,0.617
2025-10-17 10:00:00,4340.225,4342.26,4319.684,4327.745,5.4691,0.615
2025-10-17 11:00:00,4327.725,4336.05,4286.775,4287.238,11.4797,0.744
2025-10-17 12:00:00,4287.198,4320.17,4283.628,4314.526,10.4437,0.802
2025-10-17 13:00:00,4314.702,4317.775,4258.768,4273.913,14.2683,0.811
2025-10-17 14:00:00,4274.12,4274.588,4216.934,4249.045,19.6122,0.978
2025-10-17 15:00:00,4249.035,4259.52,4231.014,4237.594,11.8198,0.807
2025-10-17 16:00:00,4237.598,4245.138,4200.635,4204.984,12.0943,0.86
2025-10-17 17:00:00,4205.024,4228.725,4186.16,4221.066,12.1322,0.961
2025-10-17 18:00:00,4221.095,4244.895,4218.116,4235.744,7.1822,0.876
2025-10-17 19:00:00,4235.998,4238.088,4212.594,4226.098,6.7817,0.732
2025-10-17 20:00:00,4226.483,4252.974,4220.084,4252.353,4.7225,1.301
2025-10-19 22:00:00,4248.764,4274.598,4240.175,4255.675,4.2977,1.29
2025-10-19 23:00:00,4255.68,4256.218,4233.522,4238.07,4.2786,1.095
2025-10-20 00:00:00,4238.085,4250.84,4219.055,4249.445,7.3963,0.986
2025-10-20 01:00:00,4249.475,4269.145,4229.455,4262.525,8.3163,0.791
2025-10-20 02:00:00,4262.545,4271.3,4253.41,4255.757,5.6978,0.648
2025-10-20 03:00:00,4255.762,4265.325,4248.745,4264.727,5.1416,0.707
2025-10-20 04:00:00,4264.772,4268.416,4260.508,4266.418,3.3625,0.769
2025-10-20 05:00:00,4265.872,4266.842,4239.765,4239.875,6.2307,0.779
2025-10-20 06:00:00,4239.948,4245.866,4221.405,4236.322,9.2106,0.766
2025-10-20 07:00:00,4236.307,4260.905,4234.73,4255.19,4.8913,0.727
2025-10-20 08:00:00,4255.17,4266.205,4252.405,4258.75,3.7731,0.593
2025-10-20 09:00:00,4258.785,4263.79,4250.464,4260.765,2.7979,0.59
2025-10-20 10:00:00,4260.745,4260.982,4245.73,4254.655,3.8632,0.637
2025-10-20 11:00:00,4254.626,4279.6,4251.004,4279.26,3.8131,0.694
2025-10-20 12:00:00,4279.245,4327.328,4272.704,4323.605,8.2312,0.702
2025-10-20 13:00:00,4323.57,4325.01,4299.518,4300.89,10.0522,0.701
2025-10-20 14:00:00,4300.855,4334.802,4292.865,4332.326,8.6324,0.692
2025-10-20 15:00:00,4332.332,4355.598,4332.322,4349.222,7.3427,0.692
2025-10-20 16:00:00,4349.206,4350.936,4342.702,4347.852,6.3399,0.639
2025-10-20 17:00:00,4347.832,4351.21,4337.285,4347.637,5.4904,0.677
2025-10-20 18:00:00,4347.963,4364.77,4344.695,4359.445,4.6175,0.696
2025-10-20 19:00:00,4359.412,4381.556,4359.252,4378.152,9.0259,0.625
2025-10-20 20:00:00,4378.1,4380.186,4346.336,4356.14,5.7314,0.731
2025-10-20 22:00:00,4355.631,4375.562,4353.275,4367.6,3.2591,0.916
2025-10-20 23:00:00,4367.68,4371.775,4356.715,4360.3,2.4471,0.783
2025-10-21 00:00:00,4360.305,4371.15,4356.384,4368.742,3.9418,0.596
2025-10-21 01:00:00,4368.727,4372.336,4332.955,4351.05,6.9152,0.633
2025-10-21 02:00:00,4351.075,4355.462,4335.478,4339.095,5.2757,0.648
2025-10-21 03:00:00,4338.795,4350.905,4338.14,4346.745,3.1199,0.593
2025-10-21 04:00:00,4346.72,4347.088,4337.065,4342.02,2.1827,0.549
2025-10-21 05:00:00,4341.866,4344.345,4317.45,4323.24,4.7692,0.596
2025-10-21 06:00:00,4323.19,4344.26,4317.225,4343.295,4.8166,0.541
2025-10-21 07:00:00,4343.26,4343.37,4293.43,4298.505,7.7332,0.659
2025-10-21 08:00:00,4298.49,4301.888,4244.843,4274.088,11.7385,0.824
2025-10-21 09:00:00,4274.108,4277.943,4254.725,4265.055,6.4527,0.569
2025-10-21 10:00:00,4265.225,4266.61,4249.535,4253.795,5.192,0.601
2025-10-21 11:00:00,4253.752,4272.495,4245.655,4253.44,5.0789,0.601
2025-10-21 12:00:00,4253.465,4257.725,4205.948,4211.11,14.3438,0.769
2025-10-21 13:00:00,4211.13,4225.58,4167.696,4173.376,15.9256,0.723
2025-10-21 14:00:00,4173.928,4188.551,4080.807,4138.985,20.5482,0.993
2025-10-21 15:00:00,4138.757,4150.75,4120.08,4138.755,14.2823,0.84
2025-10-21 16:00:00,4138.77,4144.125,4101.16,4113.482,10.8913,0.742
2025-10-21 17:00:00,4113.482,4120.46,4093.785,4111.215,10.9659,0.655
2025-10-21 18:00:00,4111.235,4125.968,4106.47,4115.005,5.7806,0.597
2025-10-21 19:00:00,4115.035,4122.325,4100.59,4108.963,7.0242,0.585
2025-10-21 20:00:00,4108.94,4131.045,4106.188,4124.83,3.4998,0.63
2025-10-21 22:00:00,4125.408,4132.744,4113.894,4123.3,2.8019,1.038
2025-10-21 23:00:00,4123.083,4128.03,4090.125,4093.127,3.7435,0.93
2025-10-22 00:00:00,4093.096,4093.935,4004.362,4075.192,16.3495,1.548
2025-10-22 01:00:00,4075.216,4120.805,4064.58,4087.334,8.6987,1.28
2025-10-22 02:00:00,4087.47,4117.875,4087.42,4115.219,4.7483,0.983
2025-10-22 03:00:00,4115.054,4143.34,4107.24,4128.736,4.6346,0.9
2025-10-22 04:00:00,4128.726,4133.564,4107.255,4128.253,4.5636,0.951
2025-10-22 05:00:00,4128.263,4147.085,4126.57,4135.052,4.4108,0.785
2025-10-22 06:00:00,4135.086,4161.46,4127.7,4155.785,5.0736,0.664
2025-10-22 07:00:00,4155.77,4156.515,4129.595,4133.005,8.2543,0.68
2025-10-22 08:00:00,4132.872,4135.895,4062.622,4070.634,12.028,1.041
2025-10-22 09:00:00,4070.604,4101.844,4061.735,4069.654,9.1903,1.066
2025-10-22 10:00:00,4069.596,4090.882,4023.596,4035.076,7.975,1.026
2025-10-22 11:00:00,4035.065,4045.066,4015.28,4027.954,10.7389,1.155
2025-10-22 12:00:00,4027.928,4053.92,4023.143,4033.918,10.6026,0.839
2025-10-22 13:00:00,4033.928,4085.408,4033.466,4076.075,12.5266,0.832
2025-10-22 14:00:00,4075.923,4078.644,4011.358,4015.065,11.1893,0.711
2025-10-22 15:00:00,4014.98,4047.452,4014.98,4037.075,8.7315,0.645
2025-10-22 16:00:00,4037.18,4064.215,4023.285,4059.3,7.8176,0.683
2025-10-22 17:00:00,4059.232,4071.14,4044.118,4070.032,7.7892,0.622
2025-10-22 18:00:00,4070.047,4081.675,4066.71,4076.775,4.4584,0.58
2025-10-22 19:00:00,4077.01,4113.71,4076.665,4102.44,5.7857,0.606
2025-10-22 20:00:00,4102.18,4107.282,4088.595,4098.595,3.0669,0.671
2025-10-22 22:00:00,4095.58,4116.569,4092.418,4102.235,3.1331,1.252
2025-10-22 23:00:00,4102.24,4105.06,4080.762,4087.695,4.5988,1.07
2025-10-23 00:00:00,4087.68,4096.822,4065.978,4082.055,6.2575,0.815
2025-10-23 01:00:00,4082.095,4092.935,4071.915,4073.202,6.3402,0.822
2025-10-23 02:00:00,4073.221,4085.435,4072.02,4082.436,4.9299,0.884
2025-10-23 03:00:00,4082.672,4100.995,4077.975,4091.29,3.7509,0.705
2025-10-23 04:00:00,4091.304,4093.184,4079.802,4089.655,2.2327,0.709
2025-10-23 05:00:00,4089.685,4110.575,4084.05,4110.475,3.2545,0.719
2025-10-23 06:00:00,4110.495,4137.752,4110.373,4113.783,8.9493,0.831
2025-10-23 07:00:00,4113.774,4121.172,4092.075,4094.2,8.4333,0.794
2025-10-23 08:00:00,4094.32,4118.995,4094.32,4116.325,5.1254,0.579
2025-10-23 09:00:00,4116.315,4125.48,4111.185,4124.505,3.3424,0.563
2025-10-23 10:00:00,4124.61,4125.365,4101.82,4108.974,3.7681,0.567
2025-10-23 11:00:00,4109.024,4121.123,4107.76,4109.625,4.1525,0.59
2025-10-23 12:00:00,4109.64,4129.372,4100.21,4127.41,5.1907,0.639
2025-10-23 13:00:00,4127.12,4151.07,4125.87,4145.025,8.246,0.593
2025-10-23 14:00:00,4144.917,4154.795,4136.129,4148.365,8.4516,0.648
2025-10-23 15:00:00,4148.464,4151.785,4137.21,4141.92,5.485,0.673
2025-10-23 16:00:00,4141.93,4148.674,4126.012,4132.94,4.9053,0.682
2025-10-23 17:00:00,4132.782,4139.286,4125.015,4137.72,4.708,0.702
2025-10-23 18:00:00,4137.74,4143.564,4133.17,4136.09,2.8625,0.704
2025-10-23 19:00:00,4136.121,4138.275,4116.58,4118.39,7.2188,0.662
2025-10-23 20:00:00,4118.425,4127.096,4107.544,4126.095,3.3701,0.709
2025-10-23 22:00:00,4128.0,4132.81,4111.45,4116.145,1.494,0.913
2025-10-23 23:00:00,4116.295,4122.935,4106.055,4121.74,1.9111,0.861
2025-10-24 00:00:00,4121.765,4133.78,4117.915,4132.785,2.3982,0.684
2025-10-24 01:00:00,4132.828,4144.485,4112.17,4118.88,4.0934,0.699
2025-10-24 02:00:00,4118.87,4119.155,4109.482,4109.696,2.9402,0.708
2025-10-24 03:00:00,4109.686,4123.62,4107.61,4122.48,2.3272,0.703
2025-10-24 04:00:00,4122.44,4123.405,4102.856,4111.67,2.5411,0.705
2025-10-24 05:00:00,4111.9,4118.03,4102.77,4104.486,2.3822,0.71
2025-10-24 06:00:00,4104.502,4104.822,4081.511,4092.155,5.954,0.883
2025-10-24 07:00:00,4092.032,4096.065,4069.754,4074.366,7.2584,0.874
2025-10-24 08:00:00,4074.455,4077.92,4047.63,4065.434,8.0594,0.718
2025-10-24 09:00:00,4065.418,4073.66,4054.422,4060.875,3.9083,0.574
2025-10-24 10:00:00,4060.98,4070.92,4053.605,4054.819,2.9149,0.552
2025-10-24 11:00:00,4054.764,4065.67,4043.799,4061.5,4.1788,0.547
2025-10-24 12:00:00,4061.45,4093.025,4059.94,4082.205,6.5413,0.664
2025-10-24 13:00:00,4082.265,4122.209,4079.066,4106.44,9.5435,0.738
2025-10-24 14:00:00,4106.685,4135.095,4102.19,4117.58,8.31,0.614
2025-10-24 15:00:00,4117.545,4131.935,4113.335,4130.49,4.9451,0.595
2025-10-24 16:00:00,4130.525,4138.615,4121.825,4129.425,4.6769,0.599
2025-10-24 17:00:00,4129.455,4134.355,4105.84,4107.695,4.2755,0.593
2025-10-24 18:00:00,4107.725,4113.685,4102.075,4110.365,4.1978,0.591
2025-10-24 19:00:00,4110.415,4117.575,4102.31,4104.11,4.1778,0.573
2025-10-24 20:00:00,4104.158,4114.224,4096.744,4112.38,2.5547,0.765
2025-10-26 22:00:00,4064.101,4109.162,4064.101,4081.805,4.3171,1.185
2025-10-26 23:00:00,4081.945,4088.612,4061.78,4064.62,3.0573,0.978
2025-10-27 00:00:00,4064.645,4084.375,4058.23,4081.295,3.397,0.761
2025-10-27 01:00:00,4081.36,4097.879,4075.125,4082.028,5.1408,0.74
2025-10-27 02:00:00,4081.98,4082.324,4070.308,4071.685,3.4509,0.703
2025-10-27 03:00:00,4071.665,4081.98,4065.43,4069.768,3.4923,0.687
2025-10-27 04:00:00,4069.683,4071.606,4053.825,4068.885,4.5112,0.664
2025-10-27 05:00:00,4068.925,4084.398,4068.815,4079.804,4.8429,0.686
2025-10-27 06:00:00,4079.76,4085.044,4073.99,4078.33,3.6776,0.689
2025-10-27 07:00:00,4078.38,4079.885,4064.082,4068.833,3.1858,0.69
2025-10-27 08:00:00,4068.72,4070.508,4024.882,4043.609,5.3598,0.615
2025-10-27 09:00:00,4043.61,4050.3,4029.985,4039.86,6.3963,0.667
2025-10-27 10:00:00,4039.89,4047.87,4028.955,4037.544,3.8962,0.617
2025-10-27 11:00:00,4037.554,4041.534,4015.415,4024.17,5.5173,0.694
2025-10-27 12:00:00,4024.185,4046.57,4022.489,4045.98,6.876,0.7
2025-10-27 13:00:00,4046.12,4050.455,4013.448,4022.13,10.8778,0.79
2025-10-27 14:00:00,4022.204,4023.508,3983.055,3988.018,13.054,0.786
2025-10-27 15:00:00,3988.048,3993.603,3971.422,3990.052,9.4546,0.714
2025-10-27 16:00:00,3990.05,4000.585,3984.136,3999.448,9.7423,0.787
2025-10-27 17:00:00,3999.434,4009.03,3990.82,4006.625,8.4096,0.788
2025-10-27 18:00:00,4006.578,4010.265,3998.014,3999.364,8.3995,0.79
2025-10-27 19:00:00,3999.775,4005.721,3985.73,3990.334,10.4602,0.788
2025-10-27 20:00:00,3990.338,4000.344,3979.315,3982.375,5.3221,0.774
2025-10-27 22:00:00,3984.85,3996.958,3979.854,3989.935,1.8225,0.926
2025-10-27 23:00:00,3989.985,4004.715,3983.064,3998.665,3.8109,0.87
2025-10-28 00:00:00,3998.615,4009.768,3972.995,4006.681,4.6229,0.816
2025-10-28 01:00:00,4006.865,4019.788,4004.356,4011.075,5.0076,0.797
2025-10-28 02:00:00,4011.052,4013.94,3980.76,3984.004,4.1815,0.786
2025-10-28 03:00:00,3983.96,3994.584,3983.268,3992.995,2.7144,0.734
2025-10-28 04:00:00,3993.04,3994.36,3963.72,3973.71,3.6094,0.726
2025-10-28 05:00:00,3974.49,3980.12,3959.25,3966.56,3.8352,0.73
2025-10-28 06:00:00,3966.68,3968.65,3938.39,3942.595,4.1705,0.708
2025-10-28 07:00:00,3942.59,3948.755,3921.667,3932.47,4.999,0.722
2025-10-28 08:00:00,3932.5,3935.91,3896.55,3897.396,7.7775,0.693
2025-10-28 09:00:00,3897.302,3911.14,3886.547,3904.74,5.0115,0.715
2025-10-28 10:00:00,3904.77,3931.048,3900.101,3926.625,4.8777,0.699
2025-10-28 11:00:00,3926.618,3930.088,3910.99,3923.415,4.6796,0.689
2025-10-28 12:00:00,3923.578,3929.83,3905.61,3912.952,5.1668,0.687
2025-10-28 13:00:00,3912.955,3940.4,3912.34,3938.94,8.2014,0.623
2025-10-28 14:00:00,3938.838,3954.014,3934.93,3949.84,7.1429,0.551
2025-10-28 15:00:00,3949.805,3969.655,3947.155,3964.845,5.4215,0.515
2025-10-28 16:00:00,3964.855,3965.575,3951.126,3958.625,5.8293,0.515
2025-10-28 17:00:00,3958.615,3970.455,3955.244,3962.435,3.9114,0.519
2025-10-28 18:00:00,3962.45,3964.275,3945.205,3956.551,3.2758,0.547
2025-10-28 19:00:00,3956.566,3962.82,3950.85,3960.53,3.4681,0.519
2025-10-28 20:00:00,3960.37,3961.03,3949.684,3952.34,1.6758,0.592
2025-10-28 22:00:00,3953.55,3961.12,3915.322,3934.1,2.5315,1.243
2025-10-28 23:00:00,3934.025,3967.89,3933.994,3964.905,2.3385,0.923
2025-10-29 00:00:00,3964.91,3982.288,3959.28,3975.37,3.8928,0.697
2025-10-29 01:00:00,3975.405,3979.9,3966.24,3973.79,4.3669,0.778
2025-10-29 02:00:00,3973.745,3974.44,3944.055,3961.25,3.9453,0.78
2025-10-29 03:00:00,3961.27,3972.235,3958.68,3963.446,3.2355,0.87
2025-10-29 04:00:00,3963.495,3965.035,3951.047,3952.045,2.8194,0.749
2025-10-29 05:00:00,3952.065,3966.355,3951.175,3962.675,3.131,0.706
2025-10-29 06:00:00,3962.63,3984.93,3959.99,3978.405,3.2385,0.712
2025-10-29 07:00:00,3978.395,4001.67,3974.935,4001.67,5.4537,0.741
2025-10-29 08:00:00,4001.675,4018.695,4000.492,4017.058,4.0117,0.585
2025-10-29 09:00:00,4017.035,4029.706,4013.525,4024.006,4.3835,0.7
2025-10-29 10:00:00,4024.03,4029.854,4017.146,4023.555,3.5271,0.691
2025-10-29 11:00:00,4023.58,4028.49,4013.495,4016.75,3.5825,0.7
2025-10-29 12:00:00,4016.725,4030.308,4013.67,4025.565,5.0083,0.685
2025-10-29 13:00:00,4025.59,4025.735,4002.44,4012.5,7.0118,0.692
2025-10-29 14:00:00,4012.485,4022.44,4007.495,4008.365,7.0937,0.687
2025-10-29 15:00:00,4008.37,4011.986,3989.475,3993.05,6.2528,0.666
2025-10-29 16:00:00,3993.08,4001.255,3991.475,3992.89,5.5019,0.675
2025-10-29 17:00:00,3992.656,3997.874,3985.85,3994.866,3.6651,0.72
2025-10-29 18:00:00,3994.878,4007.694,3942.712,3969.474,11.5039,0.909
2025-10-29 19:00:00,3969.333,3980.045,3927.98,3945.823,11.7204,0.737
2025-10-29 20:00:00,3945.803,3954.498,3927.97,3929.915,6.0568,1.006
2025-10-29 22:00:00,3922.638,3948.57,3917.192,3941.42,2.6258,1.081
2025-10-29 23:00:00,3941.425,3954.185,3939.65,3952.905,2.0866,0.904
2025-10-30 00:00:00,3952.925,3964.44,3937.904,3950.365,3.2137,0.789
2025-10-30 01:00:00,3950.26,3966.71,3945.234,3948.0,5.0702,0.815
2025-10-30 02:00:00,3948.025,3948.355,3921.93,3922.055,4.8004,0.762
2025-10-30 03:00:00,3922.145,3938.3,3915.49,3938.18,3.545,0.792
2025-10-30 04:00:00,3938.21,3982.74,3934.86,3972.55,4.7212,0.759
2025-10-30 05:00:00,3972.585,3978.226,3947.222,3963.87,5.0363,0.735
2025-10-30 06:00:00,3963.9,3977.295,3956.385,3976.95,4.2617,0.768
2025-10-30 07:00:00,3976.965,3977.385,3955.974,3961.365,4.3277,0.717
2025-10-30 08:00:00,3961.355,3976.905,3960.25,3976.518,3.4986,0.708
2025-10-30 09:00:00,3976.508,4011.746,3976.1,3998.69,4.573,0.697
2025-10-30 10:00:00,3998.63,4000.917,3973.7,3984.27,3.89,0.711
2025-10-30 11:00:00,3984.265,3985.133,3964.075,3974.58,3.794,0.711
2025-10-30 12:00:00,3974.6,3985.67,3961.174,3961.363,6.0124,0.742
2025-10-30 13:00:00,3961.285,3995.462,3960.254,3995.406,13.1233,0.778
2025-10-30 14:00:00,3995.386,4015.06,3986.934,3996.495,13.6011,0.692
2025-10-30 15:00:00,3996.47,4008.81,3988.256,4001.88,6.1615,0.568
2025-10-30 16:00:00,4001.855,4004.145,3991.25,4001.52,4.1458,0.561
2025-10-30 17:00:00,4001.515,4018.015,3994.52,4004.605,3.5063,0.525
2025-10-30 18:00:00,4004.625,4017.746,4000.22,4016.206,5.2707,0.63
2025-10-30 19:00:00,4016.222,4025.985,4015.466,4023.535,9.6392,0.659
2025-10-30 20:00:00,4023.485,4027.156,4016.431,4025.17,1.8657,0.559
2025-10-30 22:00:00,4024.05,4046.475,4016.46,4037.88,2.3017,0.926
2025-10-30 23:00:00,4037.93,4043.215,4018.99,4036.698,2.8424,0.799
2025-10-31 00:00:00,4036.6,4037.0,4023.99,4025.22,2.9461,0.722
2025-10-31 01:00:00,4025.05,4039.544,4012.877,4018.97,5.1438,0.725
2025-10-31 02:00:00,4018.68,4019.375,4001.645,4011.17,4.638,0.736
2025-10-31 03:00:00,4011.145,4014.01,3991.335,3996.335,3.8979,0.742
2025-10-31 04:00:00,3996.375,4010.675,3989.145,4005.88,2.6757,0.739
2025-10-31 05:00:00,4005.655,4011.34,3994.165,4005.155,3.8293,0.738
2025-10-31 06:00:00,4005.21,4014.905,4002.165,4013.22,4.155,0.724
2025-10-31 07:00:00,4013.235,4025.66,4007.68,4021.13,4.8104,0.73
2025-10-31 08:00:00,4021.165,4026.956,4006.835,4010.585,3.8043,0.734
2025-10-31 09:00:00,4010.38,4014.422,3998.859,4008.506,4.4172,0.712
2025-10-31 10:00:00,4008.675,4016.88,4003.714,4007.555,4.0559,0.73
2025-10-31 11:00:00,4007.45,4011.27,4001.8,4010.52,3.6702,0.737
2025-10-31 12:00:00,4010.68,4036.318,4009.185,4023.046,6.348,0.721
2025-10-31 13:00:00,4022.992,4035.785,4010.36,4016.593,7.7435,0.701
2025-10-31 14:00:00,4016.703,4027.335,4011.038,4020.77,6.1099,0.6
2025-10-31 15:00:00,4020.848,4023.02,4009.685,4012.795,5.4751,0.601
2025-10-31 16:00:00,4012.755,4015.25,3972.385,3980.77,8.2377,0.614
2025-10-31 17:00:00,3980.9,4003.75,3980.458,3997.63,6.3311,0.591
2025-10-31 18:00:00,3997.655,4010.07,3995.444,4000.012,4.2958,0.6
2025-10-31 19:00:00,3999.986,4005.572,3991.196,4001.385,4.0343,0.604
2025-10-31 20:00:00,4001.355,4006.756,3996.26,4002.453,2.5353,0.886
2025-11-02 23:00:00,3986.0,3999.138,3977.955,3979.89,2.5532,1.081
2025-11-03 00:00:00,3979.76,3988.149,3962.705,3970.79,3.5613,0.772
2025-11-03 01:00:00,3970.775,4001.93,3965.655,3996.085,4.7627,0.755
2025-11-03 02:00:00,3996.058,4006.63,3990.415,4004.18,3.6238,0.738
2025-11-03 03:00:00,4004.25,4015.438,4002.3,4011.37,2.9477,0.645
2025-11-03 04:00:00,4011.36,4014.425,4001.884,4003.702,2.3363,0.648
2025-11-03 05:00:00,4003.722,4018.455,3997.79,4013.995,3.1876,0.73
2025-11-03 06:00:00,4014.052,4018.71,4010.2,4017.59,2.75,0.747
2025-11-03 07:00:00,4017.605,4026.005,4013.655,4025.342,3.6489,0.727
2025-11-03 08:00:00,4025.351,4028.214,4011.178,4019.78,4.0478,0.71
2025-11-03 09:00:00,4019.943,4026.128,3993.149,4000.545,5.1412,0.739
2025-11-03 10:00:00,4000.74,4004.975,3994.53,3998.755,3.3262,0.729
2025-11-03 11:00:00,3998.736,4008.78,3994.466,4007.74,3.1875,0.739
2025-11-03 12:00:00,4007.768,4013.74,4001.904,4013.609,3.1985,0.731
2025-11-03 13:00:00,4013.598,4020.57,4010.864,4016.12,6.1434,0.718
2025-11-03 14:00:00,4016.145,4026.19,4001.708,4022.86,7.2221,0.73
2025-11-03 15:00:00,4024.296,4030.76,4003.33,4008.68,10.18,0.698
2025-11-03 16:00:00,4008.527,4013.55,3995.317,4008.448,7.9465,0.688
2025-11-03 17:00:00,4008.458,4012.05,4003.568,4006.2,6.0992,0.684
2025-11-03 18:00:00,4006.232,4009.71,3999.59,4006.488,5.4289,0.692
2025-11-03 19:00:00,4006.44,4008.34,3995.438,4004.745,6.057,0.717
2025-11-03 20:00:00,4004.76,4015.05,4004.695,4010.405,8.5237,0.7
2025-11-03 21:00:00,4010.36,4010.36,4000.048,4001.815,2.2659,0.721
2025-11-03 23:00:00,4002.7,4007.034,3982.114,3997.315,2.4825,1.01
2025-11-04 00:00:00,3997.36,3999.33,3978.615,3986.505,3.0296,0.722
2025-11-04 01:00:00,3986.53,3994.6,3979.692,3987.505,3.7221,0.725
2025-11-04 02:00:00,3987.49,3987.49,3975.71,3986.755,3.6658,0.609
2025-11-04 03:00:00,3986.795,3999.425,3981.775,3994.61,2.783,0.551
2025-11-04 04:00:00,3994.595,3995.24,3984.203,3985.64,2.2287,0.571
2025-11-04 05:00:00,3985.605,3987.23,3972.775,3973.325,3.6447,0.623
2025-11-04 06:00:00,3973.35,3988.175,3966.685,3985.13,3.9279,0.59
2025-11-04 07:00:00,3985.155,3996.47,3982.32,3993.93,2.989,0.524
2025-11-04 08:00:00,3994.265,4000.785,3990.695,3996.14,3.081,0.511
2025-11-04 09:00:00,3996.16,3999.6,3990.485,3991.265,2.7318,0.507
2025-11-04 10:00:00,3991.25,3997.72,3986.04,3993.94,2.7614,0.611
2025-11-04 11:00:00,3994.115,4000.186,3991.758,3994.99,2.0566,0.608
2025-11-04 12:00:00,3995.04,3997.6,3983.684,3984.76,2.7727,0.591
2025-11-04 13:00:00,3984.785,3996.075,3971.942,3975.775,4.6811,0.614
2025-11-04 14:00:00,3975.79,3977.8,3928.77,3957.127,8.431,0.637
2025-11-04 15:00:00,3957.122,3968.27,3941.31,3956.93,7.4276,0.62
2025-11-04 16:00:00,3956.975,3975.71,3956.82,3969.16,4.6626,0.61
2025-11-04 17:00:00,3969.25,3971.095,3952.452,3955.12,4.1084,0.611
2025-11-04 18:00:00,3954.897,3956.89,3932.165,3937.91,4.4509,0.612
2025-11-04 19:00:00,3937.945,3944.31,3934.715,3937.45,3.7807,0.608
2025-11-04 20:00:00,3937.5,3942.225,3931.53,3938.81,4.8935,0.594
2025-11-04 21:00:00,3938.9,3939.012,3930.545,3932.44,5.5188,0.612
2025-11-04 23:00:00,3933.61,3940.61,3930.96,3934.646,1.4752,0.799
2025-11-05 00:00:00,3934.67,3943.035,3929.766,3939.785,2.8132,0.591
2025-11-05 01:00:00,3939.965,3949.53,3934.535,3937.105,3.6045,0.577
2025-11-05 02:00:00,3937.07,3951.1,3935.675,3948.62,3.243,0.579
2025-11-05 03:00:00,3948.595,3965.37,3947.615,3960.94,2.2734,0.611
2025-11-05 04:00:00,3960.792,3973.85,3959.965,3970.44,2.0904,0.742
2025-11-05 05:00:00,3970.46,3978.725,3961.946,3964.95,2.5328,0.668
2025-11-05 06:00:00,3964.97,3973.68,3961.98,3966.345,2.4533,0.564
2025-11-05 07:00:00,3966.37,3974.886,3963.735,3972.64,2.2674,0.554
2025-11-05 08:00:00,3972.62,3987.275,3972.62,3980.05,2.8514,0.537
2025-11-05 09:00:00,3979.925,3981.385,3963.64,3971.905,2.3925,0.517
2025-11-05 10:00:00,3971.875,3971.905,3956.09,3964.605,3.5581,0.559
2025-11-05 11:00:00,3964.625,3969.0,3957.53,3966.96,2.35,0.528
2025-11-05 12:00:00,3966.93,3969.945,3962.215,3969.75,1.9699,0.523
2025-11-05 13:00:00,3969.775,3979.51,3964.89,3975.92,3.5936,0.559
2025-11-05 14:00:00,3975.97,3985.71,3969.67,3973.52,4.9657,0.561
2025-11-05 15:00:00,3973.46,3984.551,3964.224,3978.335,5.7072,0.609
2025-11-05 16:00:00,3978.428,3990.5,3975.01,3986.93,3.654,0.546
2025-11-05 17:00:00,3986.92,3989.69,3978.66,3982.135,2.5087,0.508
2025-11-05 18:00:00,3982.11,3986.09,3979.025,3982.515,2.7323,0.568
2025-11-05 19:00:00,3982.585,3988.851,3979.26,3987.832,3.593,0.526
2025-11-05 20:00:00,3987.936,3990.245,3981.665,3984.545,3.4274,0.547
2025-11-05 21:00:00,3984.535,3985.14,3978.05,3980.135,1.072,0.531
2025-11-05 23:00:00,3976.675,3981.33,3966.72,3973.825,2.0234,0.759
2025-11-06 00:00:00,3973.785,3976.305,3969.695,3976.305,1.6522,0.62
2025-11-06 01:00:00,3976.335,3977.475,3964.67,3976.675,2.6985,0.569
2025-11-06 02:00:00,3976.695,3985.205,3974.315,3983.42,2.298,0.555
2025-11-06 03:00:00,3983.45,3990.475,3979.58,3987.6,1.8531,0.552
2025-11-06 04:00:00,3987.63,3989.895,3984.672,3988.88,1.1133,0.553
2025-11-06 05:00:00,3988.83,3990.82,3985.816,3987.69,1.7705,0.576
2025-11-06 06:00:00,3987.801,3992.886,3982.34,3991.595,2.0601,0.611
2025-11-06 07:00:00,3991.585,4009.42,3991.225,4005.82,2.8208,0.7
2025-11-06 08:00:00,4005.742,4017.005,4004.79,4014.902,4.1333,0.73
2025-11-06 09:00:00,4014.891,4015.31,4009.31,4011.07,2.4866,0.73
2025-11-06 10:00:00,4011.095,4011.205,4004.535,4008.495,2.6949,0.728
2025-11-06 11:00:00,4008.52,4019.525,4007.125,4018.16,2.5751,0.707
2025-11-06 12:00:00,4018.12,4019.66,4003.0,4005.385,3.0477,0.717
2025-11-06 13:00:00,4005.415,4016.285,4003.835,4012.304,5.7503,0.68
2025-11-06 14:00:00,4012.298,4014.055,3989.108,3993.425,7.496,0.727
2025-11-06 15:00:00,3993.265,3993.818,3975.275,3980.32,8.8224,0.716
2025-11-06 16:00:00,3980.345,3986.42,3976.569,3981.034,6.9441,0.707
2025-11-06 17:00:00,3981.038,3988.24,3965.805,3986.305,7.4072,0.721
2025-11-06 18:00:00,3986.315,3991.03,3980.31,3987.825,6.7999,0.719
2025-11-06 19:00:00,3987.88,3995.35,3983.21,3985.362,6.361,0.636
2025-11-06 20:00:00,3985.015,3987.258,3979.415,3980.745,8.112,0.703
2025-11-06 21:00:00,3980.797,3982.31,3976.828,3977.245,1.2205,0.755
2025-11-06 23:00:00,3976.624,3989.895,3974.554,3989.25,0.9831,0.86
2025-11-07 00:00:00,3989.28,3994.56,3984.67,3988.68,1.4771,0.749
2025-11-07 01:00:00,3988.635,4002.88,3987.345,4001.84,2.716,0.747
2025-11-07 02:00:00,4001.85,4003.35,3991.64,3995.47,2.4412,0.663
2025-11-07 03:00:00,3995.42,3996.68,3988.24,3990.46,1.6707,0.613
2025-11-07 04:00:00,3990.435,3998.61,3985.585,3998.4,1.4394,0.624
2025-11-07 05:00:00,3998.435,3998.99,3992.07,3995.072,1.7526,0.591
2025-11-07 06:00:00,3995.05,4008.625,3992.355,4006.83,2.2348,0.582
2025-11-07 07:00:00,4006.85,4009.91,4002.87,4007.865,2.0692,0.554
2025-11-07 08:00:00,4007.956,4010.575,4003.71,4009.764,2.2669,0.56
2025-11-07 09:00:00,4009.788,4014.23,4004.27,4006.74,2.2181,0.526
2025-11-07 10:00:00,4006.775,4009.645,4003.255,4007.938,1.7135,0.514
2025-11-07 11:00:00,4007.965,4011.945,3993.825,4002.985,2.8887,0.541
2025-11-07 12:00:00,4003.005,4008.495,3991.788,3995.995,3.16,0.565
2025-11-07 13:00:00,3996.104,4002.07,3991.875,3997.8,3.24,0.628
2025-11-07 14:00:00,3997.77,4007.38,3984.375,3993.583,4.9827,0.631
2025-11-07 15:00:00,3993.609,3999.25,3984.13,3991.07,4.9531,0.611
2025-11-07 16:00:00,3991.08,4027.535,3990.09,4007.855,6.4343,0.601
2025-11-07 17:00:00,4007.935,4009.855,3992.47,4005.555,6.5072,0.594
2025-11-07 18:00:00,4005.68,4009.29,3999.655,4005.695,3.9179,0.602
2025-11-07 19:00:00,4005.7,4009.1,4001.86,4006.815,4.2185,0.593
2025-11-07 20:00:00,4006.657,4006.97,3994.55,4004.17,4.1299,0.603
2025-11-07 21:00:00,4003.89,4005.26,3998.609,4000.945,1.1007,0.73
2025-11-09 23:00:00,3999.8,4012.315,3997.65,4011.915,1.7813,0.897
2025-11-10 00:00:00,4011.945,4023.995,4011.215,4020.445,1.8985,0.597
2025-11-10 01:00:00,4020.425,4053.45,4019.17,4044.16,5.4501,0.657
2025-11-10 02:00:00,4044.13,4049.125,4037.795,4048.19,3.2445,0.606
2025-11-10 03:00:00,4048.17,4052.935,4044.95,4050.26,1.9918,0.565
2025-11-10 04:00:00,4050.12,4056.915,4049.905,4054.2,1.9075,0.564
2025-11-10 05:00:00,4054.23,4070.005,4050.26,4069.505,3.1706,0.606
2025-11-10 06:00:00,4069.575,4078.59,4066.935,4075.16,3.3875,0.599
2025-11-10 07:00:00,4075.16,4079.138,4072.324,4075.335,2.435,0.546
2025-11-10 08:00:00,4075.365,4085.275,4075.19,4082.325,3.2414,0.547
2025-11-10 09:00:00,4082.35,4086.375,4071.54,4076.655,2.6814,0.541
2025-11-10 10:00:00,4076.675,4083.526,4076.0,4081.045,2.0111,0.526
2025-11-10 11:00:00,4081.1,4085.545,4075.885,4085.415,2.2317,0.534
2025-11-10 12:00:00,4085.455,4100.12,4084.435,4097.625,3.0281,0.541
2025-11-10 13:00:00,4097.695,4106.0,4090.425,4091.735,5.1459,0.548
2025-11-10 14:00:00,4091.71,4094.215,4074.37,4083.62,5.8317,0.571
2025-11-10 15:00:00,4083.52,4094.41,4077.88,4084.424,5.8123,0.542
2025-11-10 16:00:00,4084.414,4095.8,4082.08,4095.08,4.4403,0.558
2025-11-10 17:00:00,4095.1,4102.798,4093.48,4102.65,3.2803,0.512
2025-11-10 18:00:00,4102.645,4115.865,4101.724,4110.185,4.4365,0.528
2025-11-10 19:00:00,4110.2,4115.495,4107.956,4113.26,3.046,0.541
2025-11-10 20:00:00,4113.28,4114.6,4106.7,4111.736,4.6458,0.576
2025-11-10 21:00:00,4111.742,4116.655,4110.525,4115.915,0.735,0.518
2025-11-10 23:00:00,4116.07,4122.835,4114.63,4120.005,1.8233,0.7
2025-11-11 00:00:00,4120.258,4133.755,4116.355,4131.02,2.1049,0.584
2025-11-11 01:00:00,4131.0,4141.33,4128.06,4136.39,4.4316,0.619
2025-11-11 02:00:00,4136.365,4139.755,4129.688,4138.165,3.1788,0.613
2025-11-11 03:00:00,4138.185,4148.125,4137.22,4146.975,2.1033,0.581
2025-11-11 04:00:00,4146.955,4149.06,4141.992,4143.25,1.6227,0.59
2025-11-11 05:00:00,4143.205,4144.47,4124.83,4131.064,3.1565,0.596
2025-11-11 06:00:00,4131.035,4137.91,4126.83,4130.005,2.7748,0.604
2025-11-11 07:00:00,4130.01,4133.162,4125.065,4129.705,2.4345,0.545
2025-11-11 08:00:00,4129.515,4137.81,4128.86,4135.695,3.3874,0.55
2025-11-11 09:00:00,4135.675,4145.974,4134.485,4141.855,3.2518,0.53
2025-11-11 10:00:00,4141.91,4144.305,4136.855,4141.925,2.1453,0.538
2025-11-11 11:00:00,4142.033,4144.743,4139.17,4142.907,2.2723,0.532
2025-11-11 12:00:00,4142.917,4143.952,4133.26,4134.465,3.1193,0.534
2025-11-11 13:00:00,4134.505,4146.87,4133.95,4142.67,3.4513,0.529
2025-11-11 14:00:00,4142.63,4143.23,4120.0,4125.055,6.0437,0.557
2025-11-11 15:00:00,4124.802,4126.23,4097.199,4106.765,7.4251,0.575
2025-11-11 16:00:00,4106.75,4115.835,4105.228,4113.33,4.1366,0.526
2025-11-11 17:00:00,4113.3,4117.925,4110.605,4114.43,2.7116,0.517
2025-11-11 18:00:00,4114.46,4116.42,4106.66,4113.92,3.853,0.507
2025-11-11 19:00:00,4113.885,4126.21,4112.085,4123.14,3.4358,0.474
2025-11-11 20:00:00,4123.245,4131.968,4122.49,4129.52,2.9856,0.512
2025-11-11 21:00:00,4129.58,4131.52,4125.71,4126.375,0.9246,0.61
2025-11-11 23:00:00,4127.7,4144.693,4126.775,4142.7,1.9774,0.777
2025-11-12 00:00:00,4142.665,4145.629,4132.295,4133.12,2.2032,0.595
2025-11-12 01:00:00,4133.155,4137.34,4126.375,4131.566,4.3131,0.618
2025-11-12 02:00:00,4131.53,4135.399,4118.875,4124.098,3.2878,0.601
2025-11-12 03:00:00,4124.138,4125.435,4111.9,4112.055,2.7536,0.57
2025-11-12 04:00:00,4112.015,4113.375,4103.795,4110.705,2.7688,0.569
2025-11-12 05:00:00,4110.675,4111.14,4098.945,4104.725,2.788,0.567
2025-11-12 06:00:00,4104.755,4119.218,4103.25,4118.64,4.4358,0.593
2025-11-12 07:00:00,4118.645,4125.345,4113.43,4117.215,2.7282,0.534
2025-11-12 08:00:00,4117.25,4132.934,4112.28,4131.4,3.8578,0.545
2025-11-12 09:00:00,4131.365,4133.64,4120.542,4124.73,3.5693,0.538
2025-11-12 10:00:00,4124.755,4129.455,4118.0,4127.825,3.6977,0.54
2025-11-12 11:00:00,4127.95,4131.288,4123.095,4126.025,2.7152,0.527
2025-11-12 12:00:00,4126.055,4139.515,4124.99,4130.243,3.5068,0.525
2025-11-12 13:00:00,4130.325,4132.7,4122.75,4127.235,4.8783,0.513
2025-11-12 14:00:00,4127.275,4140.225,4125.074,4136.64,6.2284,0.529
2025-11-12 15:00:00,4136.62,4185.789,4134.647,4181.477,11.294,0.65
2025-11-12 16:00:00,4181.443,4197.875,4180.193,4196.528,9.9788,0.676
2025-11-12 17:00:00,4196.523,4206.612,4192.477,4199.607,10.0752,0.673
2025-11-12 18:00:00,4199.612,4211.824,4190.557,4206.99,9.7645,0.676
2025-11-12 19:00:00,4207.075,4210.222,4192.2,4197.58,7.7407,0.647
2025-11-12 20:00:00,4197.507,4199.77,4190.678,4196.005,8.3278,0.697
2025-11-12 21:00:00,4196.02,4202.215,4191.1,4195.385,3.3873,0.728
2025-11-12 23:00:00,4197.08,4208.396,4187.28,4191.305,2.6626,0.776
2025-11-13 00:00:00,4191.29,4209.0,4185.967,4205.985,3.187,0.568
2025-11-13 01:00:00,4206.005,4209.315,4179.975,4192.37,5.7709,0.74
2025-11-13 02:00:00,4192.325,4196.04,4183.565,4190.26,3.792,0.689
2025-11-13 03:00:00,4190.235,4213.28,4190.17,4212.94,3.7327,0.738
2025-11-13 04:00:00,4212.92,4219.5,4203.52,4209.455,3.9002,0.731
2025-11-13 05:00:00,4209.44,4217.894,4207.52,4212.052,5.0725,0.594
2025-11-13 06:00:00,4212.032,4212.188,4203.355,4210.51,4.736,0.565
2025-11-13 07:00:00,4210.525,4220.23,4208.405,4220.204,3.8091,0.545
2025-11-13 08:00:00,4220.19,4239.545,4219.235,4232.787,4.9768,0.573
2025-11-13 09:00:00,4232.697,4239.613,4225.07,4233.23,4.2776,0.605
2025-11-13 10:00:00,4233.2,4240.22,4221.805,4225.67,6.5352,0.673
2025-11-13 11:00:00,4225.695,4232.41,4219.38,4230.525,4.7444,0.644
2025-11-13 12:00:00,4230.395,4245.214,4230.126,4242.66,7.0906,0.495
2025-11-13 13:00:00,4242.75,4243.955,4220.435,4231.802,7.4526,0.602
2025-11-13 14:00:00,4232.075,4232.42,4184.63,4195.545,7.9637,0.642
2025-11-13 15:00:00,4195.371,4205.24,4186.572,4202.655,11.3836,0.721
2025-11-13 16:00:00,4202.68,4211.028,4195.805,4206.904,9.5954,0.713
2025-11-13 17:00:00,4206.764,4208.625,4193.305,4201.868,9.1018,0.698
2025-11-13 18:00:00,4201.918,4203.41,4145.295,4157.987,13.8271,0.664
2025-11-13 19:00:00,4157.962,4170.683,4145.878,4163.965,9.5413,0.65
2025-11-13 20:00:00,4164.02,4170.838,4160.34,4164.105,8.527,0.674
2025-11-13 21:00:00,4164.065,4181.255,4161.283,4171.51,3.3121,0.692
2025-11-13 23:00:00,4171.335,4186.789,4169.547,4186.105,2.1255,0.845
2025-11-14 00:00:00,4186.17,4189.96,4178.215,4183.88,2.3339,0.751
2025-11-14 01:00:00,4183.646,4193.856,4173.73,4190.025,4.7989,0.751
2025-11-14 02:00:00,4190.09,4210.405,4188.74,4207.23,3.872,0.747
2025-11-14 03:00:00,4207.155,4211.355,4201.52,4204.49,2.5756,0.744
2025-11-14 04:00:00,4204.465,4205.83,4196.988,4203.31,2.1035,0.75
2025-11-14 05:00:00,4203.34,4203.69,4184.045,4189.932,5.435,0.724
2025-11-14 06:00:00,4189.774,4193.44,4169.77,4175.42,5.7553,0.698
2025-11-14 07:00:00,4175.405,4182.445,4159.045,4181.215,6.3821,0.629
2025-11-14 08:00:00,4181.155,4187.14,4170.18,4176.165,5.9657,0.584
2025-11-14 09:00:00,4176.11,4180.644,4166.56,4169.455,4.9676,0.585
2025-11-14 10:00:00,4169.41,4171.128,4159.276,4168.005,4.0339,0.605
2025-11-14 11:00:00,4168.025,4170.01,4130.945,4133.073,4.632,0.624
2025-11-14 12:00:00,4133.024,4140.73,4107.863,4116.175,7.8627,0.574
2025-11-14 13:00:00,4116.2,4119.155,4041.325,4055.86,11.1989,0.715
2025-11-14 14:00:00,4055.62,4084.11,4032.25,4082.87,9.5989,0.626
2025-11-14 15:00:00,4082.815,4096.695,4068.27,4093.688,8.1192,0.562
2025-11-14 16:00:00,4093.743,4111.175,4081.015,4105.215,6.1866,0.544
2025-11-14 17:00:00,4105.24,4110.695,4094.22,4099.985,6.0316,0.531
2025-11-14 18:00:00,4099.965,4103.74,4080.92,4098.125,5.5234,0.523
2025-11-14 19:00:00,4098.155,4100.203,4087.787,4090.045,3.9111,0.52
2025-11-14 20:00:00,4090.11,4092.46,4075.598,4087.227,4.8516,0.518
2025-11-14 21:00:00,4087.185,4087.248,4077.875,4083.085,2.3354,0.716
2025-11-16 23:00:00,4087.1,4106.775,4071.688,4096.486,3.3773,1.221
2025-11-17 00:00:00,4096.516,4098.526,4080.81,4083.31,3.31,0.708
2025-11-17 01:00:00,4083.28,4101.98,4082.64,4091.29,4.5797,0.746
2025-11-17 02:00:00,4091.16,4093.835,4080.84,4081.782,3.732,0.655
2025-11-17 03:00:00,4081.677,4085.785,4069.96,4083.03,3.4334,0.754
2025-11-17 04:00:00,4083.01,4088.07,4076.93,4078.66,2.252,0.669
2025-11-17 05:00:00,4078.7,4078.795,4049.8,4058.405,4.1143,0.574
2025-11-17 06:00:00,4058.425,4071.985,4054.815,4066.1,3.4823,0.588
2025-11-17 07:00:00,4065.907,4089.26,4065.25,4088.135,3.0693,0.55
2025-11-17 08:00:00,4088.345,4096.02,4072.14,4077.46,3.5936,0.544
2025-11-17 09:00:00,4077.435,4088.765,4072.345,4082.195,2.9052,0.534
2025-11-17 10:00:00,4082.205,4089.525,4068.48,4070.275,2.9901,0.564
2025-11-17 11:00:00,4070.3,4085.955,4061.178,4078.495,3.1137,0.537
2025-11-17 12:00:00,4078.485,4085.41,4074.736,4077.275,2.4765,0.533
2025-11-17 13:00:00,4077.25,4092.383,4060.785,4065.465,4.3969,0.611
2025-11-17 14:00:00,4065.485,4082.085,4060.74,4076.305,5.7454,0.612
2025-11-17 15:00:00,4076.405,4077.64,4060.82,4064.38,5.8953,0.609
2025-11-17 16:00:00,4064.25,4073.79,4052.29,4070.07,4.5575,0.614
2025-11-17 17:00:00,4070.145,4081.2,4069.716,4073.396,4.485,0.602
2025-11-17 18:00:00,4073.44,4076.25,4062.395,4062.74,6.4531,0.577
2025-11-17 19:00:00,4062.725,4065.27,4010.928,4011.308,8.6345,0.612
2025-11-17 20:00:00,4011.355,4044.275,4006.968,4041.11,6.6576,0.62
2025-11-17 21:00:00,4041.145,4046.226,4038.998,4045.085,1.4675,0.689
2025-11-17 23:00:00,4044.6,4055.5,4028.93,4036.8,2.6358,0.941
2025-11-18 00:00:00,4036.86,4041.28,4027.35,4040.125,3.2063,0.698
2025-11-18 01:00:00,4040.165,4045.275,4022.492,4025.11,4.6765,0.688
2025-11-18 02:00:00,4024.717,4035.915,4015.39,4017.96,3.8191,0.615
2025-11-18 03:00:00,4017.94,4026.575,4008.53,4013.365,3.5345,0.614
2025-11-18 04:00:00,4013.39,4018.14,4004.745,4010.42,3.4351,0.604
2025-11-18 05:00:00,4010.48,4025.29,4008.195,4018.97,3.6998,0.576
2025-11-18 06:00:00,4019.055,4020.56,4007.705,4008.95,4.6714,0.558
2025-11-18 07:00:00,4008.95,4017.585,3997.992,4013.82,4.2752,0.533
2025-11-18 08:00:00,4013.845,4042.78,4010.575,4036.775,4.1585,0.547
2025-11-18 09:00:00,4036.74,4047.285,4030.325,4040.295,3.1417,0.534
2025-11-18 10:00:00,4040.28,4050.42,4037.485,4044.25,3.6451,0.549
2025-11-18 11:00:00,4044.325,4050.465,4036.96,4039.56,2.5945,0.521
2025-11-18 12:00:00,4039.6,4045.25,4029.285,4032.505,4.7621,0.528
2025-11-18 13:00:00,4032.445,4070.425,4031.408,4065.275,6.1612,0.57
2025-11-18 14:00:00,4065.37,4081.94,4058.22,4065.76,6.3605,0.575
2025-11-18 15:00:00,4065.705,4072.465,4049.255,4053.06,8.7291,0.594
2025-11-18 16:00:00,4053.14,4069.24,4040.495,4066.88,5.9683,0.549
2025-11-18 17:00:00,4066.87,4075.8,4059.465,4071.575,4.6104,0.563
2025-11-18 18:00:00,4071.675,4074.83,4063.205,4072.645,3.3083,0.525
2025-11-18 19:00:00,4072.625,4081.95,4072.625,4081.22,4.4668,0.568
2025-11-18 20:00:00,4081.25,4082.52,4067.4,4069.65,7.1402,0.515
2025-11-18 21:00:00,4069.685,4072.465,4064.985,4067.375,1.2861,0.536
2025-11-18 23:00:00,4068.55,4078.055,4066.028,4076.95,1.4166,0.879
2025-11-19 00:00:00,4076.91,4078.38,4067.645,4069.435,2.2366,0.587
2025-11-19 01:00:00,4069.45,4070.435,4056.465,4059.172,4.4497,0.64
2025-11-19 02:00:00,4059.177,4080.735,4055.576,4075.725,3.9859,0.6
2025-11-19 03:00:00,4075.664,4078.74,4066.175,4067.025,2.9769,0.579
2025-11-19 04:00:00,4067.05,4077.065,4064.625,4075.25,2.5196,0.583
2025-11-19 05:00:00,4075.29,4097.585,4074.33,4095.595,3.9848,0.587
2025-11-19 06:00:00,4095.585,4098.69,4089.14,4091.06,3.1184,0.576
2025-11-19 07:00:00,4091.055,4096.951,4084.9,4086.99,2.4194,0.544
2025-11-19 08:00:00,4086.975,4088.85,4078.37,4083.475,2.7841,0.514
2025-11-19 09:00:00,4083.325,4116.415,4081.224,4113.41,3.8016,0.542
2025-11-19 10:00:00,4113.495,4119.165,4107.125,4109.09,3.2584,0.535
2025-11-19 11:00:00,4109.06,4117.7,4106.53,4113.075,2.702,0.537
2025-11-19 12:00:00,4113.06,4119.935,4112.265,4114.625,2.8916,0.538
2025-11-19 13:00:00,4114.66,4117.87,4100.88,4110.765,5.0707,0.543
2025-11-19 14:00:00,4110.8,4129.05,4102.035,4127.94,9.0818,0.498
2025-11-19 15:00:00,4127.915,4132.945,4090.12,4096.81,10.1018,0.497
2025-11-19 16:00:00,4096.745,4098.665,4067.995,4074.74,7.3322,0.579
2025-11-19 17:00:00,4074.75,4081.255,4055.67,4078.885,6.3825,0.553
2025-11-19 18:00:00,4079.0,4091.408,4075.83,4087.314,4.9244,0.55
2025-11-19 19:00:00,4087.308,4087.745,4069.31,4073.715,4.8119,0.545
2025-11-19 20:00:00,4073.75,4082.205,4072.365,4076.36,7.9164,0.509
2025-11-19 21:00:00,4076.345,4084.825,4065.675,4077.24,2.891,0.557
2025-11-19 23:00:00,4078.89,4108.205,4078.45,4104.54,2.6508,0.948
2025-11-20 00:00:00,4104.64,4110.203,4100.46,4103.14,3.3008,0.631
2025-11-20 01:00:00,4103.1,4109.23,4081.19,4081.54,4.9621,0.576
2025-11-20 02:00:00,4081.375,4081.715,4040.616,4067.005,6.2288,0.72
2025-11-20 03:00:00,4066.965,4085.64,4064.92,4072.38,3.9347,0.618
2025-11-20 04:00:00,4072.41,4080.58,4068.42,4075.605,2.7486,0.637
2025-11-20 05:00:00,4075.62,4076.005,4064.495,4066.81,3.4991,0.652
2025-11-20 06:00:00,4066.77,4077.88,4058.605,4068.46,4.2539,0.603
2025-11-20 07:00:00,4068.405,4076.69,4054.335,4059.96,2.8519,0.621
2025-11-20 08:00:00,4059.845,4069.53,4038.91,4063.58,4.3908,0.619
2025-11-20 09:00:00,4063.565,4072.805,4055.774,4064.215,3.2554,0.655
2025-11-20 10:00:00,4064.245,4068.315,4058.285,4059.905,2.7852,0.68
2025-11-20 11:00:00,4059.895,4068.554,4051.105,4060.86,2.602,0.686
2025-11-20 12:00:00,4060.735,4082.04,4060.205,4081.83,3.2032,0.669
2025-11-20 13:00:00,4081.875,4096.455,4066.936,4080.475,8.7432,0.741
2025-11-20 14:00:00,4080.29,4107.4,4072.285,4093.275,9.4346,0.742
2025-11-20 15:00:00,4093.255,4098.825,4070.22,4070.415,8.5102,0.677
2025-11-20 16:00:00,4070.308,4082.645,4044.835,4049.24,9.1561,0.687
2025-11-20 17:00:00,4049.115,4068.575,4043.672,4066.295,9.5171,0.687
2025-11-20 18:00:00,4066.18,4072.665,4056.28,4060.63,7.4696,0.688
2025-11-20 19:00:00,4060.61,4087.32,4059.022,4084.692,9.7476,0.666
2025-11-20 20:00:00,4084.68,4085.172,4073.455,4077.438,9.4603,0.655
2025-11-20 21:00:00,4077.45,4081.015,4074.445,4076.87,2.0597,0.66
2025-11-20 23:00:00,4076.7,4088.965,4073.038,4079.165,2.2077,1.102
2025-11-21 00:00:00,4079.15,4081.534,4071.66,4073.875,2.1556,0.735
2025-11-21 01:00:00,4073.895,4074.664,4060.565,4068.635,5.3521,0.582
2025-11-21 02:00:00,4068.638,4080.07,4056.6,4057.32,4.409,0.652
2025-11-21 03:00:00,4057.335,4059.574,4049.455,4056.265,4.2324,0.732
2025-11-21 04:00:00,4056.27,4062.53,4047.712,4052.295,3.3588,0.736
2025-11-21 05:00:00,4052.298,4060.034,4039.974,4058.715,4.872,0.744
2025-11-21 06:00:00,4058.743,4065.095,4029.34,4032.81,4.5031,0.759
2025-11-21 07:00:00,4032.647,4039.9,4024.882,4031.7,4.567,0.747
2025-11-21 08:00:00,4031.74,4048.16,4022.415,4041.21,4.7356,0.749
2025-11-21 09:00:00,4041.17,4063.52,4040.31,4050.625,5.0388,0.75
2025-11-21 10:00:00,4050.6,4052.8,4032.43,4037.175,5.1916,0.749
2025-11-21 11:00:00,4037.145,4046.995,4031.178,4036.7,4.7631,0.739
2025-11-21 12:00:00,4036.63,4071.822,4034.86,4065.963,6.1755,0.742
2025-11-21 13:00:00,4065.988,4081.41,4059.257,4079.745,10.1792,0.726
2025-11-21 14:00:00,4079.728,4084.02,4061.695,4071.545,8.7304,0.783
2025-11-21 15:00:00,4071.196,4076.895,4055.152,4069.67,10.1152,0.669
2025-11-21 16:00:00,4069.537,4100.73,4063.015,4099.985,7.5711,0.61
2025-11-21 17:00:00,4099.887,4101.132,4079.1,4085.64,10.0924,0.597
2025-11-21 18:00:00,4085.532,4088.272,4076.51,4082.872,7.0573,0.595
2025-11-21 19:00:00,4082.882,4092.222,4082.625,4087.667,6.4768,0.594
2025-11-21 20:00:00,4087.685,4088.82,4055.254,4067.386,9.66,0.591
2025-11-21 21:00:00,4067.396,4069.206,4054.663,4064.935,3.6264,0.916
2025-11-23 23:00:00,4071.5,4077.785,4065.78,4075.19,2.6679,0.921
2025-11-24 00:00:00,4075.175,4076.135,4058.31,4067.536,2.0949,0.673
2025-11-24 01:00:00,4067.576,4073.282,4042.765,4044.22,4.6393,0.734
2025-11-24 02:00:00,4044.18,4051.69,4040.68,4043.65,2.7089,0.671
2025-11-24 03:00:00,4043.63,4058.27,4043.63,4050.425,2.593,0.617
2025-11-24 04:00:00,4050.385,4061.405,4042.31,4044.265,2.8141,0.708
2025-11-24 05:00:00,4044.305,4049.665,4040.23,4046.51,2.7801,0.65
2025-11-24 06:00:00,4046.48,4058.2,4045.61,4053.465,3.3134,0.804
2025-11-24 07:00:00,4053.47,4067.73,4051.605,4060.13,4.1239,0.673
2025-11-24 08:00:00,4060.105,4067.034,4059.68,4063.43,2.8484,0.528
2025-11-24 09:00:00,4063.385,4074.33,4063.1,4071.96,3.3401,0.542
2025-11-24 10:00:00,4071.985,4077.31,4063.32,4063.97,2.9936,0.667
2025-11-24 11:00:00,4063.93,4071.67,4063.27,4070.04,4.2858,0.591
2025-11-24 12:00:00,4070.03,4084.16,4065.705,4080.46,3.7897,0.73
2025-11-24 13:00:00,4080.49,4085.955,4073.71,4077.9,6.2292,0.713
2025-11-24 14:00:00,4077.92,4086.232,4068.45,4081.5,8.0207,0.718
2025-11-24 15:00:00,4081.61,4093.938,4081.36,4091.806,8.4319,0.701
2025-11-24 16:00:00,4091.785,4099.05,4089.696,4097.34,6.9218,0.695
2025-11-24 17:00:00,4097.34,4100.485,4088.916,4093.078,6.1854,0.699
2025-11-24 18:00:00,4093.08,4125.94,4088.03,4120.58,7.1052,0.697
2025-11-24 19:00:00,4120.61,4124.26,4114.02,4118.59,5.921,0.684
2025-11-24 20:00:00,4118.527,4133.504,4118.094,4132.69,7.4246,0.699
2025-11-24 21:00:00,4132.586,4139.95,4130.125,4135.495,3.5443,0.717
2025-11-24 23:00:00,4133.235,4144.446,4125.225,4143.856,2.487,1.182
2025-11-25 00:00:00,4143.666,4144.547,4127.54,4129.625,4.9791,0.695
2025-11-25 01:00:00,4129.755,4139.335,4122.64,4134.879,4.6917,0.737
2025-11-25 02:00:00,4134.85,4155.96,4132.905,4150.717,4.4761,0.723
2025-11-25 03:00:00,4150.686,4150.761,4139.59,4143.22,4.2868,0.717
2025-11-25 04:00:00,4143.205,4148.425,4139.59,4140.77,2.1296,0.736
2025-11-25 05:00:00,4140.812,4152.073,4140.812,4151.14,3.2297,0.716
2025-11-25 06:00:00,4151.085,4152.135,4138.74,4141.61,4.0596,0.737
2025-11-25 07:00:00,4141.56,4146.029,4130.17,4132.536,3.4603,0.739
2025-11-25 08:00:00,4132.545,4139.55,4109.68,4116.032,4.2313,0.591
2025-11-25 09:00:00,4116.145,4131.44,4114.05,4128.48,4.0425,0.592
2025-11-25 10:00:00,4128.5,4138.87,4127.51,4131.4,2.7758,0.563
2025-11-25 11:00:00,4131.38,4137.44,4127.873,4133.564,2.99,0.553
2025-11-25 12:00:00,4133.558,4138.8,4115.985,4130.01,5.6056,0.581
2025-11-25 13:00:00,4130.07,4150.902,4129.6,4147.767,4.6898,0.769
2025-11-25 14:00:00,4147.742,4148.68,4111.055,4125.59,9.3695,0.722
2025-11-25 15:00:00,4125.575,4133.995,4118.02,4123.265,7.4511,0.715
2025-11-25 16:00:00,4123.242,4141.412,4122.18,4136.435,5.4918,0.718
2025-11-25 17:00:00,4136.405,4159.42,4136.135,4146.265,7.8424,0.699
2025-11-25 18:00:00,4146.285,4151.045,4132.709,4134.32,6.8396,0.724
2025-11-25 19:00:00,4134.305,4140.395,4128.586,4133.88,4.8184,0.735
2025-11-25 20:00:00,4133.91,4138.492,4130.668,4132.385,6.0524,0.708
2025-11-25 21:00:00,4132.407,4132.625,4127.812,4130.88,1.586,0.738
2025-11-25 23:00:00,4132.3,4137.234,4129.955,4133.885,0.9502,0.976
2025-11-26 00:00:00,4133.905,4144.48,4132.82,4142.935,1.6907,0.749
2025-11-26 01:00:00,4143.05,4152.96,4138.69,4148.51,3.1791,0.744
2025-11-26 02:00:00,4148.48,4166.75,4147.45,4161.76,3.8093,0.748
2025-11-26 03:00:00,4162.08,4169.588,4160.32,4166.14,2.3854,0.752
2025-11-26 04:00:00,4166.12,4167.15,4156.63,4162.04,2.4637,0.735
2025-11-26 05:00:00,4162.06,4168.8,4160.375,4162.428,2.7403,0.74
2025-11-26 06:00:00,4162.334,4162.88,4146.81,4150.19,2.5557,0.747
2025-11-26 07:00:00,4150.2,4161.73,4149.32,4157.58,2.2465,0.743
2025-11-26 08:00:00,4157.605,4168.59,4154.855,4161.15,3.1776,0.742
2025-11-26 09:00:00,4161.09,4164.64,4156.53,4162.805,4.2811,0.669
2025-11-26 10:00:00,4162.825,4165.22,4156.115,4160.15,3.1324,0.728
2025-11-26 11:00:00,4160.206,4173.146,4157.855,4171.68,2.7508,0.739
2025-11-26 12:00:00,4171.65,4173.52,4148.912,4155.325,4.3514,0.741
2025-11-26 13:00:00,4155.36,4166.73,4149.145,4153.502,3.8752,0.769
2025-11-26 14:00:00,4153.522,4157.04,4140.228,4142.305,6.1464,0.69
2025-11-26 15:00:00,4142.14,4165.79,4136.42,4165.42,4.892,0.609
2025-11-26 16:00:00,4165.54,4168.69,4160.76,4167.22,3.7657,0.615
2025-11-26 17:00:00,4167.25,4169.965,4165.165,4167.3,4.2552,0.576
2025-11-26 18:00:00,4167.325,4171.758,4158.16,4164.86,4.1671,0.599
2025-11-26 19:00:00,4164.83,4169.85,4162.59,4163.39,1.9666,0.61
2025-11-26 20:00:00,4163.37,4167.574,4161.47,4164.094,3.9858,0.601
2025-11-26 21:00:00,4164.098,4167.65,4162.29,4162.998,1.9496,0.59
2025-11-26 23:00:00,4165.14,4168.894,4162.58,4164.786,1.1802,1.004
2025-11-27 00:00:00,4164.54,4167.162,4161.791,4164.59,1.854,0.67
2025-11-27 01:00:00,4164.57,4165.41,4148.79,4154.375,3.9203,0.602
2025-11-27 02:00:00,4154.4,4156.29,4144.62,4145.57,3.3284,0.605
2025-11-27 03:00:00,4145.518,4150.73,4144.385,4147.515,2.22,0.62
2025-11-27 04:00:00,4147.48,4154.764,4142.73,4150.97,2.6711,0.611
2025-11-27 05:00:00,4150.96,4154.84,4144.75,4147.096,2.3839,0.6
2025-11-27 06:00:00,4147.06,4159.29,4147.04,4157.54,4.1626,0.581
2025-11-27 07:00:00,4157.56,4162.53,4155.605,4160.167,3.2552,0.6
2025-11-27 08:00:00,4160.255,4167.175,4159.655,4165.78,3.8135,0.648
2025-11-27 09:00:00,4165.77,4165.905,4148.43,4158.605,3.1912,0.547
2025-11-27 10:00:00,4158.625,4160.635,4152.49,4156.53,3.0719,0.601
2025-11-27 11:00:00,4156.5,4162.545,4155.98,4157.42,1.6776,0.611
2025-11-27 12:00:00,4157.43,4159.31,4153.625,4154.19,1.2449,0.609
2025-11-27 13:00:00,4153.965,4158.18,4149.2,4155.01,2.9618,0.614
2025-11-27 14:00:00,4155.04,4160.81,4152.99,4153.37,2.6329,0.615
2025-11-27 15:00:00,4153.39,4161.88,4153.055,4158.13,2.1385,0.604
2025-11-27 16:00:00,4158.115,4158.45,4151.54,4156.4,1.7499,0.601
2025-11-27 17:00:00,4156.42,4159.27,4154.815,4157.98,1.3288,0.595
2025-11-27 18:00:00,4157.975,4159.965,4155.85,4159.275,0.7873,0.62
2025-11-27 19:00:00,4159.27,4160.42,4157.828,4157.912,0.4348,0.661
2025-11-27 23:00:00,4157.965,4163.835,4157.705,4163.335,0.519,0.752
2025-11-28 00:00:00,4163.24,4183.675,4163.025,4180.795,2.7037,0.612
2025-11-28 01:00:00,4180.775,4193.24,4180.715,4191.265,4.0169,0.581
2025-11-28 02:00:00,4191.205,4192.047,4186.04,4189.405,2.5621,0.6
2025-11-28 03:00:00,4189.275,4192.085,4182.57,4184.06,0.7759,0.911
2025-11-28 04:00:00,4184.345,4188.76,4178.633,4188.6,2.1669,0.898
2025-11-28 05:00:00,4188.49,4188.845,4175.252,4182.325,1.4426,1.063
2025-11-28 06:00:00,4182.08,4189.575,4181.245,4187.375,1.2132,0.989
2025-11-28 07:00:00,4187.385,4187.94,4172.747,4174.68,1.0608,0.874
2025-11-28 08:00:00,4174.695,4176.322,4154.635,4170.305,3.1505,7.855
2025-11-28 09:00:00,4170.305,4171.657,4157.412,4166.795,6.9634,5.209
2025-11-28 10:00:00,4166.885,4178.57,4160.551,4163.817,5.3581,2.311
2025-11-28 11:00:00,4163.782,4180.39,4162.947,4172.032,10.7113,2.181
2025-11-28 12:00:00,4172.002,4177.992,4168.17,4176.86,3.0907,2.008
2025-11-28 13:00:00,4176.855,4183.045,4168.791,4182.695,2.6131,1.67
2025-11-28 14:00:00,4182.71,4209.01,4182.705,4198.175,5.9958,0.674
2025-11-28 15:00:00,4198.185,4204.225,4185.745,4203.92,5.015,0.647
2025-11-28 16:00:00,4203.84,4210.915,4197.89,4206.34,3.9556,0.55
2025-11-28 17:00:00,4206.345,4217.055,4204.44,4216.96,5.4559,0.469
2025-11-28 18:00:00,4217.05,4227.11,4211.03,4220.48,3.6224,0.591
2025-11-28 19:00:00,4220.46,4222.02,4216.33,4219.272,2.5208,0.606
2025-11-30 23:00:00,4223.252,4231.646,4205.475,4222.04,3.6395,0.971
2025-12-01 00:00:00,4221.935,4233.67,4218.35,4230.845,3.609,0.603
2025-12-01 01:00:00,4230.82,4256.43,4219.87,4255.635,7.8387,0.674
2025-12-01 02:00:00,4255.615,4256.573,4234.29,4242.855,5.9651,0.723
2025-12-01 03:00:00,4242.84,4244.03,4232.694,4239.43,5.5305,0.719
2025-12-01 04:00:00,4239.45,4247.04,4236.53,4245.73,5.1563,0.682
2025-12-01 05:00:00,4245.77,4246.75,4215.608,4229.69,5.5056,0.73
2025-12-01 06:00:00,4229.67,4240.575,4226.26,4237.1,6.2805,0.665
2025-12-01 07:00:00,4237.285,4246.672,4231.866,4245.336,4.1596,0.708
2025-12-01 08:00:00,4245.346,4253.665,4238.336,4244.75,5.5195,0.7
2025-12-01 09:00:00,4244.77,4251.84,4243.734,4250.13,4.6255,0.714
2025-12-01 10:00:00,4250.154,4262.388,4249.252,4255.64,4.4636,0.733
2025-12-01 11:00:00,4255.77,4258.59,4248.32,4254.615,4.5472,0.728
2025-12-01 12:00:00,4254.595,4256.72,4244.265,4246.615,4.3452,0.577
2025-12-01 13:00:00,4246.63,4264.67,4245.72,4247.44,5.0089,0.564
2025-12-01 14:00:00,4247.49,4249.385,4219.69,4240.16,6.9484,0.61
2025-12-01 15:00:00,4240.145,4244.937,4219.735,4232.505,7.8098,0.594
2025-12-01 16:00:00,4232.52,4242.52,4225.335,4226.29,7.4747,0.589
2025-12-01 17:00:00,4226.41,4240.147,4223.155,4232.335,4.7566,0.573
2025-12-01 18:00:00,4232.375,4244.76,4232.375,4240.37,5.4073,0.569
2025-12-01 19:00:00,4240.405,4243.906,4229.392,4237.035,5.6551,0.574
2025-12-01 20:00:00,4236.97,4241.525,4234.539,4237.504,3.8068,0.565
2025-12-01 21:00:00,4237.414,4240.53,4230.255,4231.555,2.3219,0.591
2025-12-01 23:00:00,4232.3,4236.145,4224.52,4227.606,1.5057,0.808
2025-12-02 00:00:00,4227.702,4229.795,4221.685,4226.85,2.8307,0.661
2025-12-02 01:00:00,4226.74,4227.205,4199.024,4219.64,6.0446,0.691
2025-12-02 02:00:00,4219.615,4224.69,4214.49,4221.715,3.0987,0.633
2025-12-02 03:00:00,4221.69,4226.41,4215.765,4216.83,2.8039,0.63
2025-12-02 04:00:00,4216.86,4220.725,4213.735,4218.82,1.9049,0.608
2025-12-02 05:00:00,4218.78,4225.625,4215.205,4225.055,2.6812,0.608
2025-12-02 06:00:00,4225.057,4226.365,4203.305,4212.905,4.293,0.617
2025-12-02 07:00:00,4212.895,4219.475,4209.735,4213.47,2.1852,0.582
2025-12-02 08:00:00,4213.495,4217.236,4207.164,4210.27,2.8341,0.553
2025-12-02 09:00:00,4210.22,4213.24,4181.17,4192.065,3.4136,0.575
2025-12-02 10:00:00,4191.965,4192.533,4182.365,4185.885,3.4448,0.609
2025-12-02 11:00:00,4185.86,4206.035,4185.03,4205.594,3.1336,0.561
2025-12-02 12:00:00,4205.578,4209.67,4201.105,4208.74,2.089,0.545
2025-12-02 13:00:00,4209.0,4215.325,4202.185,4212.55,4.6366,0.589
2025-12-02 14:00:00,4212.505,4230.66,4212.385,4219.015,7.4358,0.577
2025-12-02 15:00:00,4218.925,4219.715,4163.772,4169.56,8.8606,0.59
2025-12-02 16:00:00,4169.634,4190.32,4166.885,4184.98,5.5579,0.577
2025-12-02 17:00:00,4185.035,4196.935,4184.79,4193.918,3.9185,0.573
2025-12-02 18:00:00,4193.863,4196.995,4183.285,4190.895,3.8548,0.562
2025-12-02 19:00:00,4190.93,4200.451,4190.93,4196.515,2.8816,0.562
2025-12-02 20:00:00,4196.54,4212.485,4194.865,4210.17,3.8854,0.583
2025-12-02 21:00:00,4210.16,4211.85,4205.316,4206.115,1.2791,0.594
2025-12-02 23:00:00,4207.625,4216.22,4202.842,4212.735,1.3259,0.914
2025-12-03 00:00:00,4212.705,4212.905,4204.64,4211.97,3.6203,0.621
2025-12-03 01:00:00,4211.892,4221.23,4211.776,4214.455,6.6191,0.62
2025-12-03 02:00:00,4214.44,4229.045,4214.24,4226.745,5.2151,0.62
2025-12-03 03:00:00,4226.72,4227.62,4220.15,4221.225,2.9521,0.596
2025-12-03 04:00:00,4221.195,4225.504,4217.435,4222.47,2.302,0.617
2025-12-03 05:00:00,4222.405,4224.065,4203.45,4207.762,4.8337,0.607
2025-12-03 06:00:00,4207.772,4211.97,4204.81,4208.225,3.9742,0.622
2025-12-03 07:00:00,4208.26,4210.4,4200.37,4206.355,2.6265,0.586
2025-12-03 08:00:00,4206.758,4210.256,4203.856,4206.48,3.1424,0.554
2025-12-03 09:00:00,4206.445,4207.65,4197.21,4202.215,4.1583,0.527
2025-12-03 10:00:00,4202.13,4204.968,4194.654,4200.685,4.0373,0.58
2025-12-03 11:00:00,4200.715,4209.23,4197.15,4208.765,2.6449,0.551
2025-12-03 12:00:00,4208.8,4214.405,4205.155,4213.585,3.4931,0.562
2025-12-03 13:00:00,4213.645,4238.565,4211.306,4237.335,5.5909,0.597
2025-12-03 14:00:00,4237.305,4241.595,4205.175,4212.525,9.5798,0.619
2025-12-03 15:00:00,4211.095,4229.515,4206.105,4216.405,6.3287,0.595
2025-12-03 16:00:00,4216.37,4225.28,4195.85,4200.89,6.5915,0.586
2025-12-03 17:00:00,4200.895,4215.48,4200.37,4211.095,5.5586,0.569
2025-12-03 18:00:00,4211.135,4211.595,4195.24,4197.03,4.8282,0.545
2025-12-03 19:00:00,4197.215,4210.03,4196.985,4207.895,3.5296,0.561
2025-12-03 20:00:00,4207.9,4212.8,4203.62,4206.225,5.193,0.511
2025-12-03 21:00:00,4206.31,4210.15,4202.235,4203.035,1.4359,0.604
2025-12-03 23:00:00,4204.4,4209.012,4202.763,4207.388,1.7495,0.836
2025-12-04 00:00:00,4207.373,4215.969,4204.674,4211.77,3.0281,0.676
2025-12-04 01:00:00,4211.745,4217.05,4205.895,4209.26,5.1874,0.639
2025-12-04 02:00:00,4209.34,4209.34,4199.07,4200.66,4.0311,0.637
2025-12-04 03:00:00,4200.69,4201.6,4187.485,4195.865,3.3661,0.618
2025-12-04 04:00:00,4195.805,4199.2,4192.845,4197.075,2.6351,0.61
2025-12-04 05:00:00,4197.035,4199.13,4175.12,4181.14,4.115,0.615
2025-12-04 06:00:00,4181.17,4190.43,4178.825,4190.314,6.0115,0.638
2025-12-04 07:00:00,4190.32,4195.195,4186.635,4193.905,3.2104,0.557
2025-12-04 08:00:00,4193.89,4196.462,4184.83,4184.83,5.4724,0.561
2025-12-04 09:00:00,4185.015,4202.315,4183.605,4199.995,3.8214,0.561
2025-12-04 10:00:00,4200.015,4202.808,4196.665,4197.425,2.6138,0.564
2025-12-04 11:00:00,4197.465,4206.605,4197.237,4198.605,2.31,0.557
2025-12-04 12:00:00,4198.492,4201.904,4188.77,4190.53,3.0466,0.553
2025-12-04 13:00:00,4190.295,4198.55,4185.485,4198.38,5.2903,0.584
2025-12-04 14:00:00,4198.33,4213.555,4193.555,4201.425,7.3435,0.562
2025-12-04 15:00:00,4201.24,4210.315,4191.52,4207.406,7.116,0.571
2025-12-04 16:00:00,4207.545,4219.535,4206.595,4215.745,5.3722,0.552
2025-12-04 17:00:00,4215.835,4217.685,4208.915,4216.665,2.9428,0.524
2025-12-04 18:00:00,4216.615,4217.65,4207.428,4208.01,3.1625,0.529
2025-12-04 19:00:00,4208.085,4210.21,4199.69,4209.04,4.416,0.557
2025-12-04 20:00:00,4208.9,4210.402,4205.474,4209.96,2.9467,0.523
2025-12-04 21:00:00,4209.95,4210.37,4207.235,4207.78,0.9607,0.605
2025-12-04 23:00:00,4208.4,4209.976,4203.95,4206.258,1.1859,0.732
2025-12-05 00:00:00,4206.289,4210.65,4201.216,4201.785,1.6959,0.635
2025-12-05 01:00:00,4201.715,4204.545,4194.77,4203.09,3.9959,0.65
2025-12-05 02:00:00,4203.12,4208.664,4196.791,4207.322,3.2968,0.641
2025-12-05 03:00:00,4207.306,4210.892,4201.78,4209.645,2.95,0.628
2025-12-05 04:00:00,4209.625,4217.604,4208.115,4216.918,2.3887,0.626
2025-12-05 05:00:00,4216.928,4221.388,4214.4,4220.648,3.6232,0.61
2025-12-05 06:00:00,4220.66,4229.34,4218.745,4224.67,5.2998,0.604
2025-12-05 07:00:00,4224.695,4230.775,4222.55,4224.495,3.0661,0.537
2025-12-05 08:00:00,4224.51,4227.24,4220.615,4220.65,4.0824,0.54
2025-12-05 09:00:00,4220.466,4225.215,4216.02,4223.43,2.0508,0.543
2025-12-05 10:00:00,4223.45,4227.58,4222.525,4222.966,1.5432,0.539
2025-12-05 11:00:00,4222.952,4225.81,4220.13,4223.64,2.7983,0.489
2025-12-05 12:00:00,4223.715,4229.81,4222.915,4228.81,3.6933,0.516
2025-12-05 13:00:00,4228.84,4239.005,4221.55,4234.62,6.0258,0.556
2025-12-05 14:00:00,4234.6,4245.546,4228.355,4242.255,7.2448,0.582
2025-12-05 15:00:00,4242.225,4259.39,4234.225,4243.765,8.1377,0.569
2025-12-05 16:00:00,4243.915,4245.825,4198.545,4214.085,9.2715,0.597
2025-12-05 17:00:00,4214.175,4219.818,4206.575,4217.645,5.3425,0.531
2025-12-05 18:00:00,4217.62,4219.38,4206.72,4208.96,4.3792,0.526
2025-12-05 19:00:00,4208.915,4211.065,4202.37,4207.62,4.3579,0.571
2025-12-05 20:00:00,4207.79,4207.79,4199.32,4202.21,4.5261,0.512
2025-12-05 21:00:00,4202.22,4202.51,4192.1,4197.935,3.9569,0.602
2025-12-07 23:00:00,4201.81,4204.99,4195.558,4201.52,0.8486,3.136
2025-12-08 00:00:00,4201.695,4211.91,4199.66,4210.845,3.8162,0.748
2025-12-08 01:00:00,4210.865,4211.872,4197.545,4201.2,4.939,0.638
2025-12-08 02:00:00,4201.225,4212.625,4198.64,4208.51,3.6508,0.648
2025-12-08 03:00:00,4208.54,4213.215,4206.955,4210.225,2.6591,0.612
2025-12-08 04:00:00,4210.18,4213.36,4207.06,4208.685,2.2519,0.625
2025-12-08 05:00:00,4208.655,4217.325,4204.735,4217.235,2.9977,0.636
2025-12-08 06:00:00,4217.225,4219.095,4212.24,4217.12,3.3006,0.671
2025-12-08 07:00:00,4217.125,4217.535,4206.375,4206.885,2.6785,0.567
2025-12-08 08:00:00,4206.855,4216.695,4203.175,4209.86,2.6374,0.554
2025-12-08 09:00:00,4209.58,4213.03,4204.324,4207.936,3.0494,0.589
2025-12-08 10:00:00,4207.92,4210.464,4201.16,4203.665,1.9938,0.553
2025-12-08 11:00:00,4203.62,4214.38,4199.666,4208.67,3.6884,0.56
2025-12-08 12:00:00,4208.65,4215.575,4208.492,4213.83,2.169,0.544
2025-12-08 13:00:00,4213.82,4214.745,4197.788,4201.81,4.3833,0.576
2025-12-08 14:00:00,4201.89,4211.828,4195.648,4196.59,5.9548,0.576
2025-12-08 15:00:00,4196.566,4196.805,4176.291,4182.91,7.3269,0.585
2025-12-08 16:00:00,4182.89,4197.945,4176.945,4191.67,5.6136,0.566
2025-12-08 17:00:00,4191.66,4195.71,4185.685,4195.015,3.3458,0.528
2025-12-08 18:00:00,4195.055,4195.76,4184.529,4187.315,3.3364,0.529
2025-12-08 19:00:00,4187.375,4188.92,4184.318,4187.12,2.867,0.534
2025-12-08 20:00:00,4187.05,4195.61,4184.96,4191.64,2.8897,0.515
2025-12-08 21:00:00,4191.645,4193.33,4188.43,4190.155,0.7625,0.524
2025-12-08 23:00:00,4191.3,4195.415,4189.394,4194.818,0.7806,0.723
2025-12-09 00:00:00,4194.765,4195.818,4190.015,4190.555,1.6238,0.622
2025-12-09 01:00:00,4190.505,4197.398,4188.85,4196.345,3.712,0.618
2025-12-09 02:00:00,4196.32,4197.27,4186.085,4189.985,3.058,0.615
2025-12-09 03:00:00,4190.02,4198.836,4190.02,4194.68,2.461,0.634
2025-12-09 04:00:00,4194.59,4195.73,4184.58,4186.91,3.0863,0.614
2025-12-09 05:00:00,4186.89,4187.355,4178.14,4179.745,4.0445,0.625
2025-12-09 06:00:00,4179.795,4184.135,4170.145,4182.095,4.0314,0.638
2025-12-09 07:00:00,4182.165,4185.985,4175.915,4182.4,2.8802,0.57
2025-12-09 08:00:00,4182.445,4192.005,4182.445,4191.7,2.7043,0.571
2025-12-09 09:00:00,4191.696,4212.975,4190.816,4202.915,4.5748,0.563
2025-12-09 10:00:00,4203.194,4208.44,4201.365,4204.1,2.775,0.541
2025-12-09 11:00:00,4204.07,4206.613,4201.24,4203.14,2.0632,0.549
2025-12-09 12:00:00,4203.21,4207.63,4198.61,4204.206,2.6819,0.556
2025-12-09 13:00:00,4204.29,4208.245,4195.745,4201.445,5.3625,0.571
2025-12-09 14:00:00,4201.6,4210.505,4189.487,4205.0,6.1287,0.574
2025-12-09 15:00:00,4204.98,4216.39,4190.095,4212.552,7.1947,0.582
2025-12-09 16:00:00,4212.546,4221.595,4210.096,4212.37,6.991,0.55
2025-12-09 17:00:00,4212.38,4216.31,4201.73,4203.1,4.3887,0.521
2025-12-09 18:00:00,4203.07,4209.95,4201.34,4209.15,4.309,0.53
2025-12-09 19:00:00,4208.91,4214.51,4207.245,4212.66,2.8803,0.528
2025-12-09 20:00:00,4212.63,4216.075,4208.976,4212.18,8.0067,0.512
2025-12-09 21:00:00,4212.24,4213.05,4207.29,4207.775,2.7406,0.535
2025-12-09 23:00:00,4209.335,4213.137,4206.948,4210.766,1.0237,0.828
2025-12-10 00:00:00,4210.752,4212.69,4207.022,4208.355,1.8929,0.678
2025-12-10 01:00:00,4208.317,4218.165,4206.992,4213.81,5.0991,0.643
2025-12-10 02:00:00,4213.787,4218.915,4211.688,4217.12,3.6116,0.633
2025-12-10 03:00:00,4217.1,4217.27,4203.63,4206.395,3.8278,0.615
2025-12-10 04:00:00,4206.325,4209.815,4205.552,4207.125,1.5747,0.612
2025-12-10 05:00:00,4207.036,4214.535,4201.835,4211.505,3.3785,0.625
2025-12-10 06:00:00,4211.46,4211.8,4203.105,4207.385,3.135,0.636
2025-12-10 07:00:00,4207.38,4209.304,4203.27,4203.41,2.0937,0.56
2025-12-10 08:00:00,4203.38,4206.7,4197.09,4197.99,2.9339,0.554
2025-12-10 09:00:00,4197.885,4200.555,4192.715,4194.43,3.1534,0.549
2025-12-10 10:00:00,4194.4,4196.565,4187.78,4193.27,3.2261,0.555
2025-12-10 11:00:00,4193.355,4197.845,4192.67,4197.405,2.4572,0.531
2025-12-10 12:00:00,4197.38,4202.34,4195.365,4196.565,2.7808,0.55
2025-12-10 13:00:00,4196.48,4205.24,4193.165,4200.755,4.4186,0.58
2025-12-10 14:00:00,4200.735,4207.1,4191.37,4192.565,5.6194,0.558
2025-12-10 15:00:00,4192.595,4201.275,4188.93,4193.765,5.9614,0.579
2025-12-10 16:00:00,4193.863,4205.178,4192.995,4204.935,4.694,0.572
2025-12-10 17:00:00,4204.915,4204.915,4196.966,4199.86,6.3711,0.518
2025-12-10 18:00:00,4199.89,4200.815,4192.095,4194.502,4.2725,0.538
2025-12-10 19:00:00,4194.522,4219.85,4182.008,4216.59,12.889,0.686
2025-12-10 20:00:00,4216.56,4238.71,4211.25,4229.696,8.1135,0.568
2025-12-10 21:00:00,4229.53,4232.44,4221.34,4228.025,2.3945,0.57
2025-12-10 23:00:00,4229.2,4234.235,4224.185,4232.55,1.4391,0.776
2025-12-11 00:00:00,4232.54,4245.305,4231.535,4237.34,3.2589,0.643
2025-12-11 01:00:00,4237.31,4247.765,4233.125,4238.36,5.0738,0.64
2025-12-11 02:00:00,4238.335,4240.86,4220.52,4222.33,4.5564,0.633
2025-12-11 03:00:00,4222.238,4224.99,4209.435,4216.88,4.2589,0.638
2025-12-11 04:00:00,4216.722,4218.485,4208.52,4213.585,2.7991,0.615
2025-12-11 05:00:00,4213.565,4216.345,4206.152,4207.43,3.1087,0.612
2025-12-11 06:00:00,4207.47,4215.55,4204.165,4214.625,4.3363,0.599
2025-12-11 07:00:00,4214.625,4218.765,4210.63,4216.125,2.2332,0.546
2025-12-11 08:00:00,4216.13,4219.685,4212.9,4216.715,2.9969,0.559
2025-12-11 09:00:00,4216.688,4221.585,4210.475,4218.475,2.5294,0.574
2025-12-11 10:00:00,4218.51,4226.06,4211.84,4217.07,2.3564,0.58
2025-12-11 11:00:00,4217.09,4219.2,4209.735,4211.265,1.6169,0.556
2025-12-11 12:00:00,4211.285,4220.56,4208.805,4220.5,3.6519,0.553
2025-12-11 13:00:00,4220.54,4223.525,4205.33,4221.055,4.7436,0.575
2025-12-11 14:00:00,4221.165,4244.605,4217.975,4230.28,6.4013,0.562
2025-12-11 15:00:00,4230.265,4261.54,4226.285,4256.085,8.0187,0.578
2025-12-11 16:00:00,4256.125,4279.066,4250.14,4273.675,5.7197,0.595
2025-12-11 17:00:00,4273.68,4281.812,4272.275,4278.745,4.9377,0.573
2025-12-11 18:00:00,4278.72,4285.975,4266.77,4268.235,3.8807,0.542
2025-12-11 19:00:00,4267.975,4277.76,4262.85,4273.6,3.7971,0.546
2025-12-11 20:00:00,4273.57,4276.506,4264.27,4276.246,5.8551,0.601
2025-12-11 21:00:00,4276.322,4283.79,4272.755,4280.015,1.4767,0.641
2025-12-11 23:00:00,4280.2,4283.565,4272.525,4276.415,1.9496,0.78
2025-12-12 00:00:00,4276.365,4280.242,4269.065,4269.53,2.6489,0.681
2025-12-12 01:00:00,4269.555,4276.225,4264.566,4271.07,4.9753,0.655
2025-12-12 02:00:00,4271.025,4277.06,4269.385,4270.51,4.2625,0.647
2025-12-12 03:00:00,4270.485,4274.755,4268.825,4270.76,2.9258,0.627
2025-12-12 04:00:00,4270.74,4271.085,4266.405,4266.435,2.0528,0.624
2025-12-12 05:00:00,4266.485,4280.71,4266.16,4278.961,3.4612,0.629
2025-12-12 06:00:00,4278.972,4283.305,4276.567,4282.965,4.7833,0.611
2025-12-12 07:00:00,4282.938,4290.584,4281.405,4287.24,2.7751,0.567
2025-12-12 08:00:00,4287.16,4309.552,4287.16,4308.182,5.0724,0.614
2025-12-12 09:00:00,4308.256,4320.482,4306.986,4318.326,4.5154,0.609
2025-12-12 10:00:00,4318.346,4331.115,4314.865,4330.0,4.1872,0.598
2025-12-12 11:00:00,4330.024,4339.38,4327.13,4336.5,3.9255,0.605
2025-12-12 12:00:00,4336.47,4339.355,4324.785,4325.77,5.6357,0.628
2025-12-12 13:00:00,4326.169,4346.22,4321.495,4341.115,6.0088,0.586
2025-12-12 14:00:00,4341.125,4353.64,4331.044,4346.977,7.9811,0.624
2025-12-12 15:00:00,4346.907,4351.585,4283.278,4290.478,11.3783,0.724
2025-12-12 16:00:00,4290.498,4296.6,4257.395,4281.87,10.6136,0.675
2025-12-12 17:00:00,4282.07,4298.485,4271.11,4294.345,6.4733,0.565
2025-12-12 18:00:00,4294.375,4303.838,4290.645,4294.99,4.9684,0.545
2025-12-12 19:00:00,4295.233,4299.818,4289.906,4296.665,3.3017,0.518
2025-12-12 20:00:00,4296.64,4303.025,4288.768,4299.37,4.621,0.582
2025-12-12 21:00:00,4299.4,4304.33,4298.335,4299.865,3.595,0.789
2025-12-14 23:00:00,4300.9,4308.555,4294.716,4302.47,1.9091,1.203
2025-12-15 00:00:00,4302.58,4308.05,4300.27,4307.592,1.9634,0.7
2025-12-15 01:00:00,4307.602,4325.85,4305.695,4322.635,4.2949,0.631
2025-12-15 02:00:00,4322.445,4329.33,4320.866,4326.35,3.0864,0.614
2025-12-15 03:00:00,4326.4,4329.73,4319.395,4327.3,3.3934,0.634
2025-12-15 04:00:00,4327.25,4330.12,4323.245,4326.17,2.146,0.619
2025-12-15 05:00:00,4326.23,4344.46,4324.86,4343.62,3.6949,0.634
2025-12-15 06:00:00,4343.6,4347.485,4339.552,4343.645,4.1562,0.644
2025-12-15 07:00:00,4343.625,4344.79,4333.566,4339.295,3.0747,0.61
2025-12-15 08:00:00,4339.285,4349.095,4338.815,4347.11,4.029,0.585
2025-12-15 09:00:00,4346.94,4350.31,4342.425,4342.605,3.0077,0.596
2025-12-15 10:00:00,4342.64,4348.235,4337.79,4339.776,2.5214,0.57
2025-12-15 11:00:00,4339.771,4343.685,4335.356,4342.86,2.3334,0.593
2025-12-15 12:00:00,4342.84,4348.475,4342.716,4345.82,2.5974,0.548
2025-12-15 13:00:00,4345.795,4346.275,4330.782,4332.12,5.5296,0.599
2025-12-15 14:00:00,4332.155,4336.82,4317.485,4323.79,6.867,0.593
2025-12-15 15:00:00,4323.76,4327.905,4311.605,4318.325,9.0493,0.591
2025-12-15 16:00:00,4318.3,4318.99,4285.328,4297.754,9.4475,0.595
2025-12-15 17:00:00,4297.735,4306.75,4290.993,4304.45,6.7325,0.592
2025-12-15 18:00:00,4304.5,4313.67,4299.995,4313.22,3.9371,0.552
2025-12-15 19:00:00,4313.2,4317.812,4307.9,4314.27,3.3064,0.537
2025-12-15 20:00:00,4314.29,4314.482,4299.634,4304.625,4.4889,0.551
2025-12-15 21:00:00,4304.62,4305.832,4300.815,4304.845,1.5233,0.587
2025-12-15 23:00:00,4306.2,4309.85,4303.54,4304.37,1.0215,0.837
2025-12-16 00:00:00,4304.355,4313.35,4302.974,4307.96,2.1227,0.617
2025-12-16 01:00:00,4308.254,4318.01,4299.225,4308.86,5.0602,0.632
2025-12-16 02:00:00,4308.795,4312.345,4286.65,4289.775,4.7175,0.634
2025-12-16 03:00:00,4289.735,4294.615,4280.72,4291.01,4.2409,0.625
2025-12-16 04:00:00,4290.98,4292.34,4286.78,4289.225,2.3565,0.607
2025-12-16 05:00:00,4289.185,4292.37,4271.545,4284.16,3.6676,0.62
2025-12-16 06:00:00,4284.25,4292.3,4282.61,4289.41,4.2853,0.611
2025-12-16 07:00:00,4289.445,4290.025,4279.555,4287.755,2.7451,0.58
2025-12-16 08:00:00,4287.655,4289.5,4275.52,4284.725,3.3846,0.557
2025-12-16 09:00:00,4284.685,4285.94,4276.52,4280.485,3.2991,0.535
2025-12-16 10:00:00,4280.545,4284.445,4274.682,4277.49,3.1023,0.553
2025-12-16 11:00:00,4277.26,4279.565,4273.875,4278.565,2.9904,0.541
2025-12-16 12:00:00,4278.58,4294.945,4276.91,4294.56,3.8579,0.551
2025-12-16 13:00:00,4294.59,4313.35,4290.922,4313.07,5.7014,0.617
2025-12-16 14:00:00,4313.095,4332.22,4311.46,4324.54,7.0733,0.625
2025-12-16 15:00:00,4324.62,4335.24,4312.56,4319.895,6.8401,0.577
2025-12-16 16:00:00,4319.87,4323.365,4291.353,4300.635,6.7538,0.605
2025-12-16 17:00:00,4300.645,4311.015,4300.265,4303.675,6.623,0.485
2025-12-16 18:00:00,4303.645,4313.595,4298.285,4311.42,4.5093,0.516
2025-12-16 19:00:00,4311.39,4315.935,4297.21,4310.69,5.3252,0.588
2025-12-16 20:00:00,4310.587,4314.495,4302.846,4304.705,5.2475,0.63
2025-12-16 21:00:00,4304.68,4305.56,4300.735,4301.685,1.3479,0.588
2025-12-16 23:00:00,4303.4,4309.175,4301.625,4308.15,0.8298,0.973
2025-12-17 00:00:00,4308.15,4315.32,4307.64,4313.23,1.4452,0.652
2025-12-17 01:00:00,4313.22,4326.83,4311.54,4326.74,5.1891,0.637
2025-12-17 02:00:00,4326.8,4327.89,4311.225,4314.416,3.9262,0.677
2025-12-17 03:00:00,4314.41,4325.25,4312.692,4323.865,3.4635,0.609
2025-12-17 04:00:00,4323.885,4331.65,4320.585,4329.765,2.1669,0.619
2025-12-17 05:00:00,4329.79,4342.555,4328.16,4333.902,4.1743,0.633
2025-12-17 06:00:00,4333.881,4337.805,4324.836,4328.85,4.643,0.62
2025-12-17 07:00:00,4328.84,4328.84,4315.655,4317.99,2.6582,0.583
2025-12-17 08:00:00,4317.895,4320.986,4308.464,4319.26,3.8287,0.56
2025-12-17 09:00:00,4319.235,4323.355,4316.035,4316.985,2.473,0.581
2025-12-17 10:00:00,4316.96,4322.32,4306.574,4317.775,2.2836,0.577
2025-12-17 11:00:00,4317.805,4320.515,4315.166,4316.4,1.9157,0.572
2025-12-17 12:00:00,4316.41,4323.242,4315.015,4317.62,2.1593,0.572
2025-12-17 13:00:00,4317.715,4344.19,4315.125,4342.146,4.8728,0.572
2025-12-17 14:00:00,4342.131,4346.115,4323.1,4338.29,9.2171,0.611
2025-12-17 15:00:00,4338.252,4349.28,4324.325,4330.425,9.3785,0.592
2025-12-17 16:00:00,4330.598,4337.64,4320.26,4333.635,6.4439,0.58
2025-12-17 17:00:00,4333.605,4342.619,4328.62,4342.619,4.9364,0.532
2025-12-17 18:00:00,4342.64,4346.63,4328.876,4336.215,5.5234,0.548
2025-12-17 19:00:00,4336.185,4341.04,4330.36,4337.17,3.326,0.537
2025-12-17 20:00:00,4337.205,4346.11,4335.355,4341.52,5.633,0.544
2025-12-17 21:00:00,4341.53,4346.36,4337.605,4338.085,1.3008,0.581
2025-12-17 23:00:00,4340.281,4343.272,4335.745,4339.082,1.1824,0.774
2025-12-18 00:00:00,4339.072,4343.025,4333.26,4334.94,2.4331,0.677
2025-12-18 01:00:00,4334.97,4337.225,4324.465,4331.74,4.9631,0.629
2025-12-18 02:00:00,4331.7,4337.945,4329.959,4333.3,3.8514,0.65
2025-12-18 03:00:00,4333.265,4336.91,4331.018,4333.265,3.2349,0.64
2025-12-18 04:00:00,4333.23,4333.58,4328.655,4331.89,2.4816,0.629
2025-12-18 05:00:00,4331.762,4337.515,4331.105,4333.32,3.7256,0.646
2025-12-18 06:00:00,4333.275,4336.22,4330.745,4334.0,3.9122,0.609
2025-12-18 07:00:00,4334.055,4337.845,4330.115,4331.47,2.0615,0.568
2025-12-18 08:00:00,4331.45,4332.66,4321.984,4326.634,4.4629,0.758
2025-12-18 09:00:00,4326.654,4328.75,4320.869,4323.61,5.8398,0.702
2025-12-18 10:00:00,4323.585,4327.665,4322.1,4325.548,2.9338,0.658
2025-12-18 11:00:00,4325.558,4328.808,4324.375,4325.734,3.771,0.578
2025-12-18 12:00:00,4325.728,4326.73,4317.298,4320.92,4.222,0.619
2025-12-18 13:00:00,4320.86,4343.18,4314.724,4336.648,7.762,0.698
2025-12-18 14:00:00,4336.65,4341.45,4308.65,4328.63,10.2171,0.66
2025-12-18 15:00:00,4328.71,4341.72,4325.08,4338.317,7.2782,0.673
2025-12-18 16:00:00,4338.255,4374.73,4337.87,4360.35,7.7566,0.674
2025-12-18 17:00:00,4360.53,4363.43,4322.13,4333.415,8.4837,0.674
2025-12-18 18:00:00,4333.475,4341.4,4325.8,4331.854,4.8104,0.67
2025-12-18 19:00:00,4331.89,4334.97,4322.838,4325.044,6.0077,0.621
2025-12-18 20:00:00,4325.124,4338.38,4324.654,4335.01,6.2909,0.642
2025-12-18 21:00:00,4334.93,4334.93,4328.655,4331.175,1.4474,0.679
2025-12-18 23:00:00,4334.1,4337.015,4332.549,4335.165,0.6672,0.816
2025-12-19 00:00:00,4335.145,4335.785,4325.854,4326.154,1.2698,0.647
2025-12-19 01:00:00,4326.2,4328.62,4309.19,4323.325,4.2607,0.716
2025-12-19 02:00:00,4323.465,4328.05,4314.265,4316.8,2.3994,0.693
2025-12-19 03:00:00,4316.775,4322.55,4312.795,4318.12,2.8069,0.719
2025-12-19 04:00:00,4318.09,4323.055,4317.03,4322.835,2.6222,0.603
2025-12-19 05:00:00,4322.865,4329.085,4317.655,4326.025,3.7873,0.654
2025-12-19 06:00:00,4326.005,4329.625,4321.74,4326.47,3.951,0.611
2025-12-19 07:00:00,4326.44,4329.685,4321.596,4322.7,2.4888,0.602
2025-12-19 08:00:00,4322.615,4331.01,4321.09,4326.06,3.2555,0.569
2025-12-19 09:00:00,4325.995,4333.75,4324.475,4329.52,2.8177,0.589
2025-12-19 10:00:00,4329.545,4331.785,4322.52,4327.89,2.0799,0.567
2025-12-19 11:00:00,4327.795,4329.61,4325.18,4327.36,2.3745,0.546
2025-12-19 12:00:00,4327.345,4328.95,4320.77,4326.756,2.6878,0.56
2025-12-19 13:00:00,4326.775,4335.433,4326.125,4328.355,4.3855,0.57
2025-12-19 14:00:00,4328.385,4338.015,4319.772,4332.908,6.1218,0.597
2025-12-19 15:00:00,4332.874,4349.26,4332.195,4347.945,6.3587,0.584
2025-12-19 16:00:00,4347.905,4354.766,4342.125,4350.0,6.2306,0.619
2025-12-19 17:00:00,4349.995,4355.974,4347.086,4353.56,4.2591,0.529
2025-12-19 18:00:00,4353.6,4356.62,4343.29,4348.635,4.5758,0.535
2025-12-19 19:00:00,4348.66,4350.66,4345.2,4345.32,2.2891,0.523
2025-12-19 20:00:00,4345.285,4346.53,4336.82,4339.675,4.4707,0.529
2025-12-19 21:00:00,4339.665,4340.285,4336.585,4339.04,1.7191,0.681
2025-12-21 23:00:00,4340.0,4356.402,4337.948,4355.335,2.0237,0.936
2025-12-22 00:00:00,4355.3,4366.53,4355.3,4365.105,3.0715,0.766
2025-12-22 01:00:00,4365.138,4384.912,4361.438,4382.915,5.675,0.785
2025-12-22 02:00:00,4382.852,4388.85,4378.732,4386.01,3.7015,0.802
2025-12-22 03:00:00,4386.09,4395.015,4384.398,4392.68,2.19,0.819
2025-12-22 04:00:00,4392.652,4401.175,4391.362,4398.502,1.6302,0.812
2025-12-22 05:00:00,4398.312,4409.66,4396.805,4400.156,3.4695,0.811
2025-12-22 06:00:00,4400.25,4420.11,4398.93,4419.393,4.6879,0.8
2025-12-22 07:00:00,4419.403,4420.58,4410.422,4414.432,3.5075,0.777
2025-12-22 08:00:00,4414.417,4415.1,4406.31,4408.322,3.244,0.767
2025-12-22 09:00:00,4408.297,4414.95,4408.037,4411.205,2.1657,0.809
2025-12-22 10:00:00,4411.24,4415.97,4406.172,4408.765,1.9349,0.814
2025-12-22 11:00:00,4408.75,4411.83,4406.125,4410.46,2.8058,0.754
2025-12-22 12:00:00,4410.44,4416.039,4406.278,4415.828,3.064,0.735
2025-12-22 13:00:00,4415.838,4427.37,4413.245,4423.81,4.7934,0.67
2025-12-22 14:00:00,4423.84,4429.66,4414.79,4419.384,5.6579,0.658
2025-12-22 15:00:00,4419.374,4435.672,4412.085,4431.887,5.5538,0.666
2025-12-22 16:00:00,4431.881,4442.262,4428.31,4438.75,4.2916,0.67
2025-12-22 17:00:00,4438.77,4442.22,4432.15,4438.61,4.7015,0.659
2025-12-22 18:00:00,4438.66,4439.04,4429.54,4435.41,5.3908,0.624
2025-12-22 19:00:00,4435.385,4436.04,4429.015,4433.719,2.7675,0.653
2025-12-22 20:00:00,4433.631,4439.322,4431.72,4438.7,3.9408,0.645
2025-12-22 21:00:00,4438.68,4449.285,4438.535,4443.66,2.8547,0.657
2025-12-22 23:00:00,4447.736,4461.832,4445.586,4460.25,2.1473,0.907
2025-12-23 00:00:00,4460.21,4470.61,4458.135,4470.605,1.7656,0.668
2025-12-23 01:00:00,4470.555,4490.8,4469.632,4486.775,5.6783,0.715
2025-12-23 02:00:00,4486.76,4497.745,4481.32,4493.52,3.7079,0.697
2025-12-23 03:00:00,4493.465,4496.775,4483.06,4486.835,4.8601,0.659
2025-12-23 04:00:00,4486.81,4488.475,4478.975,4482.615,3.1967,0.62
2025-12-23 05:00:00,4482.605,4485.595,4474.955,4475.335,4.7753,0.623
2025-12-23 06:00:00,4475.31,4481.73,4469.57,4481.63,4.2603,0.751
2025-12-23 07:00:00,4481.6,4489.805,4478.47,4486.7,5.9575,0.704
2025-12-23 08:00:00,4486.655,4493.41,4484.814,4489.99,4.5294,0.757
2025-12-23 09:00:00,4489.96,4491.25,4478.304,4480.36,4.9002,0.806
2025-12-23 10:00:00,4480.41,4487.665,4479.54,4484.425,4.1646,0.803
2025-12-23 11:00:00,4484.4,4494.34,4483.19,4493.66,2.5275,0.707
2025-12-23 12:00:00,4493.6,4493.825,4483.31,4486.51,2.3564,0.671
2025-12-23 13:00:00,4486.36,4497.548,4473.408,4479.284,6.9731,0.71
2025-12-23 14:00:00,4479.335,4480.023,4441.522,4446.575,8.1056,0.729
2025-12-23 15:00:00,4446.445,4459.398,4430.364,4458.477,8.4353,0.683
2025-12-23 16:00:00,4458.52,4476.715,4455.902,4474.39,7.3603,0.631
2025-12-23 17:00:00,4474.38,4480.002,4469.84,4472.874,7.4286,0.621
2025-12-23 18:00:00,4473.063,4485.145,4472.89,4484.64,3.9964,0.661
2025-12-23 19:00:00,4484.685,4496.44,4484.357,4490.882,5.1714,0.654
2025-12-23 20:00:00,4490.812,4499.937,4489.345,4497.692,6.1244,0.645
2025-12-23 21:00:00,4497.647,4498.832,4483.55,4484.59,3.6234,0.613
2025-12-23 23:00:00,4487.6,4510.605,4483.616,4503.465,2.541,0.877
2025-12-24 00:00:00,4503.43,4518.29,4500.91,4512.082,3.5764,0.732
2025-12-24 01:00:00,4512.062,4526.075,4507.01,4518.91,7.1769,0.731
2025-12-24 02:00:00,4518.895,4519.445,4474.855,4477.915,6.5997,0.782
2025-12-24 03:00:00,4477.87,4498.625,4469.797,4493.205,5.7415,0.806
2025-12-24 04:00:00,4493.29,4501.608,4491.354,4499.41,3.6802,0.77
2025-12-24 05:00:00,4499.36,4500.605,4485.195,4488.65,4.3718,0.824
2025-12-24 06:00:00,4488.7,4498.15,4485.35,4493.78,3.4965,0.812
2025-12-24 07:00:00,4493.77,4495.095,4483.61,4484.04,2.866,0.797
2025-12-24 08:00:00,4484.005,4492.916,4478.225,4482.415,5.4737,0.754
2025-12-24 09:00:00,4482.42,4496.28,4482.044,4494.87,4.1363,0.796
2025-12-24 10:00:00,4494.89,4499.95,4482.29,4489.595,4.4032,0.804
2025-12-24 11:00:00,4489.635,4492.1,4483.215,4491.65,4.4321,0.81
2025-12-24 12:00:00,4491.653,4496.12,4489.85,4490.745,4.1533,0.821
2025-12-24 13:00:00,4490.9,4493.66,4474.595,4488.035,6.3144,0.843
2025-12-24 14:00:00,4488.098,4489.575,4460.693,4464.86,11.7223,0.804
2025-12-24 15:00:00,4464.974,4476.69,4448.3,4458.65,12.5264,0.773
2025-12-24 16:00:00,4458.61,4478.19,4456.14,4476.884,5.9276,0.816
2025-12-24 17:00:00,4476.87,4487.93,4475.514,4480.75,8.4108,0.879
2025-12-24 18:00:00,4480.78,4482.487,4477.415,4479.54,2.8367,1.028
2025-12-25 23:00:00,4491.445,4500.04,4483.85,4495.275,2.7987,1.242
2025-12-26 00:00:00,4495.295,4518.045,4492.35,4517.91,3.7773,0.803
2025-12-26 01:00:00,4517.955,4531.524,4497.685,4504.22,9.1334,0.96
2025-12-26 02:00:00,4504.074,4509.985,4492.14,4508.902,9.079,0.9
2025-12-26 03:00:00,4508.892,4513.55,4497.58,4502.004,7.5883,0.967
2025-12-26 04:00:00,4501.976,4511.9,4500.655,4509.195,6.0088,0.94
2025-12-26 05:00:00,4509.195,4514.97,4506.2,4509.925,8.3542,0.934
2025-12-26 06:00:00,4509.9,4519.62,4508.135,4511.65,8.2987,0.924
2025-12-26 07:00:00,4511.622,4515.805,4507.705,4511.13,6.07,1.094
2025-12-26 08:00:00,4511.205,4519.56,4509.735,4518.92,5.1202,1.009
2025-12-26 09:00:00,4518.86,4520.59,4511.96,4512.73,5.7041,1.073
2025-12-26 10:00:00,4512.748,4523.715,4511.305,4514.425,6.562,1.075
2025-12-26 11:00:00,4514.455,4515.496,4502.884,4509.845,8.358,1.0
2025-12-26 12:00:00,4509.87,4515.268,4506.67,4508.95,3.858,0.817
2025-12-26 13:00:00,4508.9,4528.57,4503.62,4525.237,8.6197,0.799
2025-12-26 14:00:00,4525.27,4533.27,4512.8,4521.095,9.7202,0.761
2025-12-26 15:00:00,4521.115,4547.4,4519.69,4546.66,8.6226,0.807
2025-12-26 16:00:00,4546.64,4550.13,4531.49,4536.51,8.9597,0.791
2025-12-26 17:00:00,4536.52,4537.842,4510.05,4519.129,9.1758,0.764
2025-12-26 18:00:00,4519.007,4532.874,4514.928,4531.164,9.5911,0.733
2025-12-26 19:00:00,4531.205,4535.71,4520.045,4523.86,8.0908,0.666
2025-12-26 20:00:00,4523.875,4535.815,4521.846,4531.17,6.0746,0.786
2025-12-26 21:00:00,4531.162,4534.825,4527.255,4533.615,6.1323,0.961
2025-12-28 23:00:00,4541.0,4550.352,4523.308,4527.162,6.8045,1.489
2025-12-29 00:00:00,4527.172,4528.135,4472.325,4497.352,9.366,1.298
2025-12-29 01:00:00,4497.317,4517.63,4492.131,4497.37,11.4201,1.138
2025-12-29 02:00:00,4497.32,4516.024,4496.5,4512.473,8.0826,0.849
2025-12-29 03:00:00,4512.445,4520.618,4509.513,4516.443,9.3854,0.839
2025-12-29 04:00:00,4516.358,4519.703,4507.882,4515.768,5.1927,0.701
2025-12-29 05:00:00,4515.662,4519.523,4505.072,4506.64,6.4205,0.716
2025-12-29 06:00:00,4506.74,4510.692,4471.39,4475.184,7.6684,0.84
2025-12-29 07:00:00,4475.15,4481.962,4445.048,4474.703,10.3655,0.941
2025-12-29 08:00:00,4474.773,4488.675,4452.698,4461.115,8.8948,0.936
2025-12-29 09:00:00,4461.082,4476.555,4459.343,4472.27,7.3298,0.933
2025-12-29 10:00:00,4472.21,4474.664,4457.16,4460.975,3.6032,0.807
2025-12-29 11:00:00,4460.925,4467.95,4434.285,4446.88,4.877,0.861
2025-12-29 12:00:00,4447.093,4464.97,4445.758,4464.54,7.2377,0.985
2025-12-29 13:00:00,4464.59,4467.686,4407.064,4421.488,11.9924,0.923
2025-12-29 14:00:00,4421.504,4421.504,4356.678,4360.365,11.1326,0.853
2025-12-29 15:00:00,4360.474,4360.645,4301.842,4325.43,9.7257,0.835
2025-12-29 16:00:00,4325.395,4347.532,4323.59,4341.74,7.01,0.788
2025-12-29 17:00:00,4341.985,4343.07,4315.248,4328.404,6.165,0.785
2025-12-29 18:00:00,4328.388,4335.05,4322.965,4331.446,4.8081,0.815
2025-12-29 19:00:00,4331.732,4338.05,4327.686,4337.07,3.566,0.802
2025-12-29 20:00:00,4337.094,4344.685,4325.965,4334.88,4.1967,0.813
2025-12-29 21:00:00,4334.943,4339.48,4327.574,4332.165,5.065,0.752
2025-12-29 23:00:00,4333.6,4347.38,4323.534,4345.875,2.9586,1.111
2025-12-30 00:00:00,4345.87,4350.885,4334.683,4339.908,4.2276,0.798
2025-12-30 01:00:00,4339.923,4360.385,4324.598,4360.385,6.7647,0.693
2025-12-30 02:00:00,4360.35,4364.927,4349.032,4362.672,9.0238,0.827
2025-12-30 03:00:00,4362.725,4369.333,4356.38,4359.29,6.2128,0.762
2025-12-30 04:00:00,4359.31,4369.975,4357.644,4363.61,2.9181,0.746
2025-12-30 05:00:00,4363.63,4380.18,4358.93,4377.711,6.7656,0.771
2025-12-30 06:00:00,4377.69,4378.53,4360.02,4364.695,5.4088,0.803
2025-12-30 07:00:00,4364.705,4383.443,4359.13,4372.456,6.3554,0.804
2025-12-30 08:00:00,4372.496,4373.82,4350.37,4365.01,4.4721,0.797
2025-12-30 09:00:00,4364.98,4376.66,4364.295,4372.258,4.5224,0.78
2025-12-30 10:00:00,4372.248,4391.858,4367.938,4384.9,3.9261,0.76
2025-12-30 11:00:00,4385.64,4390.43,4381.265,4384.38,4.5999,0.794
2025-12-30 12:00:00,4384.315,4402.85,4383.465,4401.31,5.6306,0.802
2025-12-30 13:00:00,4401.485,4404.386,4376.304,4388.543,10.4278,0.802
2025-12-30 14:00:00,4388.558,4392.32,4355.77,4366.245,13.4037,0.797
2025-12-30 15:00:00,4366.012,4377.72,4359.668,4365.3,10.9851,0.796
2025-12-30 16:00:00,4365.45,4379.978,4354.98,4377.82,12.0715,0.776
2025-12-30 17:00:00,4377.805,4382.045,4364.38,4370.3,6.9346,0.803
2025-12-30 18:00:00,4370.34,4378.84,4362.775,4364.842,8.0649,0.794
2025-12-30 19:00:00,4364.852,4368.17,4337.754,4348.67,6.5458,0.81
2025-12-30 20:00:00,4348.673,4355.658,4337.973,4341.81,7.6252,0.771
2025-12-30 21:00:00,4341.799,4350.485,4334.88,4339.015,3.5805,0.73
2025-12-30 23:00:00,4340.955,4346.598,4329.008,4339.045,3.5683,1.09
2025-12-31 00:00:00,4339.07,4346.692,4332.88,4342.425,4.1351,0.832
2025-12-31 01:00:00,4342.58,4373.4,4336.862,4366.045,9.7231,0.846
2025-12-31 02:00:00,4366.082,4371.37,4346.725,4348.95,8.4455,0.87
2025-12-31 03:00:00,4348.96,4359.959,4340.98,4348.436,9.8517,0.909
2025-12-31 04:00:00,4348.652,4351.415,4330.72,4332.982,6.8961,0.902
2025-12-31 05:00:00,4332.87,4343.26,4276.18,4285.865,8.3005,0.949
2025-12-31 06:00:00,4285.885,4328.916,4274.325,4328.186,5.8723,0.982
2025-12-31 07:00:00,4328.455,4335.23,4323.77,4331.112,5.4898,0.804
2025-12-31 08:00:00,4331.096,4332.972,4303.396,4307.605,4.4331,0.775
2025-12-31 09:00:00,4307.555,4337.465,4307.268,4325.792,4.7298,0.796
2025-12-31 10:00:00,4325.776,4331.45,4303.51,4306.74,4.5464,0.81
2025-12-31 11:00:00,4306.57,4316.59,4304.202,4311.114,2.9729,0.793
2025-12-31 12:00:00,4311.195,4318.315,4303.126,4313.93,3.3966,0.765
2025-12-31 13:00:00,4313.9,4348.49,4308.165,4345.948,4.9115,0.862
2025-12-31 14:00:00,4345.984,4353.48,4332.865,4346.016,9.4836,0.998
2025-12-31 15:00:00,4346.1,4346.265,4326.961,4337.498,11.0302,1.016
2025-12-31 16:00:00,4337.514,4339.904,4317.219,4323.135,5.9638,0.978
2025-12-31 17:00:00,4323.16,4329.655,4318.218,4321.97,5.415,0.876
2025-12-31 18:00:00,4322.078,4331.788,4315.908,4319.774,5.5923,1.05
2025-12-31 19:00:00,4319.918,4323.048,4307.918,4311.564,4.9484,0.925
2025-12-31 20:00:00,4311.568,4324.663,4304.574,4313.574,5.667,1.006
2025-12-31 21:00:00,4313.704,4319.26,4307.218,4319.191,3.0526,0.991
2026-01-01 23:00:00,4325.8,4351.475,4324.15,4348.255,1.8339,1.464
2026-01-02 00:00:00,4348.246,4355.96,4341.49,4354.129,2.671,0.897
2026-01-02 01:00:00,4354.11,4355.98,4344.704,4348.1,4.0752,0.783
2026-01-02 02:00:00,4348.05,4363.324,4345.145,4363.0,3.4957,0.762
2026-01-02 03:00:00,4362.97,4375.872,4362.2,4375.185,4.6058,0.892
2026-01-02 04:00:00,4375.191,4378.52,4371.416,4373.282,3.9322,0.764
2026-01-02 05:00:00,4373.563,4381.905,4371.137,4380.75,3.3338,0.832
2026-01-02 06:00:00,4380.76,4380.946,4373.38,4374.73,2.4993,0.824
2026-01-02 07:00:00,4374.77,4383.56,4372.05,4382.914,3.1567,0.806
2026-01-02 08:00:00,4382.924,4397.76,4380.954,4387.006,3.629,0.988
2026-01-02 09:00:00,4387.016,4391.752,4383.402,4385.554,3.5455,0.947
2026-01-02 10:00:00,4385.568,4398.654,4384.705,4396.26,3.2577,0.933
2026-01-02 11:00:00,4396.358,4399.52,4390.773,4393.018,2.7904,1.041
2026-01-02 12:00:00,4393.034,4398.388,4385.245,4394.512,3.6025,1.014
2026-01-02 13:00:00,4394.515,4402.352,4362.09,4366.16,7.3694,0.846
2026-01-02 14:00:00,4366.275,4373.83,4347.99,4353.65,6.1009,0.691
2026-01-02 15:00:00,4353.465,4357.24,4330.4,4335.43,6.949,0.683
2026-01-02 16:00:00,4335.39,4337.43,4315.124,4326.67,6.6322,0.678
2026-01-02 17:00:00,4326.645,4333.55,4322.81,4323.16,4.6682,0.672
2026-01-02 18:00:00,4323.12,4323.76,4310.012,4315.295,4.5581,0.667
2026-01-02 19:00:00,4315.66,4326.34,4315.66,4318.18,3.7212,0.668
2026-01-02 20:00:00,4318.15,4331.68,4317.26,4331.66,4.6163,0.667
2026-01-02 21:00:00,4331.74,4333.865,4327.025,4332.42,1.8682,0.712
2026-01-04 23:00:00,4361.195,4375.995,4345.405,4372.685,4.4616,1.097
2026-01-05 00:00:00,4372.66,4396.775,4370.38,4395.1,4.2774,0.72
2026-01-05 01:00:00,4395.24,4421.78,4391.131,4402.15,9.4436,0.918
2026-01-05 02:00:00,4402.17,4409.575,4388.945,4405.505,8.9596,0.927
2026-01-05 03:00:00,4405.477,4414.168,4399.9,4400.03,5.9509,0.759
2026-01-05 04:00:00,4400.06,4408.47,4397.318,4404.285,3.3054,0.749
2026-01-05 05:00:00,4404.255,4414.738,4401.176,4412.568,4.6749,0.768
2026-01-05 06:00:00,4412.518,4426.51,4411.414,4420.528,8.4956,0.757
2026-01-05 07:00:00,4420.513,4425.055,4416.89,4421.835,5.3014,0.744
2026-01-05 08:00:00,4421.815,4433.998,4419.425,4430.218,5.5201,0.737
2026-01-05 09:00:00,4430.07,4438.32,4426.156,4434.94,6.1044,0.796
2026-01-05 10:00:00,4434.905,4439.945,4430.92,4436.395,3.9706,0.68
2026-01-05 11:00:00,4436.39,4437.6,4410.795,4419.34,5.2565,0.576
2026-01-05 12:00:00,4419.365,4421.5,4405.545,4409.73,4.3371,0.578
2026-01-05 13:00:00,4409.76,4419.045,4396.324,4416.97,6.3792,0.644
2026-01-05 14:00:00,4417.02,4442.915,4417.02,4436.706,7.0499,0.687
2026-01-05 15:00:00,4436.726,4455.785,4435.685,4448.61,6.6473,0.668
2026-01-05 16:00:00,4448.59,4454.46,4438.46,4441.87,4.303,0.662
2026-01-05 17:00:00,4442.158,4449.19,4432.43,4443.66,4.5079,0.669
2026-01-05 18:00:00,4443.63,4448.652,4439.815,4448.652,3.125,0.668
2026-01-05 19:00:00,4448.666,4449.41,4434.93,4439.825,3.2397,0.673
2026-01-05 20:00:00,4439.782,4447.05,4438.068,4444.91,3.5336,0.664
2026-01-05 21:00:00,4444.91,4449.495,4443.402,4448.77,2.3809,0.638
2026-01-05 23:00:00,4449.084,4460.195,4436.92,4440.645,1.8071,0.899
2026-01-06 00:00:00,4440.61,4444.852,4430.366,4436.625,2.4364,0.668
2026-01-06 01:00:00,4436.665,4452.474,4427.985,4450.74,6.2251,0.692
2026-01-06 02:00:00,4450.834,4461.369,4448.765,4455.048,5.835,0.76
2026-01-06 03:00:00,4455.11,4468.27,4454.238,4467.72,3.9282,0.787
2026-01-06 04:00:00,4467.676,4468.69,4461.89,4467.62,3.558,0.821
2026-01-06 05:00:00,4467.59,4474.33,4449.562,4452.14,5.4653,0.815
2026-01-06 06:00:00,4452.53,4467.07,4451.625,4465.994,4.6331,0.788
2026-01-06 07:00:00,4465.978,4470.438,4457.11,4459.54,2.9359,0.822
2026-01-06 08:00:00,4459.52,4475.9,4457.39,4468.322,5.2579,0.716
2026-01-06 09:00:00,4468.332,4468.52,4444.916,4446.454,10.4494,0.9
2026-01-06 10:00:00,4446.518,4456.026,4442.624,4451.888,6.8348,0.894
2026-01-06 11:00:00,4451.873,4464.637,4448.76,4463.415,6.3905,0.947
2026-01-06 12:00:00,4463.464,4466.645,4458.856,4463.785,7.518,0.901
2026-01-06 13:00:00,4463.76,4470.565,4453.95,4468.11,10.681,0.79
2026-01-06 14:00:00,4468.15,4489.832,4464.495,4487.789,8.5033,0.783
2026-01-06 15:00:00,4487.67,4491.03,4463.314,4478.44,11.2615,0.789
2026-01-06 16:00:00,4478.392,4488.99,4471.592,4488.33,7.2241,0.807
2026-01-06 17:00:00,4488.358,4491.621,4481.75,4489.532,6.0685,0.778
2026-01-06 18:00:00,4489.402,4494.158,4482.126,4488.605,7.0444,0.78
2026-01-06 19:00:00,4488.62,4489.575,4477.53,4481.56,7.3538,0.69
2026-01-06 20:00:00,4481.51,4496.912,4480.494,4493.792,7.3071,0.667
2026-01-06 21:00:00,4493.782,4497.362,4491.871,4494.265,1.6537,0.682
2026-01-06 23:00:00,4495.8,4500.536,4492.27,4493.575,1.6325,0.817
2026-01-07 00:00:00,4493.525,4494.81,4482.357,4492.155,2.7576,0.691
2026-01-07 01:00:00,4492.115,4496.02,4461.04,4465.695,7.3598,0.843
2026-01-07 02:00:00,4465.67,4478.82,4459.722,4474.67,5.635,0.863
2026-01-07 03:00:00,4474.72,4480.38,4471.78,4474.84,4.1581,0.788
2026-01-07 04:00:00,4474.86,4476.095,4463.565,4464.935,3.3648,0.776
2026-01-07 05:00:00,4464.91,4470.53,4443.36,4454.385,5.2063,0.786
2026-01-07 06:00:00,4454.375,4460.52,4441.612,4444.166,5.1773,0.814
2026-01-07 07:00:00,4444.162,4465.045,4441.79,4461.318,4.563,0.791
2026-01-07 08:00:00,4461.2,4474.952,4459.468,4468.41,3.6996,0.681
2026-01-07 09:00:00,4468.235,4468.75,4459.555,4463.55,4.4705,0.63
2026-01-07 10:00:00,4463.49,4467.81,4458.83,4464.43,3.7519,0.638
2026-01-07 11:00:00,4464.405,4465.074,4446.59,4447.47,3.1378,0.677
2026-01-07 12:00:00,4447.795,4455.204,4439.405,4445.094,5.7212,0.727
2026-01-07 13:00:00,4444.892,4453.23,4427.93,4452.972,7.4302,0.715
2026-01-07 14:00:00,4452.984,4454.43,4435.82,4445.312,6.4523,0.69
2026-01-07 15:00:00,4445.695,4452.395,4423.47,4446.19,7.668,0.663
2026-01-07 16:00:00,4446.165,4468.4,4443.95,4464.2,9.5321,0.607
2026-01-07 17:00:00,4464.21,4465.44,4449.79,4452.065,6.3861,0.612
2026-01-07 18:00:00,4452.02,4458.975,4447.15,4452.175,10.6596,0.647
2026-01-07 19:00:00,4452.2,4458.244,4445.43,4457.134,8.1642,0.62
2026-01-07 20:00:00,4457.084,4461.7,4450.618,4452.14,5.7702,0.576
2026-01-07 21:00:00,4452.318,4457.323,4449.872,4456.888,1.3105,0.687
2026-01-07 23:00:00,4459.1,4464.075,4458.58,4463.54,1.293,0.847
2026-01-08 00:00:00,4463.48,4466.47,4446.81,4450.23,3.73,0.723
2026-01-08 01:00:00,4450.25,4460.538,4442.036,4448.44,5.8999,0.808
2026-01-08 02:00:00,4448.395,4449.61,4433.69,4441.38,5.7954,0.805
2026-01-08 03:00:00,4441.375,4446.61,4437.42,4440.285,5.2969,0.811
2026-01-08 04:00:00,4440.28,4440.625,4430.236,4431.69,4.1317,0.775
2026-01-08 05:00:00,4431.64,4432.51,4415.63,4425.774,6.4157,0.791
2026-01-08 06:00:00,4425.764,4437.676,4415.83,4433.44,5.9145,0.815
2026-01-08 07:00:00,4433.415,4439.822,4428.42,4431.074,3.5676,0.802
2026-01-08 08:00:00,4431.064,4433.59,4419.836,4431.77,5.1281,0.784
2026-01-08 09:00:00,4431.552,4435.48,4426.165,4432.74,3.1378,0.67
2026-01-08 10:00:00,4432.76,4434.95,4423.09,4433.362,2.6513,0.664
2026-01-08 11:00:00,4433.256,4433.276,4422.218,4423.01,2.7223,0.665
2026-01-08 12:00:00,4423.044,4431.39,4407.825,4427.755,4.7217,0.677
2026-01-08 13:00:00,4427.71,4436.045,4417.41,4423.855,9.4362,0.667
2026-01-08 14:00:00,4423.915,4439.525,4419.25,4433.095,6.387,0.668
2026-01-08 15:00:00,4433.065,4456.655,4427.955,4454.35,6.5627,0.672
2026-01-08 16:00:00,4454.37,4464.59,4447.03,4463.27,13.1877,0.654
2026-01-08 17:00:00,4463.28,4465.5,4457.61,4463.505,5.7054,0.661
2026-01-08 18:00:00,4463.51,4463.51,4448.005,4449.57,6.2584,0.641
2026-01-08 19:00:00,4449.531,4453.054,4444.875,4452.23,6.6572,0.637
2026-01-08 20:00:00,4452.21,4478.152,4451.62,4476.26,6.099,0.645
2026-01-08 21:00:00,4476.17,4479.706,4472.746,4478.26,1.7608,0.695
2026-01-08 23:00:00,4480.3,4484.242,4472.855,4475.82,1.6927,0.755
2026-01-09 00:00:00,4475.78,4476.945,4460.075,4462.726,2.8419,0.768
2026-01-09 01:00:00,4462.746,4470.14,4453.0,4469.08,5.7537,0.784
2026-01-09 02:00:00,4469.05,4476.63,4465.755,4469.6,3.428,0.642
2026-01-09 03:00:00,4469.59,4470.08,4460.515,4464.2,3.1871,0.626
2026-01-09 04:00:00,4464.175,4467.1,4460.786,4464.765,1.8798,0.622
2026-01-09 05:00:00,4464.74,4471.885,4458.31,4468.16,2.7389,0.618
2026-01-09 06:00:00,4468.65,4477.465,4466.12,4474.175,4.1844,0.636
2026-01-09 07:00:00,4474.22,4475.525,4468.64,4470.22,2.0828,0.607
2026-01-09 08:00:00,4470.31,4476.995,4464.225,4468.648,2.9999,0.612
2026-01-09 09:00:00,4468.624,4477.71,4468.548,4471.214,2.6461,0.675
2026-01-09 10:00:00,4471.198,4474.355,4467.137,4472.656,2.28,0.782
2026-01-09 11:00:00,4472.636,4476.296,4468.79,4475.442,2.034,0.819
2026-01-09 12:00:00,4475.415,4480.709,4461.078,4466.094,3.5705,0.788
2026-01-09 13:00:00,4466.18,4492.01,4459.119,4482.592,8.8172,0.84
2026-01-09 14:00:00,4482.602,4498.256,4479.36,4494.745,14.9981,0.751
2026-01-09 15:00:00,4494.735,4517.312,4490.096,4512.376,11.0473,0.776
2026-01-09 16:00:00,4512.352,4514.322,4499.842,4506.65,8.1396,0.756
2026-01-09 17:00:00,4506.655,4511.778,4482.028,4484.578,7.1767,0.782
2026-01-09 18:00:00,4484.478,4504.704,4483.054,4496.14,8.6897,0.788
2026-01-09 19:00:00,4496.15,4501.89,4492.84,4499.34,5.9617,0.741
2026-01-09 20:00:00,4499.28,4510.22,4497.82,4507.664,7.6843,0.748
2026-01-09 21:00:00,4507.68,4511.451,4505.142,4509.968,1.4703,0.912
2026-01-11 23:00:00,4521.3,4545.155,4513.155,4540.27,4.2017,1.042
2026-01-12 00:00:00,4540.195,4601.476,4536.475,4588.926,6.2481,0.926
2026-01-12 01:00:00,4588.916,4594.961,4570.21,4570.25,8.5681,0.949
2026-01-12 02:00:00,4570.22,4582.22,4561.85,4577.685,8.2108,0.887
2026-01-12 03:00:00,4577.56,4581.565,4567.845,4570.62,3.9199,0.689
2026-01-12 04:00:00,4570.64,4572.335,4563.486,4568.765,3.4792,0.68
2026-01-12 05:00:00,4568.798,4585.01,4566.204,4580.915,4.1825,0.666
2026-01-12 06:00:00,4580.955,4580.955,4569.795,4578.724,5.0429,0.622
2026-01-12 07:00:00,4578.734,4589.755,4574.875,4587.75,3.5895,0.57
2026-01-12 08:00:00,4587.72,4598.603,4579.545,4596.96,3.4344,0.591
2026-01-12 09:00:00,4596.99,4599.51,4587.7,4589.225,4.1997,0.595
2026-01-12 10:00:00,4589.245,4595.435,4586.105,4594.335,2.3645,0.562
2026-01-12 11:00:00,4594.36,4595.0,4581.725,4585.285,2.7071,0.578
2026-01-12 12:00:00,4585.305,4590.8,4578.45,4590.57,3.2977,0.561
2026-01-12 13:00:00,4590.54,4620.455,4588.635,4615.855,6.1594,0.6
2026-01-12 14:00:00,4615.885,4617.36,4584.945,4602.112,10.5357,0.638
2026-01-12 15:00:00,4602.13,4627.56,4601.892,4621.468,7.7267,0.608
2026-01-12 16:00:00,4621.114,4630.275,4607.816,4616.95,5.7451,0.588
2026-01-12 17:00:00,4616.975,4620.722,4610.82,4616.455,5.2238,0.601
2026-01-12 18:00:00,4616.495,4618.715,4600.434,4610.91,4.029,0.529
2026-01-12 19:00:00,4610.94,4618.955,4608.8,4611.23,3.417,0.541
2026-01-12 20:00:00,4611.27,4611.88,4591.645,4593.86,8.4118,0.55
2026-01-12 21:00:00,4593.84,4599.3,4589.475,4599.105,2.2764,0.574
2026-01-12 23:00:00,4600.9,4608.262,4577.995,4599.56,3.0511,0.946
2026-01-13 00:00:00,4599.66,4599.76,4584.512,4587.355,2.0514,0.716
2026-01-13 01:00:00,4587.375,4595.954,4575.65,4577.96,6.2238,0.722
2026-01-13 02:00:00,4577.93,4595.138,4576.8,4594.36,4.1573,0.667
2026-01-13 03:00:00,4594.2,4599.79,4592.66,4594.29,2.8957,0.675
2026-01-13 04:00:00,4594.26,4599.91,4594.06,4596.496,2.2339,0.671
2026-01-13 05:00:00,4596.46,4602.268,4585.724,4592.26,3.2112,0.669
2026-01-13 06:00:00,4592.15,4592.525,4573.675,4581.879,4.2028,0.67
2026-01-13 07:00:00,4581.898,4587.28,4577.55,4580.78,2.5419,0.666
2026-01-13 08:00:00,4580.83,4597.19,4579.84,4592.905,2.8526,0.686
2026-01-13 09:00:00,4592.935,4595.865,4585.696,4586.082,2.7725,0.692
2026-01-13 10:00:00,4586.242,4588.395,4580.385,4586.445,2.4319,0.609
2026-01-13 11:00:00,4586.405,4592.225,4582.215,4588.644,2.2492,0.585
2026-01-13 12:00:00,4588.678,4595.365,4577.915,4593.33,2.3505,0.585
2026-01-13 13:00:00,4593.275,4620.925,4590.725,4611.58,8.423,0.782
2026-01-13 14:00:00,4611.605,4634.72,4609.115,4629.714,9.6765,0.83
2026-01-13 15:00:00,4629.725,4630.165,4600.78,4619.345,9.4075,0.82
2026-01-13 16:00:00,4619.32,4620.874,4593.12,4613.48,8.5427,0.804
2026-01-13 17:00:00,4613.42,4616.145,4586.742,4590.534,5.6858,0.829
2026-01-13 18:00:00,4590.69,4602.14,4581.193,4594.166,9.6073,0.81
2026-01-13 19:00:00,4594.186,4599.148,4584.384,4597.698,5.6295,0.792
2026-01-13 20:00:00,4597.76,4597.959,4569.63,4586.112,8.7235,0.809
2026-01-13 21:00:00,4586.278,4589.983,4582.896,4586.39,2.038,0.868
2026-01-13 23:00:00,4588.635,4598.955,4587.784,4597.115,1.654,0.902
2026-01-14 00:00:00,4597.095,4610.805,4597.04,4609.236,2.5813,0.651
2026-01-14 01:00:00,4609.345,4620.098,4606.235,4619.338,4.7729,0.65
2026-01-14 02:00:00,4619.354,4623.87,4614.235,4620.665,4.1009,0.646
2026-01-14 03:00:00,4620.645,4630.132,4613.43,4628.305,2.983,0.638
2026-01-14 04:00:00,4628.325,4630.61,4625.315,4629.37,3.0496,0.631
2026-01-14 05:00:00,4629.43,4639.803,4618.045,4619.875,4.562,0.664
2026-01-14 06:00:00,4619.91,4637.365,4618.61,4637.345,8.1888,0.636
2026-01-14 07:00:00,4637.355,4639.794,4631.65,4632.48,3.1641,0.611
2026-01-14 08:00:00,4632.465,4637.98,4621.56,4635.074,3.7555,0.604
2026-01-14 09:00:00,4634.86,4639.7,4627.115,4630.604,2.8558,0.592
2026-01-14 10:00:00,4630.598,4638.32,4627.848,4633.165,3.0891,0.59
2026-01-14 11:00:00,4633.224,4637.598,4626.1,4630.44,2.9691,0.6
2026-01-14 12:00:00,4630.628,4641.908,4630.35,4638.8,4.0847,0.594
2026-01-14 13:00:00,4638.825,4641.705,4624.334,4635.79,5.8308,0.639
2026-01-14 14:00:00,4635.825,4639.074,4607.025,4617.56,7.6473,0.628
2026-01-14 15:00:00,4617.346,4626.664,4599.508,4617.995,8.8182,0.612
2026-01-14 16:00:00,4618.0,4624.88,4608.724,4617.155,6.2731,0.608
2026-01-14 17:00:00,4617.11,4619.175,4601.275,4614.39,6.6191,0.553
2026-01-14 18:00:00,4614.34,4637.408,4612.94,4635.28,6.2386,0.557
2026-01-14 19:00:00,4635.255,4642.96,4633.31,4639.29,6.2051,0.639
2026-01-14 20:00:00,4639.34,4641.635,4625.79,4632.705,6.1847,0.569
2026-01-14 21:00:00,4632.65,4633.14,4617.93,4626.6,3.2562,0.56
2026-01-14 23:00:00,4630.688,4632.874,4602.925,4615.335,3.8768,1.002
2026-01-15 00:00:00,4615.255,4618.235,4610.285,4615.225,2.6003,0.65
2026-01-15 01:00:00,4615.2,4617.715,4583.565,4600.1,7.5481,0.754
2026-01-15 02:00:00,4600.152,4614.758,4595.605,4603.09,4.8354,0.716
2026-01-15 03:00:00,4603.065,4604.445,4581.28,4592.365,5.5696,0.702
2026-01-15 04:00:00,4592.36,4597.525,4587.045,4592.315,3.0028,0.698
2026-01-15 05:00:00,4592.295,4599.035,4581.165,4595.295,3.906,0.702
2026-01-15 06:00:00,4595.325,4612.135,4593.605,4610.195,5.1604,0.695
2026-01-15 07:00:00,4610.175,4613.715,4599.3,4601.86,2.9052,0.654
2026-01-15 08:00:00,4601.88,4607.238,4597.97,4604.365,3.5158,0.656
2026-01-15 09:00:00,4604.37,4613.215,4600.715,4612.74,3.0905,0.601
2026-01-15 10:00:00,4612.71,4620.855,4609.45,4619.895,2.6695,0.598
2026-01-15 11:00:00,4619.95,4623.09,4615.6,4619.3,2.377,0.58
2026-01-15 12:00:00,4619.4,4620.865,4611.755,4614.035,2.6309,0.577
2026-01-15 13:00:00,4614.07,4616.21,4582.29,4588.345,7.9337,0.615
2026-01-15 14:00:00,4588.495,4615.23,4583.435,4611.23,10.542,0.699
2026-01-15 15:00:00,4610.942,4618.112,4603.842,4615.58,12.6175,0.744
2026-01-15 16:00:00,4615.6,4624.995,4601.354,4605.698,7.6232,0.826
2026-01-15 17:00:00,4605.708,4617.054,4605.704,4616.546,5.2993,0.832
2026-01-15 18:00:00,4616.5,4621.25,4613.492,4617.642,6.1276,0.787
2026-01-15 19:00:00,4617.676,4621.73,4612.768,4615.968,4.582,0.737
2026-01-15 20:00:00,4616.018,4616.458,4600.752,4605.978,9.5002,0.775
2026-01-15 21:00:00,4605.974,4616.506,4604.574,4615.61,4.1512,0.837
2026-01-15 23:00:00,4616.2,4621.125,4606.435,4610.29,2.2265,0.945
2026-01-16 00:00:00,4610.27,4611.28,4598.502,4600.046,3.3697,0.846
2026-01-16 01:00:00,4599.93,4608.675,4593.915,4600.685,4.756,0.704
2026-01-16 02:00:00,4600.655,4604.424,4591.325,4595.0,5.2507,0.745
2026-01-16 03:00:00,4595.175,4599.965,4592.955,4596.465,2.9511,0.678
2026-01-16 04:00:00,4596.405,4602.255,4596.165,4601.172,2.8625,0.678
2026-01-16 05:00:00,4601.235,4616.085,4595.41,4611.625,6.1621,0.66
2026-01-16 06:00:00,4611.585,4612.424,4594.215,4598.195,6.4586,0.682
2026-01-16 07:00:00,4598.265,4612.175,4596.865,4607.635,2.7832,0.703
2026-01-16 08:00:00,4607.595,4610.705,4601.3,4603.335,2.6672,0.71
2026-01-16 09:00:00,4603.374,4608.685,4598.965,4600.745,1.9135,0.691
2026-01-16 10:00:00,4600.675,4611.295,4599.82,4600.235,2.2757,0.692
2026-01-16 11:00:00,4600.265,4616.182,4598.625,4612.69,2.7416,0.692
2026-01-16 12:00:00,4612.715,4613.025,4597.434,4601.916,3.3154,0.683
2026-01-16 13:00:00,4601.932,4605.65,4582.615,4601.975,6.6454,0.7
2026-01-16 14:00:00,4601.955,4614.855,4596.142,4607.81,7.3393,0.709
2026-01-16 15:00:00,4607.835,4620.375,4536.785,4571.21,10.8365,0.715
2026-01-16 16:00:00,4571.19,4599.185,4567.616,4591.375,6.4911,0.698
2026-01-16 17:00:00,4591.315,4593.335,4576.7,4581.535,6.3763,0.68
2026-01-16 18:00:00,4581.505,4596.215,4579.996,4582.765,4.3118,0.7
2026-01-16 19:00:00,4582.745,4592.274,4581.005,4590.595,4.1416,0.689
2026-01-16 20:00:00,4590.635,4595.945,4580.685,4582.018,6.7571,0.659
2026-01-16 21:00:00,4581.975,4598.555,4581.975,4596.445,2.642,0.776
2026-01-18 23:00:00,4627.8,4690.895,4620.445,4672.845,5.932,1.415
2026-01-19 00:00:00,4672.835,4682.214,4661.244,4675.345,4.3056,0.806
2026-01-19 01:00:00,4675.565,4678.668,4656.185,4657.395,6.114,0.743
2026-01-19 02:00:00,4657.355,4665.125,4653.13,4662.625,4.077,0.698
2026-01-19 03:00:00,4662.575,4670.025,4658.215,4658.412,3.254,0.684
2026-01-19 04:00:00,4658.492,4666.108,4658.236,4663.43,2.8137,0.658
2026-01-19 05:00:00,4663.42,4674.48,4663.305,4670.163,3.2317,0.678
2026-01-19 06:00:00,4670.165,4679.15,4666.822,4678.115,5.4441,0.671
2026-01-19 07:00:00,4678.064,4678.765,4661.906,4665.245,3.1895,0.678
2026-01-19 08:00:00,4665.235,4673.94,4661.665,4663.595,2.7863,0.598
2026-01-19 09:00:00,4663.585,4672.998,4662.022,4668.485,2.9518,0.582
2026-01-19 10:00:00,4668.44,4671.35,4661.266,4663.85,2.1873,0.588
2026-01-19 11:00:00,4663.875,4667.625,4659.725,4660.64,1.8755,0.584
2026-01-19 12:00:00,4660.68,4673.9,4660.15,4672.09,2.4118,0.609
2026-01-19 13:00:00,4671.862,4673.85,4664.51,4666.19,3.5074,0.61
2026-01-19 14:00:00,4666.17,4670.484,4661.546,4666.64,3.2928,0.605
2026-01-19 15:00:00,4666.595,4676.278,4664.29,4674.345,3.8164,0.599
2026-01-19 16:00:00,4674.38,4675.73,4670.425,4672.23,2.0914,0.592
2026-01-19 17:00:00,4672.24,4678.934,4669.202,4676.305,2.1487,0.552
2026-01-19 18:00:00,4676.285,4680.385,4673.805,4676.616,1.4973,0.582
2026-01-19 19:00:00,4676.621,4676.716,4667.162,4670.245,1.0509,0.725
2026-01-19 23:00:00,4672.5,4677.276,4664.5,4665.45,1.5177,0.778
2026-01-20 00:00:00,4665.48,4668.16,4659.565,4660.42,1.8813,0.647
2026-01-20 01:00:00,4660.455,4676.285,4660.005,4669.82,4.3222,0.652
2026-01-20 02:00:00,4669.715,4674.945,4665.535,4668.825,3.5523,0.641
2026-01-20 03:00:00,4668.88,4681.674,4666.105,4680.32,3.0326,0.654
2026-01-20 04:00:00,4680.3,4697.11,4679.72,4695.34,3.5534,0.658
2026-01-20 05:00:00,4695.315,4716.71,4694.455,4714.562,3.8719,0.662
2026-01-20 06:00:00,4714.552,4717.289,4705.685,4712.6,4.1641,0.651
2026-01-20 07:00:00,4712.56,4722.85,4711.505,4716.195,2.7871,0.64
2026-01-20 08:00:00,4716.23,4731.745,4715.06,4729.495,3.7368,0.608
2026-01-20 09:00:00,4729.515,4737.568,4721.312,4732.45,3.4235,0.612
2026-01-20 10:00:00,4732.475,4735.14,4723.13,4726.64,2.863,0.597
2026-01-20 11:00:00,4726.66,4735.469,4721.715,4733.294,3.1011,0.598
2026-01-20 12:00:00,4732.992,4732.992,4724.06,4727.69,3.0906,0.581
2026-01-20 13:00:00,4727.67,4738.464,4715.385,4737.204,6.6657,0.64
2026-01-20 14:00:00,4737.228,4751.05,4728.698,4741.24,9.7148,0.771
2026-01-20 15:00:00,4740.942,4748.698,4722.415,4737.565,12.0063,0.775
2026-01-20 16:00:00,4737.585,4757.705,4729.035,4753.62,6.5217,0.686
2026-01-20 17:00:00,4753.6,4762.528,4746.105,4759.222,5.5527,0.677
2026-01-20 18:00:00,4759.23,4766.395,4752.815,4759.51,5.0289,0.677
2026-01-20 19:00:00,4759.495,4766.444,4756.585,4760.905,3.9671,0.676
2026-01-20 20:00:00,4760.855,4761.345,4747.422,4756.755,5.647,0.68
2026-01-20 21:00:00,4756.765,4764.108,4756.395,4763.5,3.1884,0.663
2026-01-20 23:00:00,4763.22,4781.25,4757.885,4775.945,1.8544,0.831
2026-01-21 00:00:00,4775.925,4787.608,4770.602,4784.655,2.2658,0.644
2026-01-21 01:00:00,4784.63,4844.32,4783.63,4835.395,6.6276,0.707
2026-01-21 02:00:00,4835.505,4842.275,4817.338,4836.78,4.6246,0.686
2026-01-21 03:00:00,4836.765,4849.825,4827.2,4845.05,4.0693,0.686
2026-01-21 04:00:00,4844.99,4871.02,4838.01,4866.115,3.4804,0.65
2026-01-21 05:00:00,4866.01,4878.278,4858.93,4870.065,3.8882,0.664
2026-01-21 06:00:00,4870.12,4888.438,4845.805,4847.645,5.0778,0.69
2026-01-21 07:00:00,4847.62,4857.17,4832.68,4855.345,5.4335,0.717
2026-01-21 08:00:00,4855.37,4869.69,4851.645,4854.738,3.0503,0.592
2026-01-21 09:00:00,4854.748,4877.22,4852.4,4860.455,3.0904,0.588
2026-01-21 10:00:00,4860.42,4866.85,4859.53,4862.166,2.3631,0.596
2026-01-21 11:00:00,4862.186,4871.552,4855.26,4867.005,2.582,0.596
2026-01-21 12:00:00,4867.04,4870.96,4855.665,4865.22,2.6522,0.501
2026-01-21 13:00:00,4865.478,4880.38,4858.5,4879.485,4.3641,0.498
2026-01-21 14:00:00,4879.485,4880.91,4839.46,4852.04,8.5258,0.717
2026-01-21 15:00:00,4852.01,4868.9,4812.89,4847.805,8.3153,0.638
2026-01-21 16:00:00,4847.835,4855.735,4819.858,4833.565,6.4815,0.598
2026-01-21 17:00:00,4833.64,4834.47,4802.625,4826.425,6.5072,0.599
2026-01-21 18:00:00,4826.45,4850.745,4819.815,4850.395,5.7137,0.593
2026-01-21 19:00:00,4850.425,4854.175,4755.898,4781.445,8.9635,0.791
2026-01-21 20:00:00,4781.192,4827.975,4772.31,4826.645,8.2107,0.673
2026-01-21 21:00:00,4826.615,4839.84,4813.305,4832.665,2.7567,0.635
2026-01-21 23:00:00,4834.915,4835.275,4777.645,4778.285,2.5965,0.951
2026-01-22 00:00:00,4778.245,4799.03,4778.165,4798.345,2.7671,0.733
2026-01-22 01:00:00,4798.314,4809.775,4772.544,4798.2,5.7034,0.727
2026-01-22 02:00:00,4797.995,4798.515,4774.858,4789.21,4.7058,0.721
2026-01-22 03:00:00,4789.115,4796.93,4784.42,4796.735,3.5102,0.729
2026-01-22 04:00:00,4796.76,4800.61,4793.98,4797.67,2.7455,0.72
2026-01-22 05:00:00,4797.645,4821.63,4793.875,4821.48,3.1816,0.723
2026-01-22 06:00:00,4821.51,4829.508,4816.575,4826.68,3.4415,0.662
2026-01-22 07:00:00,4826.863,4839.548,4825.82,4832.73,2.2867,0.502
2026-01-22 08:00:00,4832.71,4835.565,4822.25,4830.715,2.5406,0.499
2026-01-22 09:00:00,4830.77,4838.17,4813.86,4823.19,2.5639,0.492
2026-01-22 10:00:00,4823.215,4831.89,4819.55,4829.04,1.8728,0.493
2026-01-22 11:00:00,4829.08,4836.39,4824.595,4831.265,2.0368,0.489
2026-01-22 12:00:00,4831.235,4832.654,4818.865,4819.65,2.6239,0.522
2026-01-22 13:00:00,4819.61,4835.48,4810.78,4822.37,5.2913,0.55
2026-01-22 14:00:00,4822.345,4847.81,4820.48,4835.29,4.9832,0.523
2026-01-22 15:00:00,4835.052,4873.79,4826.366,4871.984,6.0824,0.54
2026-01-22 16:00:00,4872.085,4885.48,4868.16,4878.09,4.729,0.492
2026-01-22 17:00:00,4878.115,4906.33,4869.644,4904.615,5.1631,0.494
2026-01-22 18:00:00,4904.585,4919.615,4901.34,4916.045,4.2462,0.472
2026-01-22 19:00:00,4916.005,4924.47,4906.005,4911.805,3.7421,0.461
2026-01-22 20:00:00,4911.825,4928.53,4911.605,4917.11,3.571,0.479
2026-01-22 21:00:00,4917.035,4940.85,4914.715,4936.355,2.0236,0.537
2026-01-22 23:00:00,4937.3,4960.705,4930.545,4959.26,2.7987,0.782
2026-01-23 00:00:00,4959.225,4966.035,4947.55,4965.224,2.2485,0.619
2026-01-23 01:00:00,4965.33,4967.4,4936.41,4953.645,4.7046,0.717
2026-01-23 02:00:00,4953.62,4962.395,4947.06,4955.665,2.4813,0.648
2026-01-23 03:00:00,4955.635,4959.215,4938.15,4952.125,2.3665,0.587
2026-01-23 04:00:00,4952.11,4958.613,4950.305,4956.37,1.0573,0.578
2026-01-23 05:00:00,4956.345,4967.468,4954.67,4960.695,1.6991,0.54
2026-01-23 06:00:00,4960.675,4963.355,4945.675,4953.865,2.8719,0.549
2026-01-23 07:00:00,4953.905,4959.75,4943.38,4944.57,2.5441,0.524
2026-01-23 08:00:00,4944.545,4947.865,4901.305,4913.905,3.9839,0.641
2026-01-23 09:00:00,4914.005,4921.59,4899.91,4918.764,4.6265,0.715
2026-01-23 10:00:00,4918.789,4932.668,4915.85,4930.005,2.6236,0.723
2026-01-23 11:00:00,4930.058,4930.09,4911.99,4922.99,2.3618,0.718
2026-01-23 12:00:00,4923.395,4942.66,4918.575,4939.588,3.401,0.715
2026-01-23 13:00:00,4939.54,4948.119,4923.675,4939.245,5.8033,0.667
2026-01-23 14:00:00,4939.165,4956.625,4932.83,4943.51,5.0997,0.633
2026-01-23 15:00:00,4943.495,4963.504,4938.36,4960.595,5.7571,0.599
2026-01-23 16:00:00,4960.65,4988.395,4959.156,4980.425,5.3778,0.606
2026-01-23 17:00:00,4980.465,4988.115,4962.145,4965.83,4.4878,0.598
2026-01-23 18:00:00,4965.885,4984.185,4958.295,4966.675,4.5261,0.6
2026-01-23 19:00:00,4966.805,4989.97,4966.805,4984.245,3.383,0.598
2026-01-23 20:00:00,4984.175,4985.725,4970.685,4980.98,5.6388,0.535
2026-01-23 21:00:00,4981.05,4990.25,4978.175,4984.53,1.9853,0.615
2026-01-25 23:00:00,5004.85,5040.155,5002.202,5039.805,4.6759,1.293
2026-01-26 00:00:00,5039.89,5052.138,5030.645,5041.77,3.6805,0.656
2026-01-26 01:00:00,5041.84,5085.63,5029.04,5071.05,7.4935,0.665
2026-01-26 02:00:00,5071.01,5093.06,5066.915,5081.09,5.9968,0.616
2026-01-26 03:00:00,5081.075,5087.85,5070.18,5076.795,5.0104,0.586
2026-01-26 04:00:00,5076.715,5078.263,5058.32,5070.445,3.0498,0.555
2026-01-26 05:00:00,5070.42,5076.6,5052.455,5074.46,5.5498,0.594
2026-01-26 06:00:00,5074.44,5111.275,5065.475,5077.56,5.5585,0.596
2026-01-26 07:00:00,5077.57,5095.898,5073.875,5089.145,3.6085,0.561
2026-01-26 08:00:00,5089.1,5098.47,5080.226,5083.43,3.8599,0.499
2026-01-26 09:00:00,5083.265,5098.62,5075.405,5084.24,3.7923,0.507
2026-01-26 10:00:00,5084.701,5095.145,5078.655,5091.795,3.0199,0.498
2026-01-26 11:00:00,5091.775,5092.985,5078.46,5091.59,3.2249,0.496
2026-01-26 12:00:00,5091.63,5097.08,5077.18,5079.0,3.7618,0.488
2026-01-26 13:00:00,5078.925,5083.16,5054.645,5068.705,6.0917,0.544
2026-01-26 14:00:00,5068.784,5097.05,5058.38,5096.206,6.8464,0.51
2026-01-26 15:00:00,5096.227,5097.445,5074.11,5090.88,6.9061,0.523
2026-01-26 16:00:00,5090.92,5105.28,5065.395,5089.63,7.6415,0.558
2026-01-26 17:00:00,5089.615,5105.057,5080.584,5101.045,6.3516,0.49
2026-01-26 18:00:00,5101.085,5103.365,5057.884,5068.945,8.9087,0.538
2026-01-26 19:00:00,5068.925,5069.825,5008.472,5028.635,10.7289,0.708
2026-01-26 20:00:00,5028.675,5062.315,5026.42,5055.35,9.5076,0.598
2026-01-26 21:00:00,5055.365,5059.187,4990.188,5010.758,7.2527,0.908
2026-01-26 23:00:00,5013.5,5061.57,5012.535,5043.555,3.423,1.087
2026-01-27 00:00:00,5043.55,5054.1,5013.88,5032.92,3.5856,0.691
2026-01-27 01:00:00,5032.96,5076.11,5018.846,5060.13,7.0915,0.803
2026-01-27 02:00:00,5060.22,5079.845,5049.685,5072.585,4.8339,0.588
2026-01-27 03:00:00,5072.615,5079.255,5060.28,5077.09,4.0402,0.588
2026-01-27 04:00:00,5077.055,5078.845,5061.6,5067.89,3.6505,0.562
2026-01-27 05:00:00,5067.84,5085.385,5057.31,5083.1,4.5715,0.607
2026-01-27 06:00:00,5083.13,5094.13,5076.815,5085.9,4.4166,0.646
2026-01-27 07:00:00,5085.91,5100.87,5081.515,5086.04,5.0487,0.64
2026-01-27 08:00:00,5086.07,5088.325,5073.38,5079.585,4.5075,0.566
2026-01-27 09:00:00,5079.565,5099.595,5077.966,5098.84,3.498,0.543
2026-01-27 10:00:00,5098.44,5098.675,5081.99,5086.45,2.994,0.498
2026-01-27 11:00:00,5086.475,5090.835,5066.972,5076.955,3.1276,0.498
2026-01-27 12:00:00,5077.005,5091.335,5073.65,5085.07,4.1892,0.54
2026-01-27 13:00:00,5085.085,5092.98,5069.7,5077.5,6.027,0.543
2026-01-27 14:00:00,5077.49,5082.28,5046.784,5054.324,9.4414,0.674
2026-01-27 15:00:00,5054.07,5091.38,5048.005,5091.075,8.6344,0.661
2026-01-27 16:00:00,5090.875,5103.365,5083.32,5087.595,6.3629,0.594
2026-01-27 17:00:00,5087.565,5094.155,5076.87,5081.305,6.153,0.605
2026-01-27 18:00:00,5081.335,5095.718,5076.438,5088.155,5.5962,0.6
2026-01-27 19:00:00,5088.175,5100.175,5081.175,5099.045,3.8487,0.598
2026-01-27 20:00:00,5099.015,5182.638,5098.04,5176.822,11.7246,0.666
2026-01-27 21:00:00,5176.892,5190.54,5169.295,5180.085,5.1855,0.928
2026-01-27 23:00:00,5180.895,5185.222,5159.145,5172.355,4.0282,1.224
2026-01-28 00:00:00,5172.415,5180.195,5157.445,5172.135,3.8283,0.597
2026-01-28 01:00:00,5171.93,5225.33,5168.72,5204.69,8.3891,0.712
2026-01-28 02:00:00,5204.74,5234.72,5201.7,5232.11,6.3331,0.676
2026-01-28 03:00:00,5231.83,5247.775,5224.585,5235.27,5.7689,0.631
2026-01-28 04:00:00,5235.215,5249.025,5232.42,5245.66,3.5302,0.614
2026-01-28 05:00:00,5245.67,5266.67,5241.595,5261.405,4.4981,0.59
2026-01-28 06:00:00,5261.455,5271.47,5252.015,5270.022,4.6515,0.617
2026-01-28 07:00:00,5270.075,5292.875,5263.095,5290.59,4.8738,0.57
2026-01-28 08:00:00,5290.545,5311.51,5280.68,5293.75,5.7914,0.686
2026-01-28 09:00:00,5293.765,5297.74,5263.29,5278.345,5.314,0.685
2026-01-28 10:00:00,5278.365,5285.865,5269.495,5270.092,4.1434,0.606
2026-01-28 11:00:00,5270.14,5270.89,5238.64,5261.695,5.924,0.685
2026-01-28 12:00:00,5261.69,5279.37,5251.795,5279.29,6.6533,0.638
2026-01-28 13:00:00,5279.215,5289.57,5256.995,5266.6,8.5817,0.62
2026-01-28 14:00:00,5266.858,5288.565,5248.744,5286.245,8.9653,0.639
2026-01-28 15:00:00,5285.654,5298.414,5235.475,5278.385,10.9334,0.893
2026-01-28 16:00:00,5278.35,5300.3,5274.56,5299.945,7.4343,0.618
2026-01-28 17:00:00,5299.885,5307.095,5283.235,5298.155,6.6024,0.587
2026-01-28 18:00:00,5298.336,5326.08,5268.72,5282.195,9.5186,0.73
2026-01-28 19:00:00,5282.2,5331.936,5269.545,5325.515,9.8583,0.851
2026-01-28 20:00:00,5325.347,5391.505,5321.335,5376.945,9.7377,0.727
2026-01-28 21:00:00,5377.045,5419.365,5377.041,5415.138,5.0482,0.762
2026-01-28 23:00:00,5419.445,5598.26,5418.7,5513.228,10.2269,1.571
2026-01-29 00:00:00,5513.92,5527.19,5453.865,5520.326,6.8235,1.435
2026-01-29 01:00:00,5520.355,5551.794,5445.366,5545.865,9.2081,1.213
2026-01-29 02:00:00,5545.825,5550.23,5504.555,5535.984,7.5067,0.999
2026-01-29 03:00:00,5536.01,5549.09,5508.4,5546.015,6.566,0.756
2026-01-29 04:00:00,5546.0,5564.61,5533.44,5558.285,4.7643,0.7
2026-01-29 05:00:00,5557.756,5564.55,5516.08,5562.625,6.1267,0.814
2026-01-29 06:00:00,5562.753,5595.715,5554.825,5561.55,8.5778,0.756
2026-01-29 07:00:00,5561.515,5575.205,5537.0,5549.1,7.3349,0.735
2026-01-29 08:00:00,5549.08,5554.93,5473.76,5509.955,8.093,0.784
2026-01-29 09:00:00,5509.79,5529.968,5497.985,5514.08,5.9036,0.664
2026-01-29 10:00:00,5514.115,5525.685,5482.488,5483.695,5.053,0.61
2026-01-29 11:00:00,5483.995,5529.01,5470.92,5522.695,5.6571,0.584
2026-01-29 12:00:00,5522.67,5543.085,5518.58,5534.215,5.352,0.562
2026-01-29 13:00:00,5534.26,5541.28,5500.264,5510.525,8.2526,0.749
2026-01-29 14:00:00,5510.605,5549.815,5491.128,5496.995,10.4511,0.818
2026-01-29 15:00:00,5496.959,5496.959,5098.87,5182.825,11.495,2.264
2026-01-29 16:00:00,5182.664,5311.708,5172.228,5264.289,10.9769,1.679
2026-01-29 17:00:00,5264.59,5375.728,5264.588,5335.17,10.8678,1.465
2026-01-29 18:00:00,5335.26,5362.095,5307.845,5339.052,9.2862,1.302
2026-01-29 19:00:00,5339.056,5345.785,5290.35,5305.845,9.3119,1.162
2026-01-29 20:00:00,5305.87,5407.33,5282.955,5394.365,8.3543,0.955
2026-01-29 21:00:00,5394.395,5425.9,5370.206,5379.7,5.9175,1.343
2026-01-29 23:00:00,5387.26,5448.867,5377.9,5438.505,4.7981,1.571
2026-01-30 00:00:00,5438.545,5451.11,5390.105,5407.315,5.2591,1.082
2026-01-30 01:00:00,5407.634,5409.838,5291.138,5301.14,10.3501,1.599
2026-01-30 02:00:00,5301.162,5312.87,5112.336,5225.02,15.5235,2.107
2026-01-30 03:00:00,5225.055,5229.835,5150.643,5196.315,10.1699,1.892
2026-01-30 04:00:00,5196.215,5230.745,5193.63,5215.005,6.9288,1.501
2026-01-30 05:00:00,5214.799,5241.455,5180.17,5184.988,6.4463,1.413
2026-01-30 06:00:00,5185.025,5205.485,5145.728,5156.16,9.7298,1.643
2026-01-30 07:00:00,5156.16,5186.535,5118.108,5181.32,9.9243,1.56
2026-01-30 08:00:00,5181.398,5181.398,5054.494,5117.414,12.2447,1.517
2026-01-30 09:00:00,5117.454,5133.138,4942.598,5013.658,16.5099,2.268
2026-01-30 10:00:00,5013.648,5122.415,5000.726,5119.768,11.7912,1.925
2026-01-30 11:00:00,5119.36,5144.652,5088.73,5135.87,8.8612,1.356
2026-01-30 12:00:00,5135.885,5146.03,5055.35,5064.77,9.8959,1.494
2026-01-30 13:00:00,5064.725,5100.224,4992.115,5019.789,13.4035,2.104
2026-01-30 14:00:00,5019.74,5113.306,5014.814,5033.088,14.3337,1.786
2026-01-30 15:00:00,5033.025,5074.046,4980.514,5050.765,13.8943,1.576
2026-01-30 16:00:00,5050.695,5051.982,4944.048,4985.284,13.0431,1.501
2026-01-30 17:00:00,4985.308,4986.308,4800.726,4850.156,15.8435,2.079
2026-01-30 18:00:00,4849.95,4893.948,4681.914,4879.131,15.3444,3.045
2026-01-30 19:00:00,4879.656,4948.665,4843.238,4932.888,9.8257,2.246
2026-01-30 20:00:00,4932.914,4933.255,4808.566,4847.655,14.7059,2.086
2026-01-30 21:00:00,4847.612,4897.184,4831.975,4895.635,7.7875,2.001
2026-02-01 23:00:00,4820.55,4823.725,4697.115,4742.898,4.1159,4.309
2026-02-02 00:00:00,4742.838,4885.072,4740.598,4766.775,9.5658,2.319
2026-02-02 01:00:00,4766.305,4785.1,4584.6,4736.863,13.2251,2.564
2026-02-02 02:00:00,4736.709,4773.225,4697.51,4710.992,10.1448,1.946
2026-02-02 03:00:00,4710.862,4729.73,4630.385,4646.898,11.2775,2.043
2026-02-02 04:00:00,4647.128,4713.456,4603.388,4679.714,9.3736,2.35
2026-02-02 05:00:00,4679.708,4696.46,4498.394,4549.616,11.3002,2.768
2026-02-02 06:00:00,4549.215,4574.12,4402.416,4505.709,14.909,3.178
2026-02-02 07:00:00,4505.824,4619.318,4484.355,4587.284,16.2585,2.447
2026-02-02 08:00:00,4587.304,4651.345,4560.088,4640.92,14.7608,2.145
2026-02-02 09:00:00,4640.91,4731.246,4603.245,4719.498,16.4161,2.04
2026-02-02 10:00:00,4719.484,4733.887,4656.816,4705.422,9.7791,1.87
2026-02-02 11:00:00,4705.332,4779.938,4703.381,4766.05,7.6585,1.529
2026-02-02 12:00:00,4766.15,4812.885,4743.508,4794.385,7.0875,1.49
2026-02-02 13:00:00,4794.395,4803.977,4669.425,4706.2,17.8331,2.1
2026-02-02 14:00:00,4706.35,4793.717,4680.173,4719.658,16.0558,1.568
2026-02-02 15:00:00,4710.375,4745.675,4617.318,4620.379,16.463,1.914
2026-02-02 16:00:00,4620.369,4708.902,4596.888,4666.142,13.4537,1.704
2026-02-02 17:00:00,4666.126,4713.996,4656.704,4674.075,9.5229,1.306
2026-02-02 18:00:00,4674.085,4674.345,4618.56,4658.005,9.6739,1.289
2026-02-02 19:00:00,4657.9,4712.866,4631.504,4685.426,8.0978,1.016
2026-02-02 20:00:00,4685.432,4700.758,4647.795,4653.175,9.6177,1.185
2026-02-02 21:00:00,4652.925,4687.185,4644.188,4660.195,5.4167,1.742
2026-02-02 23:00:00,4672.3,4776.03,4665.445,4774.715,6.0416,2.192
2026-02-03 00:00:00,4774.74,4830.575,4766.135,4780.485,6.5206,1.626
2026-02-03 01:00:00,4781.868,4856.982,4766.392,4841.6,13.1756,1.746
2026-02-03 02:00:00,4841.355,4841.904,4745.576,4783.549,12.5104,1.611
2026-02-03 03:00:00,4783.605,4813.525,4751.885,4809.525,8.7487,1.347
2026-02-03 04:00:00,4809.49,4825.225,4801.015,4809.12,5.5338,1.193
2026-02-03 05:00:00,4809.573,4842.254,4809.227,4825.32,6.4949,1.21
2026-02-03 06:00:00,4825.34,4894.065,4816.635,4881.41,8.1234,1.273
2026-02-03 07:00:00,4881.255,4933.695,4872.07,4917.385,5.4699,0.882
2026-02-03 08:00:00,4917.35,4950.31,4898.405,4912.625,5.0834,0.749
2026-02-03 09:00:00,4912.6,4926.225,4884.63,4916.175,4.7708,0.809
2026-02-03 10:00:00,4916.195,4929.808,4901.85,4902.38,3.3516,0.698
2026-02-03 11:00:00,4902.395,4919.29,4883.8,4916.89,4.4795,0.842
2026-02-03 12:00:00,4917.256,4936.04,4892.315,4913.845,4.8903,0.946
2026-02-03 13:00:00,4913.845,4951.13,4902.795,4933.113,7.387,0.864
2026-02-03 14:00:00,4933.084,4936.668,4893.658,4917.015,9.6659,1.089
2026-02-03 15:00:00,4917.055,4948.768,4904.755,4935.45,8.285,1.06
2026-02-03 16:00:00,4935.6,4993.876,4929.875,4955.602,7.7843,0.876
2026-02-03 17:00:00,4955.472,4970.044,4907.608,4929.04,11.7729,1.045
2026-02-03 18:00:00,4929.055,4954.035,4884.108,4908.55,10.7355,0.971
2026-02-03 19:00:00,4908.525,4948.906,4880.765,4927.305,8.7745,0.892
2026-02-03 20:00:00,4927.285,4957.057,4902.515,4944.312,7.99,0.797
2026-02-03 21:00:00,4944.382,4964.32,4933.932,4947.115,3.1978,1.115
2026-02-03 23:00:00,4946.35,4972.78,4907.51,4947.77,4.3493,2.04
2026-02-04 00:00:00,4947.775,5016.182,4946.545,5015.845,6.2064,1.231
2026-02-04 01:00:00,5016.078,5053.585,4985.33,5046.805,9.6719,1.363
2026-02-04 02:00:00,5046.795,5065.808,5035.665,5040.32,5.1537,1.051
2026-02-04 03:00:00,5040.027,5073.735,5036.295,5070.23,4.3816,1.122
2026-02-04 04:00:00,5070.24,5081.54,5056.365,5080.63,2.735,0.977
2026-02-04 05:00:00,5080.595,5090.558,5069.315,5079.555,3.6599,0.866
2026-02-04 06:00:00,5079.62,5083.045,5051.25,5076.804,5.2824,0.942
2026-02-04 07:00:00,5076.805,5091.455,5062.22,5084.856,4.0779,0.826
2026-02-04 08:00:00,5084.842,5091.845,5068.91,5083.612,3.9579,0.893
2026-02-04 09:00:00,5083.596,5086.915,5043.275,5060.105,5.0137,0.894
2026-02-04 10:00:00,5060.135,5064.486,5041.88,5048.72,3.7686,0.855
2026-02-04 11:00:00,5048.72,5053.48,5013.61,5047.545,4.3266,0.81
2026-02-04 12:00:00,5047.56,5063.33,5036.56,5041.075,3.4468,0.799
2026-02-04 13:00:00,5041.36,5063.565,5023.469,5054.075,6.1942,0.933
2026-02-04 14:00:00,5054.09,5059.17,4967.024,4986.213,10.0786,1.021
2026-02-04 15:00:00,4986.18,5008.133,4887.695,4920.578,14.3503,1.329
2026-02-04 16:00:00,4920.534,4940.16,4847.365,4904.568,12.3966,1.255
2026-02-04 17:00:00,4904.574,4931.424,4888.234,4897.934,10.861,1.145
2026-02-04 18:00:00,4897.918,4935.08,4872.95,4927.43,8.3184,1.044
2026-02-04 19:00:00,4927.472,4957.8,4914.55,4941.87,6.255,0.821
2026-02-04 20:00:00,4941.895,4951.592,4914.52,4938.29,5.9105,0.834
2026-02-04 21:00:00,4938.42,4971.04,4937.545,4965.315,2.4609,1.163
2026-02-04 23:00:00,4966.57,5023.895,4964.204,5012.495,3.2954,1.641
2026-02-05 00:00:00,5012.305,5020.56,4997.0,5006.845,3.7525,1.108
2026-02-05 01:00:00,5008.266,5012.378,4935.975,4959.035,9.8375,1.474
2026-02-05 02:00:00,4959.065,4962.258,4805.175,4812.035,14.9646,1.942
2026-02-05 03:00:00,4812.135,4888.268,4789.049,4880.935,13.4719,2.169
2026-02-05 04:00:00,4880.825,4891.365,4863.65,4864.015,5.7681,1.464
2026-02-05 05:00:00,4864.08,4906.586,4825.974,4896.655,7.2738,1.69
2026-02-05 06:00:00,4896.63,4934.15,4877.789,4920.315,6.8488,1.706
2026-02-05 07:00:00,4920.275,4940.735,4896.045,4915.644,6.9044,1.168
2026-02-05 08:00:00,4915.275,4943.784,4901.027,4912.17,5.8643,0.968
2026-02-05 09:00:00,4912.177,4914.42,4849.735,4854.835,7.648,1.321
2026-02-05 10:00:00,4854.81,4887.256,4847.988,4877.228,6.6323,1.384
2026-02-05 11:00:00,4877.233,4894.715,4864.54,4868.395,5.2018,1.046
2026-02-05 12:00:00,4868.006,4878.245,4810.724,4854.113,10.4412,1.357
2026-02-05 13:00:00,4854.095,4868.02,4801.935,4835.678,11.6496,1.698
2026-02-05 14:00:00,4835.688,4870.025,4806.218,4846.024,11.0129,1.251
2026-02-05 15:00:00,4845.448,4866.878,4800.578,4817.934,10.8746,1.291
2026-02-05 16:00:00,4817.89,4906.685,4812.708,4889.066,9.9408,1.088
2026-02-05 17:00:00,4889.076,4890.655,4859.285,4869.09,6.7439,0.923
2026-02-05 18:00:00,4869.115,4875.33,4851.26,4858.215,5.7561,0.847
2026-02-05 19:00:00,4858.255,4865.425,4823.815,4829.49,4.7808,0.779
2026-02-05 20:00:00,4829.48,4843.36,4793.02,4811.585,5.4359,0.849
2026-02-05 21:00:00,4811.504,4826.258,4759.874,4777.61,3.5523,1.073
2026-02-05 23:00:00,4793.9,4796.645,4703.565,4703.875,5.2667,1.538
2026-02-06 00:00:00,4703.86,4764.695,4655.11,4763.295,11.395,1.719
2026-02-06 01:00:00,4763.28,4784.994,4693.736,4774.544,11.7996,2.253
2026-02-06 02:00:00,4774.558,4846.658,4760.89,4816.875,9.8065,1.654
2026-02-06 03:00:00,4816.795,4839.575,4800.816,4824.385,5.63,1.398
2026-02-06 04:00:00,4824.34,4831.985,4807.335,4813.88,3.2585,1.329
2026-02-06 05:00:00,4814.648,4898.14,4807.82,4897.727,4.7422,1.33
2026-02-06 06:00:00,4897.685,4903.475,4825.432,4846.425,6.2662,1.512
2026-02-06 07:00:00,4846.425,4861.89,4838.353,4840.885,3.9559,1.123
2026-02-06 08:00:00,4840.895,4882.322,4829.365,4861.902,5.2654,1.147
2026-02-06 09:00:00,4862.08,4872.876,4838.575,4866.682,4.0241,1.045
2026-02-06 10:00:00,4866.57,4880.295,4851.945,4878.57,4.0654,0.927
2026-02-06 11:00:00,4878.528,4896.006,4863.916,4887.31,3.8522,0.934
2026-02-06 12:00:00,4887.335,4903.545,4871.938,4900.45,3.4912,0.773
2026-02-06 13:00:00,4900.48,4938.435,4897.295,4929.005,6.6143,0.908
2026-02-06 14:00:00,4929.025,4949.812,4894.565,4948.082,6.8196,0.86
2026-02-06 15:00:00,4948.096,4964.896,4928.6,4943.785,7.2018,0.902
2026-02-06 16:00:00,4943.875,4953.47,4921.922,4951.825,5.2861,0.828
2026-02-06 17:00:00,4951.895,4968.625,4948.245,4960.56,3.428,0.718
2026-02-06 18:00:00,4960.695,4971.346,4943.955,4962.57,3.3322,0.75
2026-02-06 19:00:00,4962.615,4963.405,4948.85,4957.325,2.0327,0.65
2026-02-06 20:00:00,4957.37,4959.315,4936.73,4953.366,3.1107,0.659
2026-02-06 21:00:00,4953.372,4968.896,4946.53,4966.9,2.0244,1.141
2026-02-08 23:00:00,4981.575,5047.454,4964.878,5036.145,4.9715,1.51
2026-02-09 00:00:00,5036.13,5045.055,5011.966,5019.91,4.1145,1.437
2026-02-09 01:00:00,5020.668,5042.145,4976.24,4982.71,7.9406,1.435
2026-02-09 02:00:00,4982.67,5017.445,4968.82,5007.17,6.1015,1.151
2026-02-09 03:00:00,5006.832,5031.418,5005.715,5016.22,4.4422,1.12
2026-02-09 04:00:00,5016.324,5024.905,5007.55,5012.152,3.2017,1.177
2026-02-09 05:00:00,5012.167,5041.71,5011.39,5036.57,3.1616,0.927
2026-02-09 06:00:00,5036.59,5045.894,5013.892,5031.282,4.3304,0.908
2026-02-09 07:00:00,5031.285,5031.285,4996.755,5006.43,3.6343,0.93
2026-02-09 08:00:00,5006.46,5036.0,5002.85,5027.46,2.6824,0.706
2026-02-09 09:00:00,5027.505,5041.175,5002.75,5007.89,2.4343,0.773
2026-02-09 10:00:00,5007.935,5015.468,4982.52,4991.103,3.2181,0.758
2026-02-09 11:00:00,4991.115,5018.15,4988.795,5010.93,2.0844,0.699
2026-02-09 12:00:00,5010.955,5021.943,5007.43,5013.445,2.0268,0.695
2026-02-09 13:00:00,5013.465,5024.998,4995.205,5007.215,4.718,0.767
2026-02-09 14:00:00,5007.175,5040.91,5002.405,5038.245,5.9237,0.746
2026-02-09 15:00:00,5037.975,5060.4,5023.695,5059.0,4.973,0.735
2026-02-09 16:00:00,5059.035,5080.924,5056.79,5073.48,4.11,0.703
2026-02-09 17:00:00,5073.47,5075.66,5041.01,5046.47,3.1992,0.69
2026-02-09 18:00:00,5046.315,5064.08,5044.38,5062.845,3.4914,0.664
2026-02-09 19:00:00,5062.825,5080.19,5062.515,5074.515,2.4643,0.67
2026-02-09 20:00:00,5074.595,5086.73,5072.36,5079.71,4.5337,0.722
2026-02-09 21:00:00,5079.978,5083.835,5048.675,5059.405,1.5238,0.73
2026-02-09 23:00:00,5056.035,5079.631,4987.342,5032.265,7.0617,2.102
2026-02-10 00:00:00,5032.2,5048.56,5009.145,5019.24,4.2308,1.572
2026-02-10 01:00:00,5019.095,5037.83,5012.805,5032.575,7.0593,1.267
2026-02-10 02:00:00,5032.56,5056.395,5031.596,5038.46,5.5886,0.985
2026-02-10 03:00:00,5038.218,5038.218,5016.455,5030.255,4.962,0.971
2026-02-10 04:00:00,5030.07,5033.937,5017.79,5031.66,3.087,0.989
2026-02-10 05:00:00,5031.557,5040.83,5011.44,5039.475,4.0225,0.922
2026-02-10 06:00:00,5039.44,5045.523,5018.93,5024.205,3.691,0.877
2026-02-10 07:00:00,5024.23,5036.238,5018.635,5034.095,2.9249,0.747
2026-02-10 08:00:00,5033.952,5055.335,5028.95,5041.91,2.8413,0.686
2026-02-10 09:00:00,5041.855,5063.428,5040.66,5046.935,2.6976,0.768
2026-02-10 10:00:00,5046.955,5058.32,5037.14,5046.985,2.2201,0.791
2026-02-10 11:00:00,5046.955,5057.66,5044.65,5056.07,1.609,0.788
2026-02-10 12:00:00,5056.09,5057.32,5019.815,5032.37,2.9545,0.799
2026-02-10 13:00:00,5032.39,5059.365,5026.965,5051.16,4.0768,0.817
2026-02-10 14:00:00,5051.19,5078.88,5020.66,5039.69,6.1104,0.786
2026-02-10 15:00:00,5039.706,5048.26,4999.1,5019.477,6.4864,0.807
2026-02-10 16:00:00,5019.495,5026.615,5005.89,5024.014,4.8526,0.785
2026-02-10 17:00:00,5023.97,5040.27,5020.78,5026.31,2.817,0.79
2026-02-10 18:00:00,5025.799,5027.988,5004.798,5013.15,3.7464,0.772
2026-02-10 19:00:00,5013.12,5030.39,5008.985,5028.08,2.6059,0.78
2026-02-10 20:00:00,5028.1,5045.55,5020.505,5030.262,3.4438,0.77
2026-02-10 21:00:00,5030.266,5032.984,5020.44,5025.506,1.3408,0.809
2026-02-10 23:00:00,5029.535,5055.008,5025.2,5042.01,1.5578,1.115
2026-02-11 00:00:00,5041.97,5049.814,5028.295,5037.935,2.088,0.925
2026-02-11 01:00:00,5037.955,5053.276,5030.665,5052.675,3.3733,0.879
2026-02-11 02:00:00,5052.66,5057.9,5032.675,5055.855,2.6505,0.814
2026-02-11 03:00:00,5055.83,5060.825,5045.036,5054.51,1.9973,0.834
2026-02-11 04:00:00,5054.42,5059.79,5045.892,5046.42,1.0041,0.775
2026-02-11 05:00:00,5046.445,5064.08,5043.685,5052.89,1.8978,0.802
2026-02-11 06:00:00,5052.92,5064.735,5049.53,5064.28,2.3509,0.768
2026-02-11 07:00:00,5064.27,5069.51,5048.97,5055.75,2.6252,0.86
2026-02-11 08:00:00,5055.185,5060.704,5045.865,5053.81,1.9322,0.987
2026-02-11 09:00:00,5053.79,5072.32,5047.25,5062.904,2.3483,0.957
2026-02-11 10:00:00,5063.04,5101.423,5062.59,5093.485,3.709,0.988
2026-02-11 11:00:00,5093.508,5116.68,5082.722,5111.9,2.996,0.874
2026-02-11 12:00:00,5112.365,5119.278,5050.148,5083.55,4.5565,0.97
2026-02-11 13:00:00,5083.52,5090.15,5019.048,5065.9,7.6604,1.145
2026-02-11 14:00:00,5065.945,5083.456,5035.94,5059.595,6.7522,0.777
2026-02-11 15:00:00,5059.456,5081.885,5039.344,5060.28,7.4989,0.834
2026-02-11 16:00:00,5059.92,5078.4,5043.138,5075.235,5.1623,0.825
2026-02-11 17:00:00,5075.206,5099.25,5068.28,5091.665,6.6269,0.702
2026-02-11 18:00:00,5091.62,5092.942,5066.996,5082.525,6.0373,0.616
2026-02-11 19:00:00,5082.54,5094.498,5077.19,5082.085,3.3443,0.682
2026-02-11 20:00:00,5082.07,5090.262,5078.272,5086.925,5.0172,0.652
2026-02-11 21:00:00,5086.92,5092.94,5070.01,5084.075,2.1312,0.66
2026-02-11 23:00:00,5088.9,5101.602,5053.363,5061.39,2.7247,1.233
2026-02-12 00:00:00,5061.363,5067.968,5049.955,5063.08,3.2331,0.986
2026-02-12 01:00:00,5062.915,5064.425,5045.067,5063.61,5.1155,1.024
2026-02-12 02:00:00,5063.63,5073.1,5055.12,5066.078,2.865,0.836
2026-02-12 03:00:00,5066.064,5074.795,5054.872,5057.065,2.1831,0.832
2026-02-12 04:00:00,5057.01,5070.325,5051.022,5069.64,1.1023,0.816
2026-02-12 05:00:00,5069.69,5078.39,5064.68,5075.7,1.8401,0.801
2026-02-12 06:00:00,5075.96,5076.475,5047.131,5059.94,2.99,0.842
2026-02-12 07:00:00,5059.935,5066.432,5052.018,5063.885,2.4591,0.954
2026-02-12 08:00:00,5063.915,5073.61,5052.395,5068.665,2.2217,0.833
2026-02-12 09:00:00,5068.64,5080.998,5066.395,5073.14,1.7003,0.766
2026-02-12 10:00:00,5073.17,5077.185,5056.289,5062.3,2.3368,0.906
2026-02-12 11:00:00,5062.42,5068.51,5059.654,5064.0,1.7873,0.958
2026-02-12 12:00:00,5064.036,5068.85,5048.88,5052.91,2.1345,0.837
2026-02-12 13:00:00,5052.87,5083.87,5051.56,5075.426,3.1768,0.798
2026-02-12 14:00:00,5075.436,5077.88,5039.558,5044.694,5.1491,0.818
2026-02-12 15:00:00,5044.97,5074.994,5039.968,5060.636,4.4272,0.796
2026-02-12 16:00:00,5060.69,5068.29,4878.25,4954.875,13.3798,1.343
2026-02-12 17:00:00,4954.89,4982.968,4939.635,4941.304,8.8494,0.949
2026-02-12 18:00:00,4941.135,4952.285,4906.685,4935.705,8.255,0.909
2026-02-12 19:00:00,4935.888,4958.294,4928.095,4945.71,6.8858,0.761
2026-02-12 20:00:00,4945.76,4948.6,4911.29,4915.277,9.9782,0.728
2026-02-12 21:00:00,4915.065,4927.05,4912.078,4922.068,2.4834,0.786
2026-02-12 23:00:00,4923.015,4928.974,4888.98,4920.49,2.0101,1.671
2026-02-13 00:00:00,4920.435,4948.925,4914.039,4928.165,3.2401,1.291
2026-02-13 01:00:00,4928.7,4988.755,4927.32,4980.925,5.0173,0.991
2026-02-13 02:00:00,4980.895,4991.795,4972.28,4988.655,3.0263,0.878
2026-02-13 03:00:00,4988.62,4989.33,4973.965,4981.5,2.0082,0.807
2026-02-13 04:00:00,4981.48,4997.375,4973.035,4976.75,1.5563,0.802
2026-02-13 05:00:00,4976.76,4986.654,4944.92,4946.29,2.7543,0.815
2026-02-13 06:00:00,4946.615,4968.905,4946.265,4967.315,3.1571,0.799
2026-02-13 07:00:00,4967.315,4982.904,4951.215,4975.345,3.2712,0.89
2026-02-13 08:00:00,4975.193,4989.71,4971.686,4982.762,3.8783,0.794
2026-02-13 09:00:00,4982.757,4982.88,4961.505,4970.408,3.4191,0.749
2026-02-13 10:00:00,4970.423,4980.89,4947.22,4950.165,3.0583,0.749
2026-02-13 11:00:00,4950.202,4955.55,4933.89,4954.195,3.6888,0.768
2026-02-13 12:00:00,4953.755,4974.155,4952.2,4969.67,2.7052,0.802
2026-02-13 13:00:00,4969.68,5000.584,4957.78,4987.23,4.2115,0.918
2026-02-13 14:00:00,4986.772,5011.03,4964.252,4995.75,6.3868,0.92
2026-02-13 15:00:00,4995.79,5020.565,4974.022,4976.726,7.3826,0.887
2026-02-13 16:00:00,4976.77,5033.926,4975.666,5008.0,5.7688,0.798
2026-02-13 17:00:00,5008.03,5029.292,5006.05,5021.11,3.583,0.785
2026-02-13 18:00:00,5021.14,5035.61,5015.442,5031.25,3.6224,0.773
2026-02-13 19:00:00,5031.31,5046.2,5023.658,5023.658,3.616,0.776
2026-02-13 20:00:00,5023.904,5034.842,5021.664,5032.67,4.652,0.779
2026-02-13 21:00:00,5032.66,5046.36,5029.82,5042.87,1.4266,0.94
2026-02-15 23:00:00,5043.355,5053.29,5010.17,5020.4,3.7997,1.852
2026-02-16 00:00:00,5020.3,5022.635,4999.912,5015.65,2.4763,0.979
2026-02-16 01:00:00,5015.6,5031.45,5007.095,5028.955,2.447,0.798
2026-02-16 02:00:00,5028.975,5031.264,4992.273,4994.81,2.6883,0.795
2026-02-16 03:00:00,4994.815,5000.055,4972.113,4987.58,2.6184,0.815
2026-02-16 04:00:00,4987.565,4992.33,4972.17,4977.905,2.3465,0.777
2026-02-16 05:00:00,4977.895,4990.885,4965.142,4990.78,2.0349,0.765
2026-02-16 06:00:00,4990.555,5003.164,4984.725,4994.845,1.323,0.773
2026-02-16 07:00:00,4994.87,5010.05,4989.07,5007.388,1.5646,0.721
2026-02-16 08:00:00,5007.385,5013.41,4995.72,5008.22,1.775,0.797
2026-02-16 09:00:00,5008.115,5017.415,5008.078,5013.59,1.3103,0.775
2026-02-16 10:00:00,5013.35,5017.37,5000.34,5006.13,1.3328,0.792
2026-02-16 11:00:00,5006.165,5008.24,4998.985,5004.47,1.0178,0.79
2026-02-16 12:00:00,5004.51,5008.265,4992.926,5002.025,1.4019,0.795
2026-02-16 13:00:00,5001.98,5003.8,4989.572,4997.325,1.8448,0.749
2026-02-16 14:00:00,4997.305,4999.735,4981.79,4988.445,1.9722,0.692
2026-02-16 15:00:00,4987.982,4988.37,4969.055,4979.755,2.0032,0.719
2026-02-16 16:00:00,4979.715,4990.47,4973.21,4988.268,1.5704,0.723
2026-02-16 17:00:00,4988.295,4996.21,4988.204,4991.795,0.8897,0.83
2026-02-16 18:00:00,4992.113,4997.96,4988.725,4994.67,1.2046,0.844
2026-02-16 19:00:00,4994.65,4996.445,4990.576,4990.79,0.7115,0.84
2026-02-16 23:00:00,4998.46,5001.155,4985.375,4989.865,1.4862,1.256
2026-02-17 00:00:00,4989.895,4991.49,4932.18,4935.745,2.9075,0.877
2026-02-17 01:00:00,4935.88,4963.99,4923.052,4957.95,3.6302,0.914
2026-02-17 02:00:00,4957.915,4971.264,4954.65,4967.036,1.8145,0.847
2026-02-17 03:00:00,4966.992,4970.192,4950.06,4956.92,1.8297,0.86
2026-02-17 04:00:00,4956.84,4960.545,4946.715,4953.0,1.8,0.929
2026-02-17 05:00:00,4952.965,4954.425,4858.445,4888.99,5.8742,1.246
2026-02-17 06:00:00,4888.945,4914.282,4886.635,4910.474,2.508,0.825
2026-02-17 07:00:00,4910.478,4922.324,4903.924,4917.185,2.0941,0.746
2026-02-17 08:00:00,4917.274,4930.468,4916.585,4920.81,2.1451,0.828
2026-02-17 09:00:00,4920.605,4932.66,4913.345,4926.075,1.984,0.84
2026-02-17 10:00:00,4926.055,4939.385,4907.77,4913.345,1.8844,0.833
2026-02-17 11:00:00,4913.375,4931.155,4913.255,4929.435,1.5677,0.836
2026-02-17 12:00:00,4929.057,4944.685,4928.325,4932.105,2.0167,0.835
2026-02-17 13:00:00,4932.215,4933.475,4870.17,4870.965,3.9769,0.882
2026-02-17 14:00:00,4871.005,4907.155,4841.9,4863.925,9.0538,1.069
2026-02-17 15:00:00,4863.605,4882.557,4849.175,4878.6,9.3261,0.95
2026-02-17 16:00:00,4878.63,4893.565,4868.557,4869.22,5.9023,0.914
2026-02-17 17:00:00,4869.24,4871.418,4850.095,4865.075,5.0322,0.916
2026-02-17 18:00:00,4865.135,4910.49,4862.545,4898.97,4.5689,0.914
2026-02-17 19:00:00,4898.99,4901.266,4876.6,4880.435,4.1314,0.907
2026-02-17 20:00:00,4880.39,4884.35,4873.445,4877.936,7.2905,0.89
2026-02-17 21:00:00,4877.945,4886.95,4875.005,4879.325,1.4871,0.912
2026-02-17 23:00:00,4878.8,4884.768,4854.26,4859.29,1.9474,1.363
2026-02-18 00:00:00,4859.33,4883.36,4858.342,4874.93,2.1393,0.985
2026-02-18 01:00:00,4874.875,4892.792,4874.62,4890.05,2.4454,0.859
2026-02-18 02:00:00,4889.99,4907.404,4886.555,4905.385,1.4615,0.899
2026-02-18 03:00:00,4905.415,4922.348,4904.265,4920.85,1.7776,0.837
2026-02-18 04:00:00,4920.87,4940.29,4918.43,4934.105,1.662,0.863
2026-02-18 05:00:00,4934.165,4939.95,4929.975,4933.59,1.1562,0.84
2026-02-18 06:00:00,4933.625,4936.155,4925.34,4930.945,1.2315,0.846
2026-02-18 07:00:00,4930.87,4942.445,4929.24,4930.36,1.1842,0.707
2026-02-18 08:00:00,4930.31,4932.492,4916.695,4917.17,1.5795,0.691
2026-02-18 09:00:00,4917.819,4923.224,4913.095,4917.445,1.4986,0.692
2026-02-18 10:00:00,4917.475,4924.675,4909.58,4914.515,2.0365,0.684
2026-02-18 11:00:00,4914.495,4917.77,4906.395,4913.1,1.1818,0.678
2026-02-18 12:00:00,4913.14,4947.31,4912.13,4943.115,2.068,0.724
2026-02-18 13:00:00,4943.29,4968.935,4943.145,4954.66,3.1215,0.724
2026-02-18 14:00:00,4954.67,4994.34,4952.325,4991.968,4.4342,0.756
2026-02-18 15:00:00,4991.915,5009.062,4991.595,4997.975,4.5337,0.732
2026-02-18 16:00:00,4998.115,5011.17,4991.485,5000.565,3.6238,0.703
2026-02-18 17:00:00,5000.54,5001.75,4993.475,4999.24,3.4531,0.675
2026-02-18 18:00:00,4999.22,5003.182,4980.665,4987.375,3.7098,0.726
2026-02-18 19:00:00,4987.345,4995.575,4973.02,4980.68,4.2472,0.755
2026-02-18 20:00:00,4980.7,4987.67,4975.575,4984.935,4.8061,0.693
2026-02-18 21:00:00,4984.845,4986.475,4975.58,4976.4,0.6661,0.697
2026-02-18 23:00:00,4975.32,4988.915,4967.1,4976.06,1.829,1.247
2026-02-19 00:00:00,4976.04,4976.4,4960.432,4961.42,1.6123,0.858
2026-02-19 01:00:00,4961.405,4975.66,4960.676,4973.195,1.5443,0.854
2026-02-19 02:00:00,4973.165,4977.468,4965.88,4968.355,1.2164,0.867
2026-02-19 03:00:00,4968.315,4983.34,4966.504,4981.652,0.9904,0.853
2026-02-19 04:00:00,4981.535,4985.655,4977.095,4984.46,0.886,0.871
2026-02-19 05:00:00,4984.36,4998.875,4984.36,4997.135,1.0567,0.881
2026-02-19 06:00:00,4997.108,5020.125,4996.755,5018.38,1.3258,0.842
2026-02-19 07:00:00,5018.375,5021.9,5008.935,5010.36,1.2518,0.692
2026-02-19 08:00:00,5010.34,5022.355,5006.385,5017.23,1.724,0.699
2026-02-19 09:00:00,5017.275,5020.595,4993.124,4995.82,1.9727,0.719
2026-02-19 10:00:00,4995.78,4996.33,4981.502,4993.435,2.2111,0.712
2026-02-19 11:00:00,4993.395,4996.595,4978.105,4984.53,2.4991,0.824
2026-02-19 12:00:00,4984.535,4992.968,4980.55,4985.01,2.105,0.831
2026-02-19 13:00:00,4985.055,4998.67,4972.875,4997.235,3.5055,0.856
2026-02-19 14:00:00,4997.215,5010.595,4963.375,5005.696,5.6609,0.833
2026-02-19 15:00:00,5005.74,5022.356,4996.295,5013.865,7.0661,0.833
2026-02-19 16:00:00,5013.816,5014.445,4990.39,4995.165,4.3021,0.833
2026-02-19 17:00:00,4995.3,5001.888,4982.98,4985.025,2.9726,0.835
2026-02-19 18:00:00,4985.055,4989.525,4975.44,4981.91,3.4264,0.73
2026-02-19 19:00:00,4981.9,4990.375,4978.38,4988.02,2.7624,0.711
2026-02-19 20:00:00,4988.06,5003.51,4988.06,5001.845,3.2368,0.686
2026-02-19 21:00:00,5001.815,5004.23,4992.06,4995.435,0.8515,0.741
2026-02-19 23:00:00,4996.65,5008.22,4985.57,4987.865,1.4773,1.168
2026-02-20 00:00:00,4987.912,5006.985,4985.48,5006.495,1.1614,0.875
2026-02-20 01:00:00,5006.475,5014.94,4995.395,4997.03,1.9375,0.857
2026-02-20 02:00:00,4997.06,5007.558,4992.835,4996.25,1.3943,0.871
2026-02-20 03:00:00,4996.234,4999.3,4981.725,4988.11,1.2359,0.842
2026-02-20 04:00:00,4988.47,5003.485,4986.79,4999.855,0.7636,0.842
2026-02-20 05:00:00,5000.015,5011.97,4998.072,5011.945,1.3027,0.848
2026-02-20 06:00:00,5011.966,5030.085,5011.966,5020.73,1.8667,0.848
2026-02-20 07:00:00,5020.74,5028.32,5006.165,5006.425,1.7635,0.713
2026-02-20 08:00:00,5006.45,5031.144,5005.025,5029.034,2.2856,0.815
2026-02-20 09:00:00,5029.488,5042.745,5027.6,5027.765,2.5955,0.807
2026-02-20 10:00:00,5027.905,5038.51,5019.631,5034.835,2.1004,0.835
2026-02-20 11:00:00,5034.79,5034.925,5015.5,5017.375,1.7642,0.834
2026-02-20 12:00:00,5017.698,5026.818,5007.195,5025.348,2.1918,0.833
2026-02-20 13:00:00,5025.375,5048.924,5018.215,5043.705,3.4313,0.82
2026-02-20 14:00:00,5043.685,5060.619,5037.305,5054.61,5.3187,0.833
2026-02-20 15:00:00,5054.52,5064.275,4989.584,5042.862,12.1944,1.082
2026-02-20 16:00:00,5042.786,5069.245,5038.785,5066.855,5.8571,0.834
2026-02-20 17:00:00,5066.326,5076.416,5054.575,5073.115,4.7194,0.837
2026-02-20 18:00:00,5073.04,5075.175,5054.27,5071.395,5.6126,0.83
2026-02-20 19:00:00,5071.52,5080.035,5068.896,5079.461,2.8423,0.718
2026-02-20 20:00:00,5079.535,5098.305,5076.915,5096.99,4.6372,0.693
2026-02-20 21:00:00,5097.039,5108.462,5091.815,5107.59,2.3449,0.842
2026-02-22 23:00:00,5107.2,5172.0,5099.23,5165.48,4.544,1.109
2026-02-23 00:00:00,5164.71,5166.735,5129.54,5144.69,3.9915,0.962
2026-02-23 01:00:00,5144.71,5167.895,5140.215,5157.395,4.0177,0.845
2026-02-23 02:00:00,5157.31,5176.795,5156.685,5173.808,3.4903,0.841
2026-02-23 03:00:00,5173.855,5176.094,5152.11,5166.825,3.3822,0.826
2026-02-23 04:00:00,5166.755,5168.975,5155.545,5160.835,2.2813,0.827
2026-02-23 05:00:00,5160.8,5161.856,5152.286,5158.375,2.1488,0.826
2026-02-23 06:00:00,5158.355,5161.634,5145.14,5145.805,1.8027,0.835
2026-02-23 07:00:00,5145.934,5154.545,5125.34,5136.89,3.1182,0.759
2026-02-23 08:00:00,5136.605,5142.318,5122.162,5140.33,2.5168,0.699
2026-02-23 09:00:00,5140.275,5150.19,5139.635,5149.72,1.8473,0.69
2026-02-23 10:00:00,5149.74,5163.635,5145.112,5163.05,2.2843,0.703
2026-02-23 11:00:00,5163.07,5163.555,5146.685,5149.83,1.691,0.708
2026-02-23 12:00:00,5149.625,5165.59,5145.58,5164.23,2.0829,0.704
2026-02-23 13:00:00,5164.19,5165.466,5143.76,5146.43,2.8783,0.723
2026-02-23 14:00:00,5146.37,5200.576,5141.625,5192.748,5.5849,0.722
2026-02-23 15:00:00,5192.604,5205.26,5180.8,5196.266,6.7532,0.748
2026-02-23 16:00:00,5195.972,5219.185,5175.925,5210.07,6.9422,0.729
2026-02-23 17:00:00,5210.125,5213.614,5191.04,5208.02,4.4047,0.716
2026-02-23 18:00:00,5208.076,5215.99,5201.186,5209.65,3.1778,0.702
2026-02-23 19:00:00,5209.68,5218.38,5206.685,5215.652,3.0338,0.711
2026-02-23 20:00:00,5215.68,5237.998,5214.93,5236.564,5.2005,0.667
2026-02-23 21:00:00,5236.494,5237.478,5226.615,5227.63,1.3502,0.754
2026-02-23 23:00:00,5228.0,5249.965,5222.72,5235.765,2.4135,1.239
2026-02-24 00:00:00,5235.815,5238.26,5217.775,5224.064,2.586,0.893
2026-02-24 01:00:00,5224.035,5224.245,5145.27,5177.335,9.0205,1.169
2026-02-24 02:00:00,5177.61,5190.964,5165.572,5190.12,3.1998,0.878
2026-02-24 03:00:00,5190.09,5191.788,5171.14,5172.185,2.0542,0.838
2026-02-24 04:00:00,5172.174,5175.405,5161.166,5168.355,1.6466,0.862
2026-02-24 05:00:00,5168.285,5185.975,5164.145,5182.635,2.3793,0.873
2026-02-24 06:00:00,5182.655,5184.97,5156.74,5173.6,2.3542,0.868
2026-02-24 07:00:00,5173.685,5183.935,5164.185,5179.46,2.4172,0.727
2026-02-24 08:00:00,5179.425,5182.085,5165.075,5173.629,3.3388,0.884
2026-02-24 09:00:00,5173.342,5180.472,5166.7,5171.446,2.7311,0.964
2026-02-24 10:00:00,5171.412,5181.62,5163.255,5172.94,1.7088,0.741
2026-02-24 11:00:00,5172.96,5178.608,5171.01,5172.89,1.0956,0.688
2026-02-24 12:00:00,5172.87,5173.615,5145.225,5150.765,2.8553,0.753
2026-02-24 13:00:00,5150.675,5161.513,5111.1,5115.148,5.289,0.846
2026-02-24 14:00:00,5115.154,5139.475,5093.74,5128.305,7.9059,0.904
2026-02-24 15:00:00,5128.41,5155.41,5118.16,5150.406,5.8244,0.732
2026-02-24 16:00:00,5150.416,5152.415,5130.862,5142.07,4.9636,0.709
2026-02-24 17:00:00,5142.11,5163.898,5141.758,5163.8,4.2292,0.73
2026-02-24 18:00:00,5163.696,5170.394,5153.65,5160.14,3.7277,0.693
2026-02-24 19:00:00,5159.77,5160.619,5146.515,5154.055,2.8877,0.703
2026-02-24 20:00:00,5154.085,5173.39,5146.775,5163.974,4.1245,0.675
2026-02-24 21:00:00,5164.11,5165.9,5140.05,5142.295,1.6068,0.727
2026-02-24 23:00:00,5142.93,5152.46,5127.975,5146.785,1.4903,1.244
2026-02-25 00:00:00,5146.82,5156.27,5136.96,5152.295,1.8326,0.866
2026-02-25 01:00:00,5152.325,5189.986,5144.246,5176.93,3.9769,0.896
2026-02-25 02:00:00,5176.89,5193.872,5166.63,5180.76,2.8316,0.847
2026-02-25 03:00:00,5180.795,5190.25,5178.375,5182.166,2.1764,0.855
2026-02-25 04:00:00,5182.142,5185.235,5172.375,5182.79,1.1734,0.858
2026-02-25 05:00:00,5183.02,5210.745,5182.762,5201.745,2.622,0.859
2026-02-25 06:00:00,5201.756,5201.756,5182.605,5194.835,2.4955,0.829
2026-02-25 07:00:00,5194.795,5195.21,5180.455,5184.8,1.3528,0.717
2026-02-25 08:00:00,5184.76,5197.375,5184.235,5185.4,1.7179,0.688
2026-02-25 09:00:00,5185.5,5194.715,5176.69,5193.44,2.1779,0.699
2026-02-25 10:00:00,5193.46,5195.37,5170.098,5175.14,1.9369,0.719
2026-02-25 11:00:00,5175.07,5182.67,5155.26,5181.675,2.0959,0.72
2026-02-25 12:00:00,5181.65,5187.54,5177.385,5182.87,2.0111,0.712
2026-02-25 13:00:00,5182.85,5191.615,5181.2,5185.29,3.0484,0.721
2026-02-25 14:00:00,5185.25,5193.43,5158.865,5191.31,5.647,0.718
2026-02-25 15:00:00,5191.3,5202.725,5172.381,5194.98,5.6354,0.728
2026-02-25 16:00:00,5194.96,5213.97,5189.79,5212.35,3.6566,0.691
2026-02-25 17:00:00,5212.33,5217.814,5203.8,5206.95,3.3473,0.683
2026-02-25 18:00:00,5206.98,5207.73,5200.78,5202.165,1.2789,0.806
2026-02-25 19:00:00,5202.21,5208.402,5191.675,5205.105,3.2219,0.872
2026-02-25 20:00:00,5205.15,5206.435,5145.402,5152.21,4.9036,0.768
2026-02-25 21:00:00,5152.345,5173.595,5150.53,5165.775,2.6563,0.817
2026-02-25 23:00:00,5161.2,5182.2,5158.628,5163.375,2.1226,1.162
2026-02-26 00:00:00,5163.395,5192.31,5155.47,5188.415,2.535,0.887
2026-02-26 01:00:00,5188.39,5198.708,5178.615,5191.665,4.3329,0.872
2026-02-26 02:00:00,5191.625,5195.955,5174.112,5184.5,2.9592,0.843
2026-02-26 03:00:00,5184.48,5193.97,5183.11,5192.848,2.5877,0.848
2026-02-26 04:00:00,5192.834,5199.44,5190.505,5192.7,1.8087,0.848
2026-02-26 05:00:00,5192.676,5205.64,5190.144,5198.455,3.2705,0.831
2026-02-26 06:00:00,5198.445,5199.755,5190.484,5193.35,2.6064,0.839
2026-02-26 07:00:00,5193.35,5194.95,5179.692,5186.09,1.7753,0.69
2026-02-26 08:00:00,5186.42,5190.995,5167.595,5179.5,3.2165,0.723
2026-02-26 09:00:00,5179.062,5189.695,5173.935,5186.56,1.8723,0.719
2026-02-26 10:00:00,5186.5,5190.25,5165.766,5171.61,2.2315,0.694
2026-02-26 11:00:00,5171.54,5178.52,5161.25,5164.75,1.5214,0.684
2026-02-26 12:00:00,5164.81,5187.92,5157.86,5183.815,2.4767,0.699
2026-02-26 13:00:00,5183.84,5185.74,5164.275,5166.125,3.8848,0.73
2026-02-26 14:00:00,5166.095,5176.155,5140.074,5164.85,6.3914,0.808
2026-02-26 15:00:00,5164.775,5192.925,5130.398,5185.742,8.7771,0.84
2026-02-26 16:00:00,5185.762,5187.315,5173.098,5179.74,4.7896,0.718
2026-02-26 17:00:00,5179.82,5190.425,5162.0,5167.355,4.0239,0.71
2026-02-26 18:00:00,5167.578,5186.084,5160.57,5180.48,3.8016,0.719
2026-02-26 19:00:00,5180.58,5194.185,5179.619,5187.11,2.3958,0.691
2026-02-26 20:00:00,5186.852,5201.174,5186.825,5196.54,5.2621,0.702
2026-02-26 21:00:00,5196.55,5200.82,5182.175,5184.12,1.0752,0.745
2026-02-26 23:00:00,5184.4,5191.352,5175.525,5184.775,1.1354,1.132
2026-02-27 00:00:00,5184.8,5194.985,5170.3,5175.01,2.2309,0.846
2026-02-27 01:00:00,5175.04,5194.603,5166.965,5194.265,3.4221,0.852
2026-02-27 02:00:00,5194.215,5199.814,5173.62,5183.775,4.8174,0.842
2026-02-27 03:00:00,5183.695,5190.875,5181.375,5184.1,2.5258,0.841
2026-02-27 04:00:00,5184.075,5188.984,5181.049,5181.818,1.8063,0.815
2026-02-27 05:00:00,5181.804,5200.515,5181.495,5197.89,2.8648,0.85
2026-02-27 06:00:00,5197.71,5199.466,5185.07,5185.825,3.3758,0.835
2026-02-27 07:00:00,5185.76,5189.83,5175.73,5176.05,2.34,0.721
2026-02-27 08:00:00,5176.414,5182.545,5174.425,5178.92,2.391,0.742
2026-02-27 09:00:00,5178.9,5182.76,5172.256,5176.065,1.8383,0.796
2026-02-27 10:00:00,5176.085,5181.045,5168.824,5177.824,1.9882,0.829
2026-02-27 11:00:00,5177.855,5185.918,5172.7,5185.869,2.3861,0.878
2026-02-27 12:00:00,5185.854,5190.848,5183.026,5187.555,3.767,0.805
2026-02-27 13:00:00,5187.625,5240.648,5186.83,5223.21,6.9433,0.862
2026-02-27 14:00:00,5222.978,5236.565,5213.95,5223.815,6.6649,0.83
2026-02-27 15:00:00,5223.715,5246.596,5214.796,5239.63,7.3816,0.812
2026-02-27 16:00:00,5239.784,5257.825,5222.055,5229.275,8.8069,0.819
2026-02-27 17:00:00,5229.205,5237.125,5220.848,5234.745,5.8317,0.816
2026-02-27 18:00:00,5234.732,5246.975,5222.698,5245.485,5.9851,0.806
2026-02-27 19:00:00,5245.465,5252.495,5240.192,5250.062,4.6759,0.805
2026-02-27 20:00:00,5250.084,5265.592,5248.715,5263.415,6.2209,0.782
2026-02-27 21:00:00,5263.423,5281.92,5257.246,5278.72,2.6891,0.943
2026-03-01 23:00:00,5375.95,5393.756,5301.145,5387.095,7.3639,1.926
2026-03-02 00:00:00,5387.225,5388.21,5341.13,5347.575,5.4833,1.175
2026-03-02 01:00:00,5347.545,5347.673,5303.39,5325.145,9.5207,1.23
2026-03-02 02:00:00,5325.125,5351.89,5317.245,5346.625,5.426,0.9
2026-03-02 03:00:00,5346.701,5367.094,5344.286,5366.555,3.2777,0.852
2026-03-02 04:00:00,5366.54,5367.465,5345.02,5356.135,2.3345,0.851
2026-03-02 05:00:00,5356.195,5366.435,5341.04,5366.26,2.5156,0.854
2026-03-02 06:00:00,5366.285,5389.94,5363.805,5387.715,3.4623,0.855
2026-03-02 07:00:00,5387.635,5419.25,5385.022,5408.443,4.0892,0.738
2026-03-02 08:00:00,5408.428,5416.82,5391.414,5394.24,3.9201,0.725
2026-03-02 09:00:00,5394.205,5403.23,5386.0,5392.115,3.0357,0.734
2026-03-02 10:00:00,5392.135,5401.075,5379.025,5389.325,2.703,0.72
2026-03-02 11:00:00,5389.415,5400.205,5375.245,5385.484,2.4657,0.721
2026-03-02 12:00:00,5385.415,5398.846,5379.07,5397.19,2.9077,0.745
2026-03-02 13:00:00,5397.22,5417.034,5381.796,5394.025,6.3314,0.777
2026-03-02 14:00:00,5394.045,5395.265,5306.111,5333.604,9.6576,1.137
2026-03-02 15:00:00,5331.732,5348.952,5308.32,5315.95,9.0659,0.961
2026-03-02 16:00:00,5315.41,5315.41,5260.805,5290.195,8.6015,1.054
2026-03-02 17:00:00,5290.22,5320.745,5287.115,5307.025,5.4487,0.861
2026-03-02 18:00:00,5307.125,5316.79,5289.7,5315.73,4.4758,0.798
2026-03-02 19:00:00,5315.68,5334.185,5313.945,5330.54,3.0799,0.739
2026-03-02 20:00:00,5330.58,5346.45,5328.44,5332.38,4.841,0.772
2026-03-02 21:00:00,5332.49,5340.455,5321.475,5322.29,2.4825,0.7
2026-03-02 23:00:00,5323.3,5347.68,5322.6,5346.12,2.0752,1.138
2026-03-03 00:00:00,5346.18,5362.195,5337.0,5350.32,1.8946,0.874
2026-03-03 01:00:00,5350.34,5380.193,5338.175,5339.24,4.9643,0.903
2026-03-03 02:00:00,5339.655,5368.145,5333.005,5367.07,4.6967,0.921
2026-03-03 03:00:00,5367.09,5373.6,5359.046,5367.55,2.5874,0.851
2026-03-03 04:00:00,5367.49,5375.675,5359.53,5361.29,1.7169,0.844
2026-03-03 05:00:00,5361.265,5367.125,5305.085,5319.365,4.5206,0.913
2026-03-03 06:00:00,5319.305,5323.15,5279.152,5310.775,5.4011,0.997
2026-03-03 07:00:00,5310.281,5331.23,5306.095,5327.81,2.7551,0.749
2026-03-03 08:00:00,5327.77,5336.11,5290.24,5295.86,4.1873,0.753
2026-03-03 09:00:00,5295.615,5303.863,5226.612,5275.23,7.0314,0.995
2026-03-03 10:00:00,5275.21,5287.99,5238.03,5248.275,4.8108,0.867
2026-03-03 11:00:00,5248.235,5264.17,5073.274,5144.826,10.9282,1.858
2026-03-03 12:00:00,5144.91,5226.985,5138.555,5224.56,8.1087,1.024
2026-03-03 13:00:00,5224.535,5224.595,5127.698,5156.964,11.0321,1.237
2026-03-03 14:00:00,5156.918,5175.652,5016.388,5038.738,11.7159,1.233
2026-03-03 15:00:00,5038.874,5097.076,4996.158,5095.6,13.6354,1.285
2026-03-03 16:00:00,5095.52,5134.855,5090.615,5106.895,8.9298,1.0
2026-03-03 17:00:00,5107.256,5110.03,5065.488,5079.408,7.8882,0.951
2026-03-03 18:00:00,5079.464,5138.426,5079.35,5136.15,6.3429,0.836
2026-03-03 19:00:00,5136.175,5149.075,5099.502,5113.445,6.5564,0.835
2026-03-03 20:00:00,5113.784,5130.515,5086.09,5097.435,8.0039,0.802
2026-03-03 21:00:00,5097.48,5110.555,5083.415,5087.845,2.5387,0.881
2026-03-03 23:00:00,5101.9,5129.965,5088.26,5125.455,2.5597,1.402
2026-03-04 00:00:00,5125.435,5140.525,5105.912,5138.85,3.1493,0.929
2026-03-04 01:00:00,5138.87,5178.575,5138.8,5175.26,6.4416,0.995
2026-03-04 02:00:00,5175.22,5191.138,5153.99,5156.539,5.0347,0.911
2026-03-04 03:00:00,5156.54,5177.66,5141.48,5174.432,4.5611,0.924
2026-03-04 04:00:00,5174.215,5180.95,5152.285,5156.945,3.2111,0.899
2026-03-04 05:00:00,5156.915,5168.4,5152.245,5159.946,4.9335,0.874
2026-03-04 06:00:00,5159.925,5160.88,5120.395,5160.5,5.1393,0.982
2026-03-04 07:00:00,5160.515,5176.032,5158.56,5168.375,3.0137,0.746
2026-03-04 08:00:00,5168.406,5182.17,5147.536,5167.65,3.7662,0.74
2026-03-04 09:00:00,5167.59,5185.125,5159.2,5182.325,3.0781,0.72
2026-03-04 10:00:00,5182.38,5202.526,5179.66,5189.965,3.4724,0.73
2026-03-04 11:00:00,5190.025,5200.82,5187.796,5192.315,1.8598,0.671
2026-03-04 12:00:00,5192.395,5206.325,5156.425,5171.275,3.7275,0.702
2026-03-04 13:00:00,5171.53,5196.4,5167.465,5167.94,4.7973,0.704
2026-03-04 14:00:00,5168.108,5185.245,5138.935,5147.474,8.8761,0.839
2026-03-04 15:00:00,5144.876,5167.047,5131.408,5151.425,10.6938,0.836
2026-03-04 16:00:00,5151.415,5162.557,5138.322,5149.858,7.4718,0.778
2026-03-04 17:00:00,5149.888,5153.17,5120.418,5141.205,7.2197,0.772
2026-03-04 18:00:00,5141.12,5143.774,5109.066,5134.026,5.645,0.803
2026-03-04 19:00:00,5134.016,5139.794,5123.402,5138.145,3.5763,0.789
2026-03-04 20:00:00,5137.91,5147.044,5123.915,5134.925,5.8083,0.805
2026-03-04 21:00:00,5134.905,5144.225,5129.555,5140.755,1.5621,0.817
2026-03-04 23:00:00,5151.725,5166.34,5144.875,5165.4,1.0953,1.152
2026-03-05 00:00:00,5165.37,5180.106,5159.48,5172.69,1.499,0.76
2026-03-05 01:00:00,5172.958,5186.4,5167.565,5172.69,4.1983,0.772
2026-03-05 02:00:00,5172.287,5192.585,5171.675,5192.115,3.3567,0.772
2026-03-05 03:00:00,5192.08,5194.995,5178.35,5180.29,2.2313,0.738
2026-03-05 04:00:00,5180.31,5186.795,5166.37,5171.745,1.6149,0.751
2026-03-05 05:00:00,5171.82,5176.93,5148.365,5148.72,2.5366,0.754
2026-03-05 06:00:00,5149.08,5168.84,5120.5,5167.72,4.0411,0.802
2026-03-05 07:00:00,5167.755,5172.81,5158.815,5162.27,3.7472,0.72
2026-03-05 08:00:00,5162.23,5170.398,5137.631,5165.575,3.4955,0.83
2026-03-05 09:00:00,5165.595,5180.575,5153.135,5161.185,3.9478,0.827
2026-03-05 10:00:00,5161.165,5167.914,5146.275,5164.745,3.1891,0.815
2026-03-05 11:00:00,5164.795,5168.248,5157.055,5164.018,1.7939,0.828
2026-03-05 12:00:00,5163.998,5171.66,5160.97,5162.805,1.9582,0.836
2026-03-05 13:00:00,5162.932,5164.274,5081.758,5118.164,5.8561,0.859
2026-03-05 14:00:00,5118.184,5129.995,5090.558,5102.125,6.8929,0.834
2026-03-05 15:00:00,5102.095,5120.015,5060.754,5102.645,8.084,0.832
2026-03-05 16:00:00,5102.675,5104.834,5054.455,5077.825,6.7974,0.833
2026-03-05 17:00:00,5077.855,5089.668,5055.08,5062.995,6.3979,0.822
2026-03-05 18:00:00,5063.015,5085.66,5051.006,5069.594,6.5169,0.83
2026-03-05 19:00:00,5069.495,5081.415,5055.63,5066.224,5.2426,0.832
2026-03-05 20:00:00,5066.178,5094.9,5061.893,5076.778,7.3427,0.811
2026-03-05 21:00:00,5076.824,5085.185,5072.324,5083.64,1.3133,0.828
2026-03-05 23:00:00,5084.115,5102.125,5081.898,5086.305,1.4039,1.384
2026-03-06 00:00:00,5086.255,5092.475,5074.295,5084.745,1.8939,0.815
2026-03-06 01:00:00,5084.014,5144.04,5066.595,5134.725,4.7746,0.779
2026-03-06 02:00:00,5134.61,5138.515,5122.27,5126.36,2.5874,0.741
2026-03-06 03:00:00,5126.32,5141.456,5124.48,5131.125,2.2491,0.797
2026-03-06 04:00:00,5131.165,5136.515,5126.236,5127.67,1.6147,0.781
2026-03-06 05:00:00,5127.56,5130.344,5114.334,5117.46,2.8452,0.754
2026-03-06 06:00:00,5117.575,5123.07,5109.172,5115.77,1.9091,0.755
2026-03-06 07:00:00,5115.805,5121.025,5105.83,5119.85,1.946,0.708
2026-03-06 08:00:00,5119.875,5123.185,5096.405,5108.914,2.6508,0.818
2026-03-06 09:00:00,5108.675,5109.362,5083.442,5085.76,3.122,0.836
2026-03-06 10:00:00,5085.775,5093.438,5075.875,5091.145,3.215,0.862
2026-03-06 11:00:00,5091.165,5099.835,5062.72,5077.158,2.9893,0.875
2026-03-06 12:00:00,5077.184,5096.8,5076.388,5083.265,5.8141,1.004
2026-03-06 13:00:00,5083.24,5131.15,5065.53,5085.195,8.2062,0.988
2026-03-06 14:00:00,5085.205,5132.125,5081.035,5130.25,7.7468,0.836
2026-03-06 15:00:00,5130.232,5171.647,5127.902,5142.039,8.2746,0.81
2026-03-06 16:00:00,5141.994,5153.325,5126.16,5139.895,5.975,0.835
2026-03-06 17:00:00,5140.225,5152.655,5129.088,5140.775,4.6631,0.831
2026-03-06 18:00:00,5140.795,5167.835,5138.666,5160.985,4.3563,0.831
2026-03-06 19:00:00,5160.966,5174.768,5156.794,5159.895,3.5412,0.83
2026-03-06 20:00:00,5159.955,5162.818,5149.57,5153.615,3.8612,0.818
2026-03-06 21:00:00,5153.415,5177.131,5150.98,5172.75,1.2604,0.979
2026-03-08 22:00:00,5181.595,5198.752,5103.91,5130.44,6.1665,2.441
2026-03-08 23:00:00,5130.45,5136.402,5044.112,5076.12,6.5859,1.254
2026-03-09 00:00:00,5075.85,5079.986,5028.68,5050.115,5.6502,0.937
2026-03-09 01:00:00,5049.83,5087.76,5015.07,5070.26,6.1824,0.927
2026-03-09 02:00:00,5070.29,5099.29,5055.505,5094.73,4.7121,0.766
2026-03-09 03:00:00,5094.75,5102.414,5081.76,5091.49,2.7193,0.762
2026-03-09 04:00:00,5091.525,5097.345,5085.495,5090.395,1.6355,0.737
2026-03-09 05:00:00,5090.515,5140.795,5081.14,5124.405,4.743,0.766
2026-03-09 06:00:00,5124.375,5134.135,5097.185,5097.77,4.1719,0.767
2026-03-09 07:00:00,5097.795,5108.025,5088.45,5099.04,3.0754,0.67
2026-03-09 08:00:00,5099.02,5111.045,5087.181,5096.71,3.4941,0.676
2026-03-09 09:00:00,5096.315,5132.655,5095.065,5105.385,4.2879,0.796
2026-03-09 10:00:00,5105.36,5111.27,5083.794,5087.395,3.3619,0.83
2026-03-09 11:00:00,5087.375,5097.485,5079.65,5088.21,3.0886,0.83
2026-03-09 12:00:00,5088.299,5112.285,5087.946,5095.006,3.5587,0.823
2026-03-09 13:00:00,5095.035,5111.392,5067.514,5074.28,7.3325,0.82
2026-03-09 14:00:00,5074.305,5116.21,5060.572,5094.09,8.1691,0.816
2026-03-09 15:00:00,5094.085,5103.555,5079.595,5099.662,5.8951,0.827
2026-03-09 16:00:00,5099.435,5110.836,5094.89,5104.732,4.7677,0.796
2026-03-09 17:00:00,5104.736,5106.955,5089.105,5095.995,5.588,0.706
2026-03-09 18:00:00,5096.25,5126.486,5092.524,5123.335,4.5673,0.722
2026-03-09 19:00:00,5123.365,5144.245,5118.436,5141.184,5.6234,0.828
2026-03-09 20:00:00,5141.174,5148.304,5134.375,5139.47,1.8379,0.83
2026-03-09 22:00:00,5140.959,5153.455,5117.54,5153.16,2.7453,1.002
2026-03-09 23:00:00,5153.21,5156.22,5135.515,5139.85,2.5916,0.9
2026-03-10 00:00:00,5139.685,5141.405,5124.91,5131.18,2.4679,0.765
2026-03-10 01:00:00,5131.2,5186.455,5124.784,5184.34,4.8124,0.76
2026-03-10 02:00:00,5184.28,5186.887,5163.9,5166.04,3.7802,0.756
2026-03-10 03:00:00,5165.92,5173.558,5155.656,5157.75,2.9452,0.704
2026-03-10 04:00:00,5157.592,5166.744,5154.5,5164.11,1.6458,0.747
2026-03-10 05:00:00,5164.13,5179.49,5163.9,5178.11,2.4795,0.742
2026-03-10 06:00:00,5178.13,5181.14,5171.87,5175.4,2.2816,0.74
2026-03-10 07:00:00,5175.415,5181.534,5158.596,5181.185,3.5358,0.656
2026-03-10 08:00:00,5181.15,5195.285,5175.022,5183.385,3.0534,0.657
2026-03-10 09:00:00,5183.41,5189.56,5180.595,5182.67,2.0629,0.668
2026-03-10 10:00:00,5182.605,5184.165,5156.495,5177.36,2.9273,0.645
2026-03-10 11:00:00,5177.38,5192.04,5171.752,5175.29,2.9634,0.628
2026-03-10 12:00:00,5175.32,5189.585,5162.54,5187.15,3.1082,0.64
2026-03-10 13:00:00,5187.11,5228.76,5186.068,5205.5,6.0326,0.639
2026-03-10 14:00:00,5205.41,5214.548,5185.43,5206.86,5.8804,0.755
2026-03-10 15:00:00,5206.84,5238.76,5203.33,5228.79,4.4561,0.779
2026-03-10 16:00:00,5228.76,5235.8,5222.808,5227.78,3.9598,0.769
2026-03-10 17:00:00,5227.75,5235.52,5223.61,5227.7,4.2312,0.77
2026-03-10 18:00:00,5227.76,5228.13,5160.744,5191.82,6.034,0.783
2026-03-10 19:00:00,5191.87,5207.76,5179.88,5198.952,4.9329,0.778
2026-03-10 20:00:00,5198.97,5199.27,5190.88,5191.26,1.4178,0.756
2026-03-10 22:00:00,5191.265,5197.974,5183.348,5189.365,1.1842,1.185
2026-03-10 23:00:00,5189.425,5197.49,5187.73,5197.478,1.182,0.846
2026-03-11 00:00:00,5197.53,5219.53,5186.85,5215.36,1.9265,0.709
2026-03-11 01:00:00,5215.34,5223.375,5208.545,5208.55,2.712,0.716
2026-03-11 02:00:00,5208.6,5220.6,5194.32,5217.5,2.2402,0.713
2026-03-11 03:00:00,5217.39,5220.47,5199.42,5203.5,1.5941,0.705
2026-03-11 04:00:00,5203.58,5208.73,5199.472,5204.57,0.8496,0.709
2026-03-11 05:00:00,5204.55,5208.45,5190.635,5199.86,1.7863,0.709
2026-03-11 06:00:00,5199.794,5210.85,5191.68,5197.62,2.29,0.709
2026-03-11 07:00:00,5197.68,5202.29,5184.74,5195.78,2.3041,0.633
2026-03-11 08:00:00,5195.76,5198.78,5175.47,5187.78,2.2852,0.633
2026-03-11 09:00:00,5187.73,5197.37,5179.68,5187.815,1.9383,0.639
2026-03-11 10:00:00,5187.835,5195.5,5177.205,5186.02,2.1733,0.692
2026-03-11 11:00:00,5186.04,5193.814,5175.82,5181.38,2.5977,0.774
2026-03-11 12:00:00,5181.4,5197.722,5166.879,5167.62,4.7308,0.807
2026-03-11 13:00:00,5167.66,5183.16,5149.46,5177.088,7.1587,0.76
2026-03-11 14:00:00,5177.06,5196.149,5174.55,5183.369,7.5293,0.772
2026-03-11 15:00:00,5183.34,5185.89,5164.05,5166.5,6.7868,0.769
2026-03-11 16:00:00,5166.47,5178.01,5163.728,5175.825,6.5133,0.719
2026-03-11 17:00:00,5175.835,5181.168,5154.724,5170.0,5.871,0.716
2026-03-11 18:00:00,5169.918,5178.598,5169.36,5172.6,4.4148,0.73
2026-03-11 19:00:00,5172.66,5183.675,5169.38,5183.295,4.2356,0.756
2026-03-11 20:00:00,5183.3,5183.734,5175.22,5176.51,1.2062,0.768
2026-03-11 22:00:00,5179.487,5183.76,5129.83,5139.02,2.145,0.791
2026-03-11 23:00:00,5139.115,5157.965,5133.12,5134.523,2.9642,0.835
2026-03-12 00:00:00,5134.534,5161.605,5125.56,5153.06,2.612,0.714
2026-03-12 01:00:00,5153.1,5173.18,5151.535,5168.65,3.4259,0.712
2026-03-12 02:00:00,5168.62,5175.3,5145.89,5150.915,2.8988,0.713
2026-03-12 03:00:00,5150.914,5155.858,5147.335,5153.032,2.0677,0.705
2026-03-12 04:00:00,5153.216,5154.03,5140.57,5142.63,1.1695,0.708
2026-03-12 05:00:00,5142.72,5158.008,5137.22,5154.725,2.0935,0.703
2026-03-12 06:00:00,5154.7,5170.48,5147.38,5166.24,2.525,0.7
2026-03-12 07:00:00,5166.26,5185.388,5164.525,5182.172,1.9112,0.626
2026-03-12 08:00:00,5182.54,5189.73,5175.83,5178.27,2.2771,0.636
2026-03-12 09:00:00,5178.28,5190.37,5174.54,5188.27,1.9101,0.628
2026-03-12 10:00:00,5188.24,5191.692,5176.215,5182.4,1.9153,0.627
2026-03-12 11:00:00,5182.46,5184.01,5172.79,5179.15,1.5352,0.631
2026-03-12 12:00:00,5179.17,5185.94,5163.845,5181.535,3.0958,0.64
2026-03-12 13:00:00,5181.33,5186.28,5146.095,5151.34,6.1969,0.642
2026-03-12 14:00:00,5151.26,5163.83,5138.446,5142.99,5.6326,0.642
2026-03-12 15:00:00,5142.74,5144.985,5109.745,5132.435,6.1491,0.64
2026-03-12 16:00:00,5132.112,5138.125,5121.137,5123.53,5.6852,0.608
2026-03-12 17:00:00,5123.215,5129.755,5102.644,5105.585,5.928,0.625
2026-03-12 18:00:00,5105.485,5112.905,5090.915,5094.619,5.0355,0.611
2026-03-12 19:00:00,5094.52,5096.965,5079.455,5084.89,4.7014,0.6
2026-03-12 20:00:00,5085.02,5090.735,5055.245,5079.71,2.7985,0.652
2026-03-12 22:00:00,5080.56,5096.245,5072.145,5096.05,1.43,0.888
2026-03-12 23:00:00,5096.115,5101.355,5089.193,5098.13,1.6994,0.855
2026-03-13 00:00:00,5098.08,5115.48,5097.559,5113.87,1.6096,0.707
2026-03-13 01:00:00,5113.84,5124.794,5108.935,5124.494,3.4264,0.702
2026-03-13 02:00:00,5124.528,5128.58,5110.58,5112.22,1.9551,0.713
2026-03-13 03:00:00,5112.15,5116.87,5106.37,5115.789,1.879,0.72
2026-03-13 04:00:00,5115.79,5118.06,5102.72,5104.38,1.0913,0.708
2026-03-13 05:00:00,5104.4,5111.348,5098.095,5103.035,2.3105,0.712
2026-03-13 06:00:00,5103.137,5108.01,5085.81,5088.39,3.6744,0.704
2026-03-13 07:00:00,5088.37,5094.34,5071.77,5085.365,2.6986,0.637
2026-03-13 08:00:00,5084.975,5088.08,5061.6,5087.47,3.2091,0.632
2026-03-13 09:00:00,5087.44,5097.26,5083.245,5089.59,2.3622,0.673
2026-03-13 10:00:00,5089.66,5098.42,5080.016,5094.94,2.0834,0.622
2026-03-13 11:00:00,5094.91,5107.965,5086.352,5107.925,2.2622,0.628
2026-03-13 12:00:00,5107.665,5121.96,5104.45,5118.41,3.5639,0.647
2026-03-13 13:00:00,5118.43,5121.465,5096.67,5102.08,4.6949,0.646
2026-03-13 14:00:00,5101.655,5108.134,5035.945,5041.818,6.4379,0.659
2026-03-13 15:00:00,5041.828,5071.54,5031.807,5034.86,6.365,0.635
2026-03-13 16:00:00,5034.27,5053.025,5019.175,5046.065,6.0239,0.62
2026-03-13 17:00:00,5046.035,5063.975,5043.55,5046.46,4.8544,0.617
2026-03-13 18:00:00,5046.505,5051.955,5036.23,5046.61,3.3557,0.612
2026-03-13 19:00:00,5046.66,5049.965,5009.815,5016.346,4.159,0.624
2026-03-13 20:00:00,5016.738,5025.541,5012.46,5019.025,3.0206,0.879
2026-03-15 22:00:00,5003.051,5030.67,4998.325,5025.05,2.9942,1.145
2026-03-15 23:00:00,5024.984,5026.345,4967.775,4997.61,5.3501,0.849
2026-03-16 00:00:00,4997.63,5030.91,4996.78,5025.77,3.8053,0.742
2026-03-16 01:00:00,5025.79,5026.61,4982.535,5016.06,6.1301,0.731
2026-03-16 02:00:00,5016.03,5018.87,4997.81,5003.65,3.5166,0.712
2026-03-16 03:00:00,5003.7,5020.72,4998.16,5019.28,2.1963,0.713
2026-03-16 04:00:00,5019.3,5026.4,5012.46,5012.78,1.3413,0.713
2026-03-16 05:00:00,5012.4,5020.21,5003.27,5017.578,2.2063,0.719
2026-03-16 06:00:00,5017.598,5036.24,5005.4,5012.28,3.5222,0.716
2026-03-16 07:00:00,5012.32,5016.6,4991.881,4995.789,3.0504,0.656
2026-03-16 08:00:00,4995.758,5003.59,4984.985,4991.19,3.9483,0.655
2026-03-16 09:00:00,4991.16,4991.78,4972.52,4975.51,2.8864,0.644
2026-03-16 10:00:00,4975.49,4999.54,4970.414,4998.81,2.8306,0.633
2026-03-16 11:00:00,4998.74,5022.8,4992.841,4997.16,3.0242,0.628
2026-03-16 12:00:00,4997.28,5025.228,4994.49,5019.99,3.5982,0.629
2026-03-16 13:00:00,5020.05,5034.665,5013.85,5029.95,5.4554,0.635
2026-03-16 14:00:00,5029.875,5038.045,4988.03,4996.065,6.1419,0.63
2026-03-16 15:00:00,4996.105,5005.9,4983.94,4987.188,4.6294,0.632
2026-03-16 16:00:00,4987.18,4998.965,4974.105,4990.778,5.1193,0.614
2026-03-16 17:00:00,4990.784,5004.0,4984.07,4991.405,3.9387,0.611
2026-03-16 18:00:00,4991.435,5018.04,4990.095,5012.88,4.5104,0.599
2026-03-16 19:00:00,5012.9,5020.43,5008.215,5012.91,4.0066,0.585
2026-03-16 20:00:00,5012.881,5021.87,5004.83,5005.235,1.274,0.621
2026-03-16 22:00:00,5007.602,5016.24,4998.745,5002.435,1.8815,0.809
2026-03-16 23:00:00,5002.375,5015.644,5001.974,5013.0,1.3184,0.817
2026-03-17 00:00:00,5012.93,5014.21,4998.378,5003.04,2.1171,0.727
2026-03-17 01:00:00,5002.74,5028.224,4994.96,5028.074,3.4249,0.717
2026-03-17 02:00:00,5028.038,5029.69,5019.955,5022.62,2.1753,0.719
2026-03-17 03:00:00,5022.51,5033.8,5020.73,5027.62,1.6556,0.712
2026-03-17 04:00:00,5027.57,5042.134,5026.35,5038.06,2.0819,0.701
2026-03-17 05:00:00,5038.03,5044.72,5020.27,5020.88,2.5619,0.709
2026-03-17 06:00:00,5020.93,5022.95,5005.075,5010.09,3.0553,0.712
2026-03-17 07:00:00,5010.18,5028.1,5009.05,5021.27,1.8519,0.63
2026-03-17 08:00:00,5021.638,5029.69,5018.54,5024.974,2.3636,0.63
2026-03-17 09:00:00,5024.984,5026.18,5010.09,5010.61,2.0332,0.627
2026-03-17 10:00:00,5010.406,5016.63,4992.115,5000.44,2.596,0.638
2026-03-17 11:00:00,5000.36,5011.56,4996.91,5003.33,2.1114,0.632
2026-03-17 12:00:00,5003.31,5024.04,4999.41,5011.73,3.3449,0.647
2026-03-17 13:00:00,5011.71,5031.52,5005.66,5016.79,4.8249,0.637
2026-03-17 14:00:00,5016.904,5020.71,5003.05,5007.81,5.2866,0.621
2026-03-17 15:00:00,5007.58,5017.58,4973.81,4998.054,5.1455,0.635
2026-03-17 16:00:00,4998.072,5006.048,4991.665,5001.985,4.7481,0.607
2026-03-17 17:00:00,5002.0,5008.895,4996.6,5002.53,3.375,0.609
2026-03-17 18:00:00,5002.495,5009.15,4999.93,5003.875,3.0027,0.622
2026-03-17 19:00:00,5003.855,5005.794,4996.375,5000.365,4.0439,0.597
2026-03-17 20:00:00,5000.41,5007.025,4999.91,5006.935,1.1732,0.583
2026-03-17 22:00:00,5006.135,5006.54,4993.37,4999.848,0.8225,0.762
2026-03-17 23:00:00,4999.869,5003.84,4998.94,5003.018,0.7858,0.873
2026-03-18 00:00:00,5003.023,5012.57,5000.182,5004.44,1.6102,0.69
2026-03-18 01:00:00,5004.4,5016.028,4991.39,4998.84,3.7366,0.718
2026-03-18 02:00:00,4998.87,5007.1,4990.305,4991.93,2.3057,0.714
2026-03-18 03:00:00,4991.92,4997.7,4986.18,4991.32,2.2235,0.706
2026-03-18 04:00:00,4991.36,4993.68,4981.78,4987.08,1.334,0.706
2026-03-18 05:00:00,4987.03,5002.62,4984.79,4997.808,2.1796,0.708
2026-03-18 06:00:00,4997.814,5016.42,4996.326,5009.46,2.6869,0.702
2026-03-18 07:00:00,5009.43,5014.94,4990.52,4995.135,2.4018,0.687
2026-03-18 08:00:00,4995.1,4997.61,4977.085,4987.605,28.3544,2.022
2026-03-18 09:00:00,4987.625,4995.86,4984.85,4992.27,13.7839,1.421
2026-03-18 10:00:00,4992.3,4992.345,4958.915,4967.96,3.1994,0.643
2026-03-18 11:00:00,4967.94,4974.06,4924.91,4930.39,4.5989,0.667
2026-03-18 12:00:00,4930.42,4932.68,4870.76,4881.71,7.4951,0.763
2026-03-18 13:00:00,4881.64,4885.7,4834.26,4878.385,9.1702,0.766
2026-03-18 14:00:00,4878.355,4894.75,4856.556,4869.66,9.4834,0.742
2026-03-18 15:00:00,4869.79,4880.17,4861.205,4862.58,6.5436,0.766
2026-03-18 16:00:00,4862.56,4890.524,4860.985,4886.91,4.4407,0.579
2026-03-18 17:00:00,4886.99,4899.075,4884.035,4890.434,3.3803,0.589
2026-03-18 18:00:00,4890.404,4899.385,4852.465,4853.09,5.6543,0.578
2026-03-18 19:00:00,4853.05,4865.415,4838.58,4843.225,6.019,0.638
2026-03-18 20:00:00,4842.865,4848.84,4806.98,4818.565,3.1987,0.599
2026-03-18 22:00:00,4825.075,4839.155,4804.255,4834.6,3.3548,0.876
2026-03-18 23:00:00,4834.713,4842.58,4828.415,4836.955,2.8508,0.81
2026-03-19 00:00:00,4836.945,4848.915,4835.578,4841.42,2.9867,0.829
2026-03-19 01:00:00,4841.435,4867.325,4833.095,4849.915,3.7566,0.672
2026-03-19 02:00:00,4849.875,4862.15,4841.532,4858.835,2.7051,0.683
2026-03-19 03:00:00,4858.765,4865.972,4850.716,4850.925,1.8207,0.672
2026-03-19 04:00:00,4850.84,4853.91,4845.724,4849.825,1.2849,0.656
2026-03-19 05:00:00,4849.925,4853.96,4827.025,4827.67,3.147,0.663
2026-03-19 06:00:00,4827.6,4842.695,4747.865,4763.75,6.3152,0.694
2026-03-19 07:00:00,4763.805,4784.62,4727.185,4727.925,4.8909,0.601
2026-03-19 08:00:00,4727.815,4740.425,4687.08,4709.435,7.4119,0.744
2026-03-19 09:00:00,4709.285,4726.085,4687.995,4699.238,8.5005,0.852
2026-03-19 10:00:00,4699.275,4719.782,4666.764,4679.338,6.802,0.865
2026-03-19 11:00:00,4679.354,4699.606,4651.12,4651.835,6.6553,0.858
2026-03-19 12:00:00,4651.91,4654.205,4531.395,4574.435,9.0398,0.891
2026-03-19 13:00:00,4574.365,4621.45,4502.596,4621.29,11.7934,0.978
2026-03-19 14:00:00,4621.115,4649.25,4581.354,4601.965,10.65,0.78
2026-03-19 15:00:00,4601.63,4638.805,4566.385,4596.515,9.5225,0.716
2026-03-19 16:00:00,4596.395,4626.655,4576.945,4584.995,8.617,0.707
2026-03-19 17:00:00,4584.975,4629.915,4573.96,4616.102,7.5037,0.707
2026-03-19 18:00:00,4616.125,4623.295,4596.195,4623.015,6.1321,0.71
2026-03-19 19:00:00,4623.025,4663.585,4623.025,4644.12,8.0964,0.707
2026-03-19 20:00:00,4643.885,4662.06,4643.064,4650.039,2.2626,0.731
2026-03-19 22:00:00,4652.625,4677.264,4636.23,4636.45,2.5734,0.722
2026-03-19 23:00:00,4636.485,4648.115,4634.235,4643.65,2.5575,0.803
2026-03-20 00:00:00,4643.53,4665.14,4642.28,4648.715,2.3396,0.667
2026-03-20 01:00:00,4648.685,4699.535,4639.555,4677.395,5.4254,0.673
2026-03-20 02:00:00,4677.33,4703.75,4670.56,4698.32,3.368,0.687
2026-03-20 03:00:00,4698.59,4736.295,4693.315,4725.93,3.5035,0.688
2026-03-20 04:00:00,4725.95,4727.595,4715.48,4721.855,1.5931,0.666
2026-03-20 05:00:00,4721.87,4723.635,4685.82,4688.545,3.3182,0.673
2026-03-20 06:00:00,4688.565,4701.135,4661.4,4669.21,4.5502,0.67
2026-03-20 07:00:00,4669.155,4707.965,4667.96,4706.29,2.8246,0.563
2026-03-20 08:00:00,4706.31,4734.93,4684.93,4693.905,3.785,0.592
2026-03-20 09:00:00,4693.925,4700.56,4660.01,4667.775,3.9392,0.652
2026-03-20 10:00:00,4667.565,4670.2,4638.265,4645.495,4.5054,0.71
2026-03-20 11:00:00,4645.515,4674.295,4637.205,4671.795,3.9314,0.711
2026-03-20 12:00:00,4671.905,4695.655,4661.846,4678.265,6.3885,0.707
2026-03-20 13:00:00,4678.295,4679.424,4613.036,4616.535,9.016,0.822
2026-03-20 14:00:00,4616.56,4622.808,4548.09,4564.18,11.5959,0.861
2026-03-20 15:00:00,4564.155,4580.484,4540.804,4553.554,11.2525,0.87
2026-03-20 16:00:00,4553.568,4614.02,4552.274,4583.282,10.8976,0.816
2026-03-20 17:00:00,4583.236,4600.76,4554.459,4573.57,9.0356,0.841
2026-03-20 18:00:00,4573.62,4578.654,4477.523,4500.02,9.2853,0.856
2026-03-20 19:00:00,4500.07,4516.925,4485.505,4501.585,9.1924,0.876
2026-03-20 20:00:00,4501.635,4514.7,4488.838,4491.804,6.1556,1.286
2026-03-22 22:00:00,4472.704,4536.43,4449.61,4498.155,4.1376,1.027
2026-03-22 23:00:00,4498.164,4510.68,4452.272,4464.79,5.0538,0.83
2026-03-23 00:00:00,4464.805,4473.345,4319.734,4354.445,8.2423,1.104
2026-03-23 01:00:00,4354.35,4454.385,4329.435,4387.53,9.3253,1.145
2026-03-23 02:00:00,4388.56,4422.27,4354.906,4360.59,7.1532,0.864
2026-03-23 03:00:00,4360.65,4378.055,4334.865,4352.99,5.247,0.7
2026-03-23 04:00:00,4352.97,4381.975,4349.976,4367.75,4.2848,0.699
2026-03-23 05:00:00,4367.728,4380.155,4302.186,4310.24,6.1126,0.705
2026-03-23 06:00:00,4309.952,4310.325,4163.18,4220.734,9.9455,1.048
2026-03-23 07:00:00,4220.718,4232.95,4099.038,4204.465,11.6241,1.455
2026-03-23 08:00:00,4204.195,4271.24,4202.87,4251.286,9.1482,0.984
2026-03-23 09:00:00,4251.299,4308.585,4223.71,4253.62,7.5676,0.831
2026-03-23 10:00:00,4254.0,4281.985,4241.335,4269.195,6.2698,0.671
2026-03-23 11:00:00,4269.125,4463.484,4268.955,4379.325,11.3687,1.937
2026-03-23 12:00:00,4379.345,4492.79,4336.84,4478.58,10.7376,1.152
2026-03-23 13:00:00,4478.557,4485.655,4401.69,4454.425,11.1731,1.131
2026-03-23 14:00:00,4454.595,4513.0,4453.704,4462.065,10.7554,0.76
2026-03-23 15:00:00,4461.885,4487.135,4351.316,4363.995,10.5546,0.764
2026-03-23 16:00:00,4363.536,4391.82,4352.392,4375.675,10.4125,0.765
2026-03-23 17:00:00,4375.635,4439.14,4370.96,4426.25,8.0163,0.627
2026-03-23 18:00:00,4426.275,4467.228,4402.285,4449.08,7.2005,0.577
2026-03-23 19:00:00,4448.93,4450.62,4393.205,4398.315,7.115,0.595
2026-03-23 20:00:00,4397.915,4413.26,4382.91,4407.02,3.0193,0.696
2026-03-23 22:00:00,4413.002,4431.4,4360.526,4426.92,3.2925,1.046
2026-03-23 23:00:00,4426.937,4448.335,4422.055,4441.24,3.8647,0.842
2026-03-24 00:00:00,4441.22,4446.79,4331.475,4364.635,6.258,0.877
2026-03-24 01:00:00,4364.71,4374.248,4307.965,4322.155,8.349,0.888
2026-03-24 02:00:00,4322.13,4379.465,4306.1,4366.185,7.1279,0.911
2026-03-24 03:00:00,4366.115,4368.35,4335.165,4347.38,4.9612,0.814
2026-03-24 04:00:00,4347.36,4357.35,4326.62,4333.48,3.5767,0.725
2026-03-24 05:00:00,4333.475,4374.05,4319.925,4347.4,6.2537,0.86
2026-03-24 06:00:00,4347.59,4405.3,4343.12,4402.39,7.7789,0.951
2026-03-24 07:00:00,4402.425,4433.284,4399.91,4417.395,7.8533,0.962
2026-03-24 08:00:00,4417.35,4421.255,4391.348,4412.075,9.5314,0.993
2026-03-24 09:00:00,4412.358,4430.96,4396.075,4426.44,5.9145,0.808
2026-03-24 10:00:00,4426.668,4441.755,4414.85,4438.94,6.8594,0.923
2026-03-24 11:00:00,4438.924,4442.335,4374.016,4408.014,11.3369,1.143
2026-03-24 12:00:00,4408.018,4427.728,4362.24,4379.478,12.1338,1.138
2026-03-24 13:00:00,4379.468,4390.158,4351.495,4381.734,11.0322,1.044
2026-03-24 14:00:00,4381.738,4433.79,4380.797,4416.225,20.1903,1.139
2026-03-24 15:00:00,4415.655,4431.095,4396.452,4411.68,16.5881,1.06
2026-03-24 16:00:00,4411.836,4427.66,4402.656,4421.416,12.4621,0.987
2026-03-24 17:00:00,4421.42,4426.506,4372.528,4388.735,8.611,0.811
2026-03-24 18:00:00,4388.71,4423.5,4383.94,4389.68,7.0816,0.781
2026-03-24 19:00:00,4389.67,4411.505,4388.87,4400.48,4.8358,0.787
2026-03-24 20:00:00,4400.55,4484.34,4397.42,4473.455,5.4513,0.862
2026-03-24 22:00:00,4473.596,4485.585,4455.852,4484.7,3.8151,1.253
2026-03-24 23:00:00,4484.495,4551.596,4472.665,4546.978,9.3538,1.244
2026-03-25 00:00:00,4546.959,4572.17,4537.613,4563.252,9.0883,1.186
2026-03-25 01:00:00,4563.266,4601.395,4552.604,4595.138,8.9622,1.121
2026-03-25 02:00:00,4595.13,4602.62,4580.08,4583.82,3.9202,0.985
2026-03-25 03:00:00,4583.78,4586.4,4567.846,4570.162,4.1572,0.956
2026-03-25 04:00:00,4570.09,4574.804,4565.79,4572.722,2.5166,0.957
2026-03-25 05:00:00,4572.99,4573.668,4549.352,4555.71,4.4574,0.961
2026-03-25 06:00:00,4555.73,4557.135,4533.066,4545.804,5.64,0.954
2026-03-25 07:00:00,4545.784,4563.378,4536.942,4539.56,4.3721,0.952
2026-03-25 08:00:00,4539.63,4567.78,4535.932,4556.34,4.2176,0.662
2026-03-25 09:00:00,4556.32,4567.755,4527.98,4552.06,3.7764,0.634
2026-03-25 10:00:00,4552.015,4562.585,4551.3,4558.895,2.9363,0.622
2026-03-25 11:00:00,4558.825,4585.78,4556.155,4579.01,3.3017,0.658
2026-03-25 12:00:00,4578.95,4583.685,4522.05,4544.025,5.6639,0.685
2026-03-25 13:00:00,4544.05,4576.768,4540.975,4544.87,6.6989,0.643
2026-03-25 14:00:00,4544.905,4579.438,4533.32,4567.235,6.5676,0.63
2026-03-25 15:00:00,4567.245,4569.101,4525.225,4559.035,6.1099,0.644
2026-03-25 16:00:00,4559.085,4565.067,4545.232,4555.36,5.7047,0.648
2026-03-25 17:00:00,4555.116,4563.95,4542.84,4550.69,4.4023,0.617
2026-03-25 18:00:00,4550.685,4569.035,4530.965,4538.26,4.6571,0.629
2026-03-25 19:00:00,4538.22,4539.75,4486.869,4531.13,5.1977,0.639
2026-03-25 20:00:00,4531.04,4542.209,4494.905,4505.66,2.574,0.706
2026-03-25 22:00:00,4510.99,4534.905,4505.646,4517.77,2.3693,0.936
2026-03-25 23:00:00,4517.96,4518.3,4489.07,4498.37,3.5393,0.963
2026-03-26 00:00:00,4498.34,4539.37,4498.286,4535.74,3.8244,0.981
2026-03-26 01:00:00,4535.795,4544.738,4522.57,4535.49,5.1304,0.847
2026-03-26 02:00:00,4535.51,4535.916,4505.93,4508.86,3.7371,0.89
2026-03-26 03:00:00,4508.79,4518.95,4500.03,4516.82,2.7089,0.794
2026-03-26 04:00:00,4516.98,4524.458,4511.71,4520.58,1.6199,0.765
2026-03-26 05:00:00,4520.6,4522.45,4438.965,4439.1,3.9374,0.723
2026-03-26 06:00:00,4439.525,4459.58,4415.905,4456.53,5.3387,0.761
2026-03-26 07:00:00,4456.62,4463.965,4439.11,4452.96,3.8852,0.638
2026-03-26 08:00:00,4452.75,4459.534,4413.049,4427.95,6.6318,0.976
2026-03-26 09:00:00,4427.86,4437.19,4414.585,4423.943,6.1937,0.926
2026-03-26 10:00:00,4423.99,4448.299,4417.02,4443.24,5.9297,0.979
2026-03-26 11:00:00,4443.68,4456.968,4419.09,4423.29,6.0013,0.974
2026-03-26 12:00:00,4423.27,4445.92,4416.778,4429.683,7.4,0.939
2026-03-26 13:00:00,4429.518,4460.828,4420.45,4452.716,8.9281,0.978
2026-03-26 14:00:00,4452.7,4479.948,4437.4,4465.228,10.0035,0.982
2026-03-26 15:00:00,4465.258,4469.106,4433.982,4438.44,9.8643,0.948
2026-03-26 16:00:00,4438.424,4442.78,4366.96,4389.36,8.5874,0.934
2026-03-26 17:00:00,4389.17,4402.615,4377.39,4381.6,6.5288,0.803
2026-03-26 18:00:00,4381.49,4397.998,4367.736,4394.65,4.9717,0.806
2026-03-26 19:00:00,4394.68,4399.54,4359.26,4364.16,4.9571,0.791
2026-03-26 20:00:00,4364.08,4420.805,4351.374,4380.655,7.0436,1.086
2026-03-26 22:00:00,4391.918,4415.524,4377.64,4411.3,2.2152,1.085
2026-03-26 23:00:00,4411.55,4414.75,4389.885,4405.02,1.6905,0.959
2026-03-27 00:00:00,4405.13,4411.19,4375.59,4378.78,2.3131,0.713
2026-03-27 01:00:00,4378.75,4420.63,4377.36,4417.4,2.9822,0.725
2026-03-27 02:00:00,4417.56,4440.58,4417.11,4432.05,2.658,0.728
2026-03-27 03:00:00,4432.28,4446.305,4421.33,4437.62,2.1836,0.715
2026-03-27 04:00:00,4437.67,4449.688,4431.57,4446.4,1.2072,0.721
2026-03-27 05:00:00,4445.994,4475.27,4440.522,4454.67,2.7169,0.725
2026-03-27 06:00:00,4454.63,4472.92,4451.95,4459.74,2.7384,0.712
2026-03-27 07:00:00,4459.755,4463.235,4442.89,4447.83,2.2434,0.679
2026-03-27 08:00:00,4447.86,4450.776,4423.67,4424.23,3.2697,0.798
2026-03-27 09:00:00,4424.232,4438.505,4420.88,4429.039,3.6354,0.856
2026-03-27 10:00:00,4429.048,4433.02,4411.131,4414.856,3.7802,0.854
2026-03-27 11:00:00,4414.876,4426.44,4404.46,4420.14,4.0478,0.823
2026-03-27 12:00:00,4419.89,4445.54,4412.69,4438.05,5.4448,0.893
2026-03-27 13:00:00,4438.1,4443.897,4413.762,4431.41,9.4335,0.945
2026-03-27 14:00:00,4431.075,4514.928,4430.768,4509.995,10.294,0.916
2026-03-27 15:00:00,4509.965,4555.634,4501.715,4524.119,8.6762,0.938
2026-03-27 16:00:00,4524.4,4533.68,4505.536,4516.2,4.9174,0.805
2026-03-27 17:00:00,4516.23,4522.11,4486.25,4486.748,5.4453,0.78
2026-03-27 18:00:00,4486.74,4528.789,4486.535,4516.807,5.272,0.777
2026-03-27 19:00:00,4516.656,4526.22,4500.73,4514.51,4.1674,0.787
2026-03-27 20:00:00,4514.5,4520.674,4491.144,4494.105,2.1233,0.849
2026-03-29 22:00:00,4493.41,4515.515,4466.75,4484.45,4.0117,1.441
2026-03-29 23:00:00,4484.43,4493.96,4443.958,4448.99,4.0959,0.892
2026-03-30 00:00:00,4449.175,4467.015,4418.624,4432.27,5.9243,0.938
2026-03-30 01:00:00,4432.225,4475.994,4431.885,4469.66,7.7768,0.965
2026-03-30 02:00:00,4469.69,4499.454,4459.138,4481.488,6.429,0.951
2026-03-30 03:00:00,4481.459,4517.824,4478.96,4496.12,4.4285,0.93
2026-03-30 04:00:00,4496.15,4498.99,4486.34,4496.78,2.8043,0.899
2026-03-30 05:00:00,4496.756,4528.564,4496.74,4522.665,3.605,0.828
2026-03-30 06:00:00,4522.77,4550.79,4517.105,4532.79,3.8836,0.715
2026-03-30 07:00:00,4532.7,4535.03,4515.98,4527.36,3.1557,0.786
2026-03-30 08:00:00,4527.33,4540.64,4525.0,4538.33,3.3928,0.779
2026-03-30 09:00:00,4538.37,4540.76,4523.576,4532.4,2.6305,0.787
2026-03-30 10:00:00,4533.18,4540.17,4527.79,4532.52,2.0872,0.805
2026-03-30 11:00:00,4532.51,4580.865,4525.568,4559.775,4.2082,0.791
2026-03-30 12:00:00,4559.75,4578.088,4545.415,4569.485,3.7238,0.736
2026-03-30 13:00:00,4569.65,4578.78,4516.85,4523.525,6.1502,0.627
2026-03-30 14:00:00,4523.34,4541.665,4512.322,4538.705,6.9974,0.639
2026-03-30 15:00:00,4538.885,4556.865,4524.75,4548.455,5.3317,0.623
2026-03-30 16:00:00,4548.24,4549.73,4532.17,4540.108,4.3769,0.612
2026-03-30 17:00:00,4540.02,4542.435,4511.31,4515.11,4.8751,0.61
2026-03-30 18:00:00,4515.09,4523.185,4498.525,4499.155,3.761,0.618
2026-03-30 19:00:00,4499.17,4518.5,4493.195,4513.42,4.7792,0.617
2026-03-30 20:00:00,4513.405,4516.798,4501.21,4511.3,1.4019,0.637
2026-03-30 22:00:00,4513.392,4524.135,4502.33,4510.915,1.5415,0.832
2026-03-30 23:00:00,4510.795,4521.924,4492.8,4513.82,3.9304,0.968
2026-03-31 00:00:00,4513.87,4548.27,4482.61,4547.92,5.3919,0.936
2026-03-31 01:00:00,4547.42,4619.65,4532.28,4605.26,6.2146,0.837
2026-03-31 02:00:00,4605.28,4607.51,4565.64,4568.28,4.2809,0.901
2026-03-31 03:00:00,4567.95,4577.13,4550.291,4557.39,3.5311,0.905
2026-03-31 04:00:00,4557.37,4569.69,4557.16,4565.048,2.5905,0.895
2026-03-31 05:00:00,4564.998,4581.97,4547.89,4568.92,3.4719,0.901
2026-03-31 06:00:00,4568.945,4569.1,4553.32,4557.31,4.4617,0.89
2026-03-31 07:00:00,4557.46,4566.06,4543.52,4564.66,4.2204,0.895
2026-03-31 08:00:00,4564.406,4575.262,4560.56,4568.552,3.4308,0.795
2026-03-31 09:00:00,4568.572,4572.51,4550.39,4555.67,3.9338,0.777
2026-03-31 10:00:00,4555.65,4562.03,4529.51,4547.13,2.785,0.786
2026-03-31 11:00:00,4547.28,4593.338,4541.258,4582.478,5.2243,0.778
2026-03-31 12:00:00,4582.498,4597.69,4569.211,4575.024,5.0486,0.775
2026-03-31 13:00:00,4575.018,4609.81,4567.95,4607.305,6.0224,0.783
2026-03-31 14:00:00,4607.125,4630.466,4595.06,4599.23,7.7611,0.783
2026-03-31 15:00:00,4599.25,4625.705,4599.025,4609.56,6.1454,0.776
2026-03-31 16:00:00,4609.46,4651.53,4607.19,4638.44,6.251,0.789
2026-03-31 17:00:00,4638.4,4667.54,4636.365,4654.6,6.5627,0.78
2026-03-31 18:00:00,4654.52,4671.11,4653.61,4667.58,4.8272,0.785
2026-03-31 19:00:00,4667.47,4685.693,4661.938,4682.84,5.6537,0.775
2026-03-31 20:00:00,4682.964,4687.33,4664.84,4669.29,2.1201,0.822
2026-03-31 22:00:00,4671.6,4696.58,4662.095,4680.965,2.9383,0.867
2026-03-31 23:00:00,4681.35,4700.32,4672.115,4696.56,3.0436,1.099
2026-04-01 00:00:00,4696.46,4722.794,4693.658,4710.97,4.3996,0.972
2026-04-01 01:00:00,4710.995,4724.484,4681.37,4692.98,5.0864,0.917
2026-04-01 02:00:00,4693.36,4700.73,4678.066,4684.808,3.571,0.892
2026-04-01 03:00:00,4684.764,4694.528,4679.72,4681.982,2.2534,0.896
2026-04-01 04:00:00,4681.992,4682.138,4667.06,4676.61,1.9661,0.895
2026-04-01 05:00:00,4676.65,4703.65,4674.99,4684.554,2.9541,0.883
2026-04-01 06:00:00,4684.539,4733.24,4682.79,4730.57,4.7938,0.89
2026-04-01 07:00:00,4731.058,4747.96,4709.8,4713.13,4.5435,0.822
2026-04-01 08:00:00,4713.14,4740.6,4710.415,4728.71,3.699,0.817
2026-04-01 09:00:00,4728.74,4730.4,4713.14,4723.33,2.5736,0.788
2026-04-01 10:00:00,4723.32,4738.79,4715.508,4731.38,2.3202,0.794
2026-04-01 11:00:00,4731.33,4762.95,4728.48,4752.53,2.91,0.768
2026-04-01 12:00:00,4752.56,4753.835,4724.51,4724.99,5.2172,0.777
2026-04-01 13:00:00,4724.89,4749.73,4716.36,4738.385,5.8232,0.731
2026-04-01 14:00:00,4737.362,4768.96,4724.25,4760.85,6.4225,0.707
2026-04-01 15:00:00,4760.88,4788.265,4758.64,4786.672,5.9283,0.709
2026-04-01 16:00:00,4786.62,4790.8,4774.29,4787.35,5.6118,0.737
2026-04-01 17:00:00,4787.25,4793.304,4773.79,4774.402,5.0974,0.755
2026-04-01 18:00:00,4774.42,4775.31,4742.2,4753.33,6.1659,0.776
2026-04-01 19:00:00,4753.38,4778.33,4751.46,4766.13,4.4365,0.776
2026-04-01 20:00:00,4766.11,4771.23,4754.295,4758.88,1.5621,0.793
2026-04-01 22:00:00,4760.4,4782.95,4751.324,4776.66,2.0181,2.928
2026-04-01 23:00:00,4776.78,4800.488,4773.624,4784.23,3.9291,1.06
2026-04-02 00:00:00,4784.25,4798.92,4775.338,4784.854,4.3358,0.958
2026-04-02 01:00:00,4784.87,4786.834,4649.535,4696.685,9.2655,1.185
2026-04-02 02:00:00,4696.245,4704.15,4655.63,4687.258,10.3654,1.338
2026-04-02 03:00:00,4687.234,4699.63,4676.074,4676.549,4.2192,0.787
2026-04-02 04:00:00,4676.764,4681.838,4657.19,4672.8,2.4757,0.708
2026-04-02 05:00:00,4672.91,4680.68,4585.85,4594.32,4.6657,0.744
2026-04-02 06:00:00,4594.613,4608.81,4553.682,4599.395,6.1154,0.729
2026-04-02 07:00:00,4598.815,4651.425,4597.26,4642.79,3.7882,0.624
2026-04-02 08:00:00,4642.76,4648.855,4616.872,4620.96,3.7252,0.626
2026-04-02 09:00:00,4620.935,4632.07,4613.065,4621.805,2.8086,0.623
2026-04-02 10:00:00,4622.05,4635.23,4603.79,4620.665,3.0123,0.727
2026-04-02 11:00:00,4620.69,4630.87,4592.845,4600.228,3.6635,0.792
2026-04-02 12:00:00,4600.218,4630.43,4594.71,4601.966,4.8839,0.792
2026-04-02 13:00:00,4602.09,4651.505,4581.015,4645.99,8.2093,0.793
2026-04-02 14:00:00,4646.43,4700.124,4631.598,4681.482,9.6376,0.835
2026-04-02 15:00:00,4681.54,4683.996,4652.652,4661.193,9.7721,0.944
2026-04-02 16:00:00,4661.178,4670.706,4643.102,4659.18,9.0359,0.934
2026-04-02 17:00:00,4659.21,4668.468,4645.943,4648.863,8.5667,0.931
2026-04-02 18:00:00,4649.103,4672.147,4647.634,4668.552,6.6335,0.903
2026-04-02 19:00:00,4668.602,4681.988,4661.64,4672.19,6.479,0.96
2026-04-02 20:00:00,4672.193,4678.1,4664.484,4676.305,2.0569,0.944
2026-04-05 22:00:00,4654.324,4666.184,4608.13,4645.94,5.1329,1.55
2026-04-05 23:00:00,4645.855,4651.22,4605.062,4610.612,4.2102,1.356
2026-04-06 00:00:00,4610.642,4629.405,4600.88,4622.634,4.1761,1.005
2026-04-06 01:00:00,4622.658,4643.32,4620.578,4626.095,4.536,1.14
2026-04-06 02:00:00,4626.14,4671.89,4623.988,4648.14,3.6697,0.916
2026-04-06 03:00:00,4648.08,4648.32,4625.575,4640.675,2.6015,0.909
2026-04-06 04:00:00,4640.65,4660.15,4640.06,4659.18,1.4277,0.802
2026-04-06 05:00:00,4659.2,4678.84,4651.326,4652.552,1.8987,0.777
2026-04-06 06:00:00,4652.576,4667.865,4643.39,4666.165,2.6467,0.773
2026-04-06 07:00:00,4666.14,4688.425,4645.13,4684.88,2.8011,0.792
2026-04-06 08:00:00,4684.845,4698.369,4680.852,4695.95,2.5491,0.792
2026-04-06 09:00:00,4696.28,4706.64,4690.985,4693.74,2.5708,0.779
2026-04-06 10:00:00,4693.758,4697.73,4684.612,4689.82,2.2215,0.799
2026-04-06 11:00:00,4690.344,4696.906,4677.15,4678.05,2.1347,0.791
2026-04-06 12:00:00,4678.01,4686.82,4659.92,4676.01,3.4058,0.883
2026-04-06 13:00:00,4676.0,4681.802,4659.824,4680.006,7.0088,0.939
2026-04-06 14:00:00,4680.465,4697.898,4660.222,4682.796,9.7665,1.073
2026-04-06 15:00:00,4682.791,4683.942,4651.961,4668.166,5.6067,0.966
2026-04-06 16:00:00,4668.176,4672.576,4658.31,4660.693,4.0916,0.966
2026-04-06 17:00:00,4660.724,4661.44,4645.772,4653.9,5.6783,0.926
2026-04-06 18:00:00,4653.99,4666.824,4648.998,4658.498,6.2666,0.892
2026-04-06 19:00:00,4658.488,4659.568,4645.748,4655.512,4.2741,0.9
2026-04-06 20:00:00,4655.506,4658.554,4647.896,4649.375,1.2357,0.958
2026-04-06 22:00:00,4651.5,4668.015,4649.836,4658.56,1.411,0.956
2026-04-06 23:00:00,4658.625,4661.325,4651.62,4658.95,1.4084,0.906
2026-04-07 00:00:00,4659.55,4661.521,4649.24,4655.17,2.7511,0.777
2026-04-07 01:00:00,4655.11,4664.66,4616.48,4627.155,6.2619,0.891
2026-04-07 02:00:00,4627.19,4654.072,4620.085,4650.624,3.6142,0.97
2026-04-07 03:00:00,4650.554,4654.234,4639.874,4649.706,3.0148,0.961
2026-04-07 04:00:00,4649.686,4664.131,4645.674,4659.616,3.0343,0.947
2026-04-07 05:00:00,4660.131,4661.426,4623.24,4643.12,3.8259,0.972
2026-04-07 06:00:00,4643.113,4656.605,4638.134,4653.44,4.7824,0.94
2026-04-07 07:00:00,4653.47,4657.11,4636.86,4646.244,5.0868,0.898
2026-04-07 08:00:00,4646.228,4690.866,4644.273,4683.05,6.6727,0.936
2026-04-07 09:00:00,4683.025,4694.45,4658.912,4670.816,5.1708,0.955
2026-04-07 10:00:00,4670.832,4680.602,4649.498,4652.26,6.2813,0.937
2026-04-07 11:00:00,4652.28,4664.244,4629.039,4659.76,5.0168,0.961
2026-04-07 12:00:00,4660.008,4671.224,4646.786,4651.626,5.0926,0.939
2026-04-07 13:00:00,4651.736,4663.534,4635.758,4644.15,7.9738,0.953
2026-04-07 14:00:00,4644.13,4661.711,4607.648,4633.398,10.102,0.915
2026-04-07 15:00:00,4633.23,4659.56,4625.098,4655.562,7.7416,0.943
2026-04-07 16:00:00,4655.586,4669.716,4652.637,4657.202,6.3861,0.966
2026-04-07 17:00:00,4657.22,4686.748,4653.925,4675.908,6.6528,0.882
2026-04-07 18:00:00,4675.88,4686.366,4657.52,4662.226,6.5409,0.863
2026-04-07 19:00:00,4662.35,4718.97,4660.71,4700.91,8.1316,0.948
2026-04-07 20:00:00,4700.97,4717.052,4697.232,4705.69,3.6218,0.979
2026-04-07 22:00:00,4720.86,4819.905,4713.14,4818.46,6.0499,1.059
2026-04-07 23:00:00,4818.475,4836.5,4801.735,4833.672,6.6738,1.114
2026-04-08 00:00:00,4833.68,4857.711,4809.01,4817.73,5.3254,0.793
2026-04-08 01:00:00,4817.77,4825.262,4788.36,4810.3,5.5828,0.79
2026-04-08 02:00:00,4810.036,4825.54,4798.85,4804.09,3.3608,0.779
2026-04-08 03:00:00,4804.07,4806.02,4795.12,4797.61,2.4881,0.788
2026-04-08 04:00:00,4797.69,4806.835,4790.34,4803.7,1.9868,0.716
2026-04-08 05:00:00,4803.66,4843.87,4800.49,4827.63,3.4687,0.717
2026-04-08 06:00:00,4827.59,4839.885,4819.975,4820.01,3.6866,0.626
2026-04-08 07:00:00,4819.995,4821.41,4805.315,4813.445,3.1307,0.67
2026-04-08 08:00:00,4813.728,4819.95,4790.514,4793.98,3.5296,0.785
2026-04-08 09:00:00,4794.01,4806.8,4776.192,4783.276,3.3911,0.822
2026-04-08 10:00:00,4783.296,4796.224,4771.369,4782.711,3.0756,0.948
2026-04-08 11:00:00,4782.672,4803.055,4778.26,4798.532,3.8627,0.82
2026-04-08 12:00:00,4798.48,4807.4,4768.455,4799.72,4.3655,0.775
2026-04-08 13:00:00,4799.69,4806.8,4768.445,4777.754,7.488,0.877
2026-04-08 14:00:00,4777.505,4792.06,4732.4,4736.34,9.4907,0.935
2026-04-08 15:00:00,4736.378,4763.26,4734.25,4756.6,6.3173,0.769
2026-04-08 16:00:00,4756.57,4765.642,4745.4,4760.482,5.2954,0.768
2026-04-08 17:00:00,4760.412,4764.51,4731.656,4734.344,4.5203,0.769
2026-04-08 18:00:00,4734.234,4744.718,4704.03,4705.368,6.136,0.747
2026-04-08 19:00:00,4705.22,4731.965,4699.66,4730.86,4.3369,0.782
2026-04-08 20:00:00,4730.556,4732.37,4717.26,4718.725,1.4664,0.868
2026-04-08 22:00:00,4719.961,4733.46,4704.605,4717.814,3.2418,0.967
2026-04-08 23:00:00,4717.955,4720.25,4705.451,4715.67,2.32,0.958
2026-04-09 00:00:00,4715.83,4719.28,4698.5,4706.91,2.8214,0.812
2026-04-09 01:00:00,4706.68,4728.459,4699.536,4727.55,4.3211,0.784
2026-04-09 02:00:00,4727.628,4732.99,4717.5,4719.22,2.3177,0.783
2026-04-09 03:00:00,4719.17,4720.46,4705.292,4711.56,2.4029,0.773
2026-04-09 04:00:00,4711.58,4725.376,4709.83,4720.9,1.3932,0.784
2026-04-09 05:00:00,4720.94,4726.77,4705.91,4713.1,2.5912,0.784
2026-04-09 06:00:00,4713.12,4725.395,4703.58,4712.52,3.7573,0.767
2026-04-09 07:00:00,4712.64,4731.39,4705.73,4724.46,3.8448,0.781
2026-04-09 08:00:00,4724.4,4733.495,4719.846,4726.425,2.4795,0.783
2026-04-09 09:00:00,4726.45,4733.724,4723.08,4729.282,2.0592,0.757
2026-04-09 10:00:00,4729.272,4746.82,4723.853,4741.186,2.1755,0.742
2026-04-09 11:00:00,4741.121,4757.804,4738.56,4756.71,2.5071,0.741
2026-04-09 12:00:00,4756.858,4759.76,4735.07,4746.04,3.5897,0.75
2026-04-09 13:00:00,4746.12,4777.408,4738.88,4764.346,6.5193,0.777
2026-04-09 14:00:00,4764.316,4776.33,4747.438,4768.874,6.2956,0.763
2026-04-09 15:00:00,4768.888,4798.228,4761.372,4792.91,6.2392,0.77
2026-04-09 16:00:00,4793.082,4801.06,4784.59,4788.99,4.102,0.787
2026-04-09 17:00:00,4789.04,4801.258,4786.88,4797.92,3.2863,0.786
2026-04-09 18:00:00,4798.02,4798.16,4767.832,4772.18,4.2482,0.78
2026-04-09 19:00:00,4772.15,4782.755,4767.07,4769.058,3.0556,0.785
2026-04-09 20:00:00,4769.154,4773.53,4760.9,4765.01,1.1707,0.833
2026-04-09 22:00:00,4767.802,4780.64,4758.77,4764.39,1.259,0.827
2026-04-09 23:00:00,4764.45,4764.48,4757.05,4763.79,1.3226,0.785
2026-04-10 00:00:00,4763.84,4763.84,4750.83,4763.1,1.899,0.719
2026-04-10 01:00:00,4763.06,4777.39,4758.02,4764.69,3.3071,0.709
2026-04-10 02:00:00,4764.74,4765.518,4738.09,4753.28,3.0965,0.706
2026-04-10 03:00:00,4753.17,4769.57,4753.138,4766.71,2.3938,0.706
2026-04-10 04:00:00,4766.68,4770.88,4757.99,4758.61,1.1745,0.707
2026-04-10 05:00:00,4758.67,4769.27,4757.272,4765.82,1.8982,0.708
2026-04-10 06:00:00,4765.86,4765.94,4742.95,4746.49,2.8313,0.613
2026-04-10 07:00:00,4746.025,4757.65,4741.35,4749.655,1.9058,0.61
2026-04-10 08:00:00,4749.685,4753.465,4730.515,4740.935,2.2938,0.629
2026-04-10 09:00:00,4741.13,4760.865,4740.894,4751.75,2.5361,0.736
2026-04-10 10:00:00,4751.73,4760.776,4742.425,4757.29,2.5423,0.757
2026-04-10 11:00:00,4757.31,4768.84,4753.42,4768.36,2.0404,0.783
2026-04-10 12:00:00,4768.51,4782.71,4759.95,4771.88,3.9054,0.761
2026-04-10 13:00:00,4771.93,4780.27,4765.01,4775.025,5.1514,0.73
2026-04-10 14:00:00,4776.145,4795.144,4767.405,4774.752,6.3428,0.778
2026-04-10 15:00:00,4774.766,4787.538,4755.64,4762.282,6.1713,0.778
2026-04-10 16:00:00,4762.27,4766.18,4747.5,4763.92,4.6282,0.765
2026-04-10 17:00:00,4764.0,4768.8,4758.11,4760.528,3.1364,0.779
2026-04-10 18:00:00,4760.514,4773.16,4751.1,4765.29,2.9918,0.783
2026-04-10 19:00:00,4765.33,4770.664,4758.48,4759.98,3.1461,0.77
2026-04-10 20:00:00,4760.044,4760.165,4741.032,4748.14,3.0069,1.001
2026-04-12 22:00:00,4637.85,4692.655,4637.75,4659.09,9.1744,1.753
2026-04-12 23:00:00,4659.08,4672.044,4644.415,4671.55,3.8052,0.904
2026-04-13 00:00:00,4671.57,4698.998,4664.72,4695.67,2.7947,0.792
2026-04-13 01:00:00,4694.965,4728.42,4693.8,4721.39,4.4361,0.746
2026-04-13 02:00:00,4721.36,4728.129,4711.28,4720.65,2.5399,0.712
2026-04-13 03:00:00,4720.49,4723.97,4712.24,4718.05,1.4663,0.71
2026-04-13 04:00:00,4718.03,4724.95,4708.675,4723.092,1.347,0.71
2026-04-13 05:00:00,4723.11,4730.938,4716.43,4729.5,2.3633,0.708
2026-04-13 06:00:00,4729.48,4732.73,4720.935,4725.765,2.7511,0.607
2026-04-13 07:00:00,4725.725,4740.12,4724.8,4733.74,2.5304,0.615
2026-04-13 08:00:00,4733.77,4738.82,4720.37,4723.57,2.4242,0.628
2026-04-13 09:00:00,4723.59,4728.88,4710.695,4714.85,2.0974,0.617
2026-04-13 10:00:00,4714.87,4724.055,4708.445,4722.205,1.7498,0.616
2026-04-13 11:00:00,4722.275,4729.26,4703.5,4707.185,2.5953,0.611
2026-04-13 12:00:00,4707.065,4725.29,4703.84,4723.71,3.3135,0.757
2026-04-13 13:00:00,4723.562,4744.71,4721.41,4730.746,6.2066,0.798
2026-04-13 14:00:00,4730.725,4731.316,4708.68,4719.17,5.8918,0.785
2026-04-13 15:00:00,4719.11,4719.96,4700.42,4714.62,4.7027,0.776
2026-04-13 16:00:00,4714.59,4746.428,4709.37,4733.18,5.4288,0.785
2026-04-13 17:00:00,4733.19,4750.12,4725.655,4730.08,4.2488,0.778
2026-04-13 18:00:00,4730.119,4740.92,4723.578,4738.64,2.9112,0.783
2026-04-13 19:00:00,4738.56,4747.63,4730.74,4741.296,3.2288,0.768
2026-04-13 20:00:00,4741.262,4744.172,4738.31,4742.43,0.9867,0.862
2026-04-13 22:00:00,4744.91,4759.775,4743.802,4758.185,2.2216,0.859
2026-04-13 23:00:00,4758.084,4765.995,4754.53,4757.72,2.3268,0.803
2026-04-14 00:00:00,4757.76,4775.933,4751.64,4769.85,2.787,0.707
2026-04-14 01:00:00,4769.89,4777.024,4761.82,4765.105,3.7273,0.708
2026-04-14 02:00:00,4765.084,4777.375,4762.15,4775.23,2.3474,0.717
2026-04-14 03:00:00,4775.21,4775.65,4765.656,4767.9,1.5635,0.709
2026-04-14 04:00:00,4768.27,4777.188,4767.05,4774.18,1.1801,0.701
2026-04-14 05:00:00,4774.2,4774.4,4757.956,4759.936,2.6901,0.702
2026-04-14 06:00:00,4759.956,4783.175,4759.956,4782.305,2.496,0.614
2026-04-14 07:00:00,4782.24,4796.495,4767.89,4777.325,3.5149,0.618
2026-04-14 08:00:00,4777.275,4790.125,4774.335,4786.995,2.4521,0.62
2026-04-14 09:00:00,4787.018,4789.438,4771.72,4778.29,2.1185,0.611
2026-04-14 10:00:00,4778.37,4788.26,4752.087,4768.57,2.3888,0.648
2026-04-14 11:00:00,4768.54,4783.244,4767.065,4774.962,2.4144,0.782
2026-04-14 12:00:00,4775.15,4777.76,4762.3,4771.63,4.1138,0.802
2026-04-14 13:00:00,4771.658,4803.615,4771.36,4794.686,6.8427,0.82
2026-04-14 14:00:00,4794.716,4817.956,4793.012,4804.03,6.2192,0.77
2026-04-14 15:00:00,4804.04,4816.264,4791.39,4808.19,4.7347,0.778
2026-04-14 16:00:00,4808.26,4820.39,4805.13,4810.28,3.4256,0.783
2026-04-14 17:00:00,4810.36,4841.858,4809.572,4835.244,4.3137,0.728
2026-04-14 18:00:00,4835.264,4843.47,4830.998,4835.682,3.761,0.727
2026-04-14 19:00:00,4835.738,4846.456,4835.7,4845.078,4.2287,0.733
2026-04-14 20:00:00,4845.12,4846.35,4839.69,4842.555,1.2748,0.827
2026-04-14 22:00:00,4839.46,4850.884,4833.332,4835.105,1.7713,0.854
2026-04-14 23:00:00,4835.135,4844.148,4833.795,4837.29,1.8303,0.818
2026-04-15 00:00:00,4837.32,4840.088,4827.21,4835.67,2.0678,0.739
2026-04-15 01:00:00,4835.64,4871.52,4828.26,4847.25,4.3925,0.798
2026-04-15 02:00:00,4847.09,4853.674,4820.79,4824.09,3.6094,0.795
2026-04-15 03:00:00,4824.338,4829.748,4817.056,4824.18,2.2655,0.731
2026-04-15 04:00:00,4824.1,4827.998,4820.422,4824.86,1.1986,0.761
2026-04-15 05:00:00,4824.97,4830.69,4812.805,4819.72,2.8377,0.767
2026-04-15 06:00:00,4819.79,4825.088,4811.16,4811.65,2.8867,0.62
2026-04-15 07:00:00,4811.96,4817.075,4804.025,4811.25,2.6929,0.639
2026-04-15 08:00:00,4811.05,4821.546,4804.52,4818.485,2.3952,0.629
2026-04-15 09:00:00,4818.51,4819.665,4786.255,4798.363,3.0917,0.614
2026-04-15 10:00:00,4798.23,4805.335,4790.225,4800.135,2.9332,0.621
2026-04-15 11:00:00,4800.235,4815.105,4795.65,4812.775,2.842,0.62
2026-04-15 12:00:00,4812.795,4816.33,4807.065,4811.64,2.5808,0.666
2026-04-15 13:00:00,4811.615,4830.348,4808.565,4828.9,5.0461,0.639
2026-04-15 14:00:00,4828.865,4830.63,4813.47,4815.68,4.3613,0.617
2026-04-15 15:00:00,4815.705,4816.414,4787.115,4801.745,4.4174,0.619
2026-04-15 16:00:00,4801.73,4812.83,4800.28,4804.055,3.2088,0.62
2026-04-15 17:00:00,4803.955,4808.86,4790.8,4792.62,3.2102,0.617
2026-04-15 18:00:00,4792.65,4802.25,4790.314,4799.924,3.0395,0.605
2026-04-15 19:00:00,4799.74,4803.578,4794.685,4795.9,2.8783,0.605
2026-04-15 20:00:00,4795.955,4796.804,4787.9,4791.295,1.0596,0.681
2026-04-15 22:00:00,4790.02,4812.02,4789.925,4807.62,1.4071,0.756
2026-04-15 23:00:00,4807.61,4826.78,4807.505,4823.56,1.65,0.79
2026-04-16 00:00:00,4823.35,4837.81,4820.912,4833.14,2.3754,0.722
2026-04-16 01:00:00,4833.15,4836.34,4811.312,4818.08,2.9292,0.705
2026-04-16 02:00:00,4818.14,4825.12,4812.452,4819.88,2.2077,0.699
2026-04-16 03:00:00,4819.67,4827.34,4819.095,4824.19,1.6264,0.711
2026-04-16 04:00:00,4824.09,4833.648,4823.116,4833.238,1.3162,0.741
2026-04-16 05:00:00,4833.228,4838.634,4821.354,4821.46,2.6461,0.7
2026-04-16 06:00:00,4821.4,4830.775,4814.425,4826.115,3.3865,0.644
2026-04-16 07:00:00,4826.155,4831.035,4817.25,4821.11,2.8098,0.727
2026-04-16 08:00:00,4821.2,4822.04,4806.652,4813.792,2.7475,0.803
2026-04-16 09:00:00,4813.776,4818.14,4806.93,4813.03,1.9949,0.79
2026-04-16 10:00:00,4813.07,4817.41,4805.25,4817.37,2.0301,0.786
2026-04-16 11:00:00,4817.418,4822.728,4815.59,4822.398,2.2003,0.777
2026-04-16 12:00:00,4822.388,4823.289,4811.789,4816.205,2.908,0.757
2026-04-16 13:00:00,4816.255,4823.97,4785.11,4794.835,5.2064,0.661
2026-04-16 14:00:00,4794.626,4805.49,4773.006,4788.88,6.2544,0.622
2026-04-16 15:00:00,4788.86,4813.025,4788.32,4807.135,4.4956,0.615
2026-04-16 16:00:00,4807.26,4810.272,4785.245,4792.16,3.8048,0.611
2026-04-16 17:00:00,4792.21,4795.475,4781.52,4789.315,3.8073,0.621
2026-04-16 18:00:00,4789.355,4794.565,4785.705,4789.7,3.3459,0.619
2026-04-16 19:00:00,4789.735,4798.7,4789.572,4793.745,2.6274,0.608
2026-04-16 20:00:00,4793.397,4793.96,4786.465,4789.94,0.8016,0.661
2026-04-16 22:00:00,4792.72,4798.005,4791.02,4795.26,1.1347,0.761
2026-04-16 23:00:00,4795.25,4798.03,4791.86,4791.86,1.4417,0.848
2026-04-17 00:00:00,4791.83,4801.34,4785.99,4794.97,1.6369,0.711
2026-04-17 01:00:00,4795.02,4795.85,4768.102,4789.57,3.5872,0.72
2026-04-17 02:00:00,4789.53,4794.85,4784.5,4784.76,1.9579,0.718
2026-04-17 03:00:00,4784.69,4798.27,4784.69,4793.202,1.8062,0.716
2026-04-17 04:00:00,4793.146,4804.66,4792.62,4803.04,1.0977,0.7
2026-04-17 05:00:00,4803.05,4806.305,4793.78,4794.43,2.289,0.715
2026-04-17 06:00:00,4794.36,4795.365,4779.494,4785.12,2.6862,0.612
2026-04-17 07:00:00,4785.285,4794.87,4778.887,4784.598,1.9641,0.61
2026-04-17 08:00:00,4784.565,4797.11,4781.005,4796.135,2.1101,0.609
2026-04-17 09:00:00,4796.175,4801.09,4789.96,4790.43,1.7147,0.601
2026-04-17 10:00:00,4790.485,4794.05,4782.37,4787.53,1.7869,0.607
2026-04-17 11:00:00,4787.595,4811.865,4783.66,4799.235,2.0152,0.606
2026-04-17 12:00:00,4799.305,4847.928,4797.736,4846.525,4.7473,0.619
2026-04-17 13:00:00,4846.535,4890.685,4835.155,4880.475,7.9896,0.663
2026-04-17 14:00:00,4880.768,4885.515,4860.83,4873.1,7.3039,0.693
2026-04-17 15:00:00,4873.28,4880.67,4854.99,4867.54,6.0674,0.78
2026-04-17 16:00:00,4867.472,4873.46,4863.77,4867.04,3.3253,0.778
2026-04-17 17:00:00,4867.08,4869.71,4853.904,4862.67,5.0162,0.873
2026-04-17 18:00:00,4862.708,4868.156,4855.762,4858.282,4.1852,0.927
2026-04-17 19:00:00,4858.266,4861.374,4852.88,4854.482,3.1617,0.792
2026-04-17 20:00:00,4854.53,4855.345,4827.363,4831.008,4.9751,1.102
2026-04-19 22:00:00,4768.654,4795.32,4759.51,4779.36,4.2419,1.008
2026-04-19 23:00:00,4779.37,4779.505,4737.0,4755.3,3.4057,0.803
2026-04-20 00:00:00,4755.35,4774.54,4744.68,4772.475,3.4092,0.703
2026-04-20 01:00:00,4772.535,4814.39,4771.613,4807.88,4.2692,0.71
2026-04-20 02:00:00,4807.77,4809.19,4793.262,4797.26,2.7736,0.704
2026-04-20 03:00:00,4797.29,4798.6,4788.8,4791.0,2.1018,0.707
2026-04-20 04:00:00,4791.294,4795.895,4787.196,4789.07,1.4071,0.703
2026-04-20 05:00:00,4789.14,4796.215,4779.928,4791.06,2.7806,0.708
2026-04-20 06:00:00,4791.02,4795.615,4783.882,4795.565,3.0999,0.614
2026-04-20 07:00:00,4795.844,4805.888,4786.915,4789.76,3.1023,0.622
2026-04-20 08:00:00,4789.74,4796.425,4786.165,4796.385,2.2773,0.627
2026-04-20 09:00:00,4796.325,4798.06,4783.535,4791.655,2.2404,0.6
2026-04-20 10:00:00,4791.635,4801.07,4789.81,4795.995,1.8321,0.606
2026-04-20 11:00:00,4795.885,4811.075,4786.615,4810.695,2.6432,0.603
2026-04-20 12:00:00,4810.63,4822.211,4799.13,4803.595,3.6213,0.62
2026-04-20 13:00:00,4803.545,4826.557,4799.665,4817.94,5.4901,0.707
2026-04-20 14:00:00,4818.193,4827.72,4792.445,4805.29,6.1136,0.782
2026-04-20 15:00:00,4805.227,4809.613,4792.82,4799.89,5.4137,0.778
2026-04-20 16:00:00,4799.91,4806.46,4793.064,4805.62,3.1021,0.778
2026-04-20 17:00:00,4805.838,4812.33,4803.887,4806.91,4.1497,0.765
2026-04-20 18:00:00,4806.93,4816.522,4806.93,4814.076,3.1597,0.731
2026-04-20 19:00:00,4813.972,4821.387,4810.46,4814.514,3.0013,0.739
2026-04-20 20:00:00,4814.362,4822.094,4812.37,4821.33,1.1279,0.799
2026-04-20 22:00:00,4822.4,4833.24,4820.755,4827.86,1.9304,0.801
2026-04-20 23:00:00,4827.64,4831.875,4819.88,4821.84,1.5056,0.784
2026-04-21 00:00:00,4822.15,4830.92,4816.93,4824.18,2.2857,0.711
2026-04-21 01:00:00,4824.2,4824.84,4805.72,4810.131,2.9692,0.715
2026-04-21 02:00:00,4810.16,4810.455,4802.47,4806.95,2.2443,0.708
2026-04-21 03:00:00,4807.0,4807.91,4792.7,4797.3,2.3233,0.709
2026-04-21 04:00:00,4797.474,4798.03,4788.82,4789.12,1.4205,0.704
2026-04-21 05:00:00,4789.41,4797.08,4783.14,4784.28,2.6593,0.702
2026-04-21 06:00:00,4784.3,4790.835,4774.615,4778.89,4.6307,0.678
2026-04-21 07:00:00,4778.554,4792.775,4772.794,4786.016,5.0143,0.869
2026-04-21 08:00:00,4785.99,4793.055,4774.716,4786.205,3.1144,0.69
2026-04-21 09:00:00,4786.421,4789.675,4781.205,4783.71,2.1804,0.602
2026-04-21 10:00:00,4783.735,4790.595,4780.83,4789.99,1.5691,0.599
2026-04-21 11:00:00,4789.965,4798.238,4775.53,4794.715,2.457,0.608
2026-04-21 12:00:00,4794.89,4797.2,4765.69,4778.855,3.9103,0.637
2026-04-21 13:00:00,4779.2,4794.465,4760.905,4779.294,6.3575,0.662
2026-04-21 14:00:00,4779.278,4782.805,4723.728,4739.24,6.3513,0.627
2026-04-21 15:00:00,4739.42,4757.705,4727.908,4741.72,6.4595,0.624
2026-04-21 16:00:00,4741.68,4747.018,4708.358,4711.175,5.7284,0.614
2026-04-21 17:00:00,4711.245,4722.379,4696.975,4711.234,7.2218,0.708
2026-04-21 18:00:00,4711.18,4714.874,4692.451,4709.465,8.1991,0.702
2026-04-21 19:00:00,4709.808,4715.22,4668.698,4679.369,10.4333,0.811
2026-04-21 20:00:00,4679.37,4721.395,4669.064,4721.125,4.5325,0.822
2026-04-21 22:00:00,4721.634,4729.595,4715.63,4719.62,1.6566,0.78
2026-04-21 23:00:00,4719.525,4740.7,4718.095,4738.15,2.2916,0.806
2026-04-22 00:00:00,4738.12,4747.65,4738.12,4739.95,2.3749,0.71
2026-04-22 01:00:00,4739.86,4754.888,4735.92,4752.34,3.5426,0.709
2026-04-22 02:00:00,4752.539,4758.85,4750.066,4755.88,2.2411,0.707
2026-04-22 03:00:00,4755.84,4765.15,4753.06,4758.32,2.1401,0.702
2026-04-22 04:00:00,4758.29,4759.75,4752.196,4754.71,1.5821,0.707
2026-04-22 05:00:00,4754.73,4772.289,4752.32,4767.7,2.9773,0.696
2026-04-22 06:00:00,4767.69,4767.995,4758.91,4767.875,2.2426,0.606
2026-04-22 07:00:00,4767.82,4772.475,4759.65,4760.55,2.1303,0.607
2026-04-22 08:00:00,4760.62,4762.375,4751.94,4757.12,2.2847,0.603
2026-04-22 09:00:00,4757.145,4762.654,4752.67,4755.39,2.7154,0.628
2026-04-22 10:00:00,4755.475,4760.404,4745.89,4759.355,2.3937,0.61
2026-04-22 11:00:00,4759.385,4760.93,4747.955,4750.42,2.0789,0.601
2026-04-22 12:00:00,4750.46,4759.785,4742.94,4744.335,3.2617,0.606
2026-04-22 13:00:00,4744.365,4761.15,4736.505,4753.055,6.2091,0.617
2026-04-22 14:00:00,4753.01,4757.645,4730.145,4736.148,6.5472,0.627
2026-04-22 15:00:00,4736.23,4740.35,4725.085,4727.73,6.4615,0.562
2026-04-22 16:00:00,4727.69,4735.04,4723.975,4728.76,4.6106,0.528
2026-04-22 17:00:00,4728.77,4739.61,4728.655,4737.195,4.2091,0.528
2026-04-22 18:00:00,4737.215,4750.44,4730.005,4741.8,3.3315,0.524
2026-04-22 19:00:00,4741.81,4745.495,4736.96,4740.28,3.6045,0.532
2026-04-22 20:00:00,4740.32,4740.85,4734.565,4739.8,1.1736,0.61
2026-04-22 22:00:00,4742.224,4746.91,4725.734,4726.12,1.3922,0.726
2026-04-22 23:00:00,4726.13,4730.07,4723.535,4727.88,1.3329,0.781
2026-04-23 00:00:00,4727.86,4753.9,4694.196,4748.17,4.8945,0.718
2026-04-23 01:00:00,4747.84,4750.03,4722.61,4723.415,4.1477,0.707
2026-04-23 02:00:00,4723.53,4724.9,4698.469,4699.094,5.1625,0.699
2026-04-23 03:00:00,4699.05,4708.81,4698.34,4704.054,4.0307,0.707
2026-04-23 04:00:00,4704.06,4707.248,4698.8,4704.47,1.9921,0.703
2026-04-23 05:00:00,4704.51,4715.474,4692.632,4713.45,3.3044,0.691
2026-04-23 06:00:00,4713.56,4721.355,4708.605,4712.96,3.4736,0.6
2026-04-23 07:00:00,4712.915,4720.615,4703.275,4719.275,4.6452,0.537
2026-04-23 08:00:00,4719.12,4724.955,4701.67,4703.4,3.9922,0.532
2026-04-23 09:00:00,4703.36,4703.82,4694.82,4697.68,4.1639,0.541
2026-04-23 10:00:00,4697.345,4701.79,4684.385,4696.7,4.3251,0.545
2026-04-23 11:00:00,4696.72,4721.12,4695.515,4720.785,4.3668,0.547
2026-04-23 12:00:00,4720.865,4743.225,4719.765,4740.185,6.4317,0.569
2026-04-23 13:00:00,4740.27,4741.375,4724.015,4724.515,6.6143,0.573
2026-04-23 14:00:00,4724.405,4736.76,4717.11,4733.77,7.594,0.565
2026-04-23 15:00:00,4733.77,4741.125,4716.3,4720.575,6.4563,0.546
2026-04-23 16:00:00,4720.595,4737.27,4715.715,4733.11,4.7477,0.558
2026-04-23 17:00:00,4733.115,4734.68,4664.44,4709.41,10.3338,0.628
2026-04-23 18:00:00,4709.475,4722.31,4699.395,4701.08,7.1612,0.588
2026-04-23 19:00:00,4700.935,4704.63,4689.475,4696.209,6.7585,0.53
2026-04-23 20:00:00,4696.224,4698.35,4686.58,4692.855,2.2131,0.598
2026-04-23 22:00:00,4700.174,4703.71,4690.2,4693.408,1.2116,0.759
2026-04-23 23:00:00,4693.33,4700.87,4686.959,4695.38,1.6004,0.767
2026-04-24 00:00:00,4695.355,4708.058,4690.85,4704.72,3.3224,0.708
2026-04-24 01:00:00,4704.7,4711.29,4690.38,4699.58,4.7302,0.702
2026-04-24 02:00:00,4699.55,4700.69,4673.32,4676.8,4.0482,0.707
2026-04-24 03:00:00,4676.77,4678.43,4668.655,4672.318,3.0268,0.712
2026-04-24 04:00:00,4672.014,4677.088,4657.84,4674.56,2.8924,0.694
2026-04-24 05:00:00,4674.63,4687.47,4669.7,4686.7,2.883,0.709
2026-04-24 06:00:00,4686.73,4688.345,4666.84,4671.99,4.3078,0.597
2026-04-24 07:00:00,4671.795,4695.275,4671.0,4694.55,3.1655,0.554
2026-04-24 08:00:00,4694.54,4697.58,4685.115,4690.87,3.9382,0.538
2026-04-24 09:00:00,4690.89,4696.815,4679.41,4682.095,3.8031,0.554
2026-04-24 10:00:00,4682.07,4686.33,4674.71,4677.905,3.0744,0.522
2026-04-24 11:00:00,4677.845,4717.455,4677.845,4706.91,6.4426,0.547
2026-04-24 12:00:00,4706.955,4711.875,4690.44,4700.825,5.7928,0.533
2026-04-24 13:00:00,4700.93,4717.48,4689.815,4711.22,7.7343,0.54
2026-04-24 14:00:00,4711.825,4740.36,4707.005,4726.5,8.9429,0.53
2026-04-24 15:00:00,4726.56,4733.43,4714.75,4727.18,7.2818,0.534
2026-04-24 16:00:00,4727.19,4729.845,4719.27,4726.9,5.7365,0.513
2026-04-24 17:00:00,4726.905,4730.2,4719.055,4723.515,4.9681,0.52
2026-04-24 18:00:00,4723.525,4725.025,4716.885,4722.87,3.8296,0.546
2026-04-24 19:00:00,4722.895,4726.21,4713.758,4716.575,3.8625,0.545
2026-04-24 20:00:00,4716.345,4717.545,4705.455,4710.27,2.9962,0.866
2026-04-26 22:00:00,4699.575,4705.96,4680.3,4684.69,2.4031,0.771
2026-04-26 23:00:00,4684.68,4685.045,4674.995,4680.165,2.2575,0.783
2026-04-27 00:00:00,4680.055,4698.284,4672.37,4697.95,2.5426,0.675
2026-04-27 01:00:00,4697.895,4709.97,4690.89,4702.765,4.4467,0.689
2026-04-27 02:00:00,4702.795,4723.515,4696.39,4718.395,3.0665,0.688
2026-04-27 03:00:00,4718.265,4729.665,4714.45,4724.275,2.195,0.686
2026-04-27 04:00:00,4724.295,4730.21,4722.845,4725.115,1.4059,0.684
2026-04-27 05:00:00,4725.14,4725.525,4708.77,4710.22,2.4544,0.685
2026-04-27 06:00:00,4710.21,4715.865,4709.255,4712.89,2.6628,0.592
2026-04-27 07:00:00,4712.706,4718.44,4710.05,4713.425,3.5724,0.531
2026-04-27 08:00:00,4713.475,4714.785,4705.52,4706.94,3.1618,0.404
2026-04-27 09:00:00,4706.99,4708.34,4699.395,4703.725,2.3427,0.4
2026-04-27 10:00:00,4703.735,4711.03,4699.625,4708.96,2.0291,0.388
2026-04-27 11:00:00,4708.99,4709.275,4700.24,4704.975,2.4541,0.394
2026-04-27 12:00:00,4705.005,4712.69,4696.965,4699.295,4.5697,0.481
2026-04-27 13:00:00,4699.32,4703.545,4689.14,4696.22,7.3074,0.52
2026-04-27 14:00:00,4696.235,4696.885,4676.58,4678.23,7.8553,0.527
2026-04-27 15:00:00,4678.25,4682.65,4667.328,4670.11,6.6876,0.522
2026-04-27 16:00:00,4670.105,4679.63,4667.33,4676.79,4.0184,0.532
2026-04-27 17:00:00,4676.785,4686.21,4668.43,4682.275,4.5852,0.552
2026-04-27 18:00:00,4682.295,4685.61,4679.035,4680.74,3.3017,0.533
2026-04-27 19:00:00,4680.725,4682.825,4676.705,4680.92,3.0117,0.524
2026-04-27 20:00:00,4680.95,4683.51,4677.39,4682.635,1.0308,0.643
2026-04-27 22:00:00,4683.9,4691.32,4682.275,4688.0,1.0101,0.718
2026-04-27 23:00:00,4687.996,4695.235,4687.34,4692.045,0.8714,0.753
2026-04-28 00:00:00,4692.2,4701.365,4690.45,4690.62,2.0264,0.685
2026-04-28 01:00:00,4690.64,4691.705,4669.405,4670.695,3.4676,0.691
2026-04-28 02:00:00,4670.645,4679.97,4666.405,4669.17,3.0692,0.685
2026-04-28 03:00:00,4669.08,4675.968,4668.46,4671.115,2.112,0.687
2026-04-28 04:00:00,4671.065,4671.345,4666.48,4667.814,1.6322,0.675
2026-04-28 05:00:00,4667.824,4668.17,4623.962,4632.135,4.4101,0.675
2026-04-28 06:00:00,4632.13,4643.105,4623.43,4629.005,4.5014,0.586
2026-04-28 07:00:00,4628.945,4639.51,4620.64,4633.31,4.7117,0.539
2026-04-28 08:00:00,4633.205,4635.515,4614.835,4629.745,5.2802,0.525
2026-04-28 09:00:00,4629.705,4630.14,4604.76,4604.965,4.3998,0.438
2026-04-28 10:00:00,4604.59,4616.575,4603.37,4603.38,3.3987,0.437
2026-04-28 11:00:00,4603.335,4608.96,4555.685,4562.64,6.6796,0.544
2026-04-28 12:00:00,4562.77,4600.314,4554.895,4593.79,7.5751,0.606
2026-04-28 13:00:00,4593.75,4594.68,4571.005,4580.57,8.8875,0.607
2026-04-28 14:00:00,4580.46,4580.74,4557.375,4574.728,9.8371,0.55
2026-04-28 15:00:00,4574.61,4586.61,4567.03,4586.505,8.4387,0.542
2026-04-28 16:00:00,4586.495,4594.965,4577.925,4592.365,6.1889,0.554
2026-04-28 17:00:00,4592.4,4601.515,4587.31,4594.79,5.2116,0.528
2026-04-28 18:00:00,4594.845,4600.68,4592.145,4594.29,4.1598,0.543
2026-04-28 19:00:00,4594.305,4600.015,4593.355,4595.675,4.1626,0.506
2026-04-28 20:00:00,4595.705,4598.875,4591.215,4596.415,1.4967,0.63
2026-04-28 22:00:00,4597.454,4600.24,4592.475,4594.14,0.8786,0.734
2026-04-28 23:00:00,4594.165,4596.39,4588.08,4595.7,1.0381,0.758
2026-04-29 00:00:00,4595.72,4610.535,4595.15,4600.395,2.9205,0.68
2026-04-29 01:00:00,4600.365,4600.555,4576.19,4585.0,4.8798,0.693
2026-04-29 02:00:00,4585.01,4604.26,4585.0,4593.89,3.8147,0.69
2026-04-29 03:00:00,4593.875,4603.475,4592.225,4595.535,2.4712,0.67
2026-04-29 04:00:00,4595.705,4605.84,4595.405,4604.975,1.764,0.679
2026-04-29 05:00:00,4604.97,4607.975,4590.705,4591.11,2.7741,0.682
2026-04-29 06:00:00,4591.1,4598.845,4580.875,4584.62,3.4964,0.586
2026-04-29 07:00:00,4584.58,4588.945,4567.38,4567.92,5.0658,0.535
2026-04-29 08:00:00,4568.296,4576.905,4557.315,4573.265,5.2721,0.535
2026-04-29 09:00:00,4573.3,4580.855,4551.735,4555.915,4.9542,0.537
2026-04-29 10:00:00,4555.83,4576.705,4555.12,4570.005,3.971,0.526
2026-04-29 11:00:00,4569.99,4572.14,4559.35,4561.7,4.2834,0.515
2026-04-29 12:00:00,4561.7,4569.13,4541.965,4545.025,4.9312,0.588
2026-04-29 13:00:00,4545.125,4553.375,4510.185,4521.79,8.0783,0.602
2026-04-29 14:00:00,4521.77,4542.86,4517.91,4539.48,7.8014,0.607
2026-04-29 15:00:00,4539.385,4558.995,4536.35,4547.74,7.8764,0.542
2026-04-29 16:00:00,4547.74,4565.015,4543.375,4545.525,6.7513,0.553
2026-04-29 17:00:00,4545.535,4554.445,4541.66,4547.344,6.2509,0.48
2026-04-29 18:00:00,4547.334,4553.095,4518.44,4538.22,7.9452,0.612
2026-04-29 19:00:00,4538.25,4550.76,4533.32,4547.055,7.8963,0.599
2026-04-29 20:00:00,4546.98,4553.8,4541.48,4543.895,3.7784,0.627
2026-04-29 22:00:00,4545.235,4552.775,4539.44,4552.185,1.3798,0.712
2026-04-29 23:00:00,4552.245,4562.06,4549.69,4561.685,2.1456,0.789
2026-04-30 00:00:00,4561.665,4574.17,4556.516,4569.925,3.2274,0.688
2026-04-30 01:00:00,4569.895,4582.522,4564.615,4579.075,4.6738,0.669
2026-04-30 02:00:00,4579.105,4581.94,4559.915,4564.975,3.8198,0.678
2026-04-30 03:00:00,4564.84,4569.305,4555.772,4556.2,3.0059,0.674
2026-04-30 04:00:00,4556.175,4557.09,4540.875,4542.06,3.4662,0.677
2026-04-30 05:00:00,4542.0,4569.795,4541.946,4562.745,4.2821,0.664
2026-04-30 06:00:00,4562.745,4591.675,4560.23,4589.635,4.2661,0.577
2026-04-30 07:00:00,4589.475,4605.715,4584.945,4598.555,4.9315,0.518
2026-04-30 08:00:00,4598.6,4629.928,4597.44,4616.395,6.3763,0.572
2026-04-30 09:00:00,4616.435,4631.94,4614.461,4625.28,5.1149,0.578
2026-04-30 10:00:00,4625.265,4647.09,4623.755,4639.785,5.5376,0.592
2026-04-30 11:00:00,4639.77,4645.855,4626.835,4630.345,6.2702,0.617
2026-04-30 12:00:00,4630.41,4640.14,4624.675,4639.665,5.6669,0.577
2026-04-30 13:00:00,4639.675,4646.19,4610.612,4610.925,7.9513,0.587
2026-04-30 14:00:00,4610.855,4626.1,4609.5,4619.825,9.3754,0.573
2026-04-30 15:00:00,4619.8,4625.678,4611.335,4615.335,7.5512,0.575
2026-04-30 16:00:00,4615.35,4617.832,4605.397,4607.662,4.8519,0.535
2026-04-30 17:00:00,4607.575,4621.65,4607.55,4616.95,5.4289,0.571
2026-04-30 18:00:00,4616.945,4625.33,4616.855,4622.565,4.5807,0.56
2026-04-30 19:00:00,4622.585,4627.58,4614.642,4617.155,4.3603,0.628
2026-04-30 20:00:00,4617.235,4622.665,4615.56,4622.47,2.2618,0.628
2026-04-30 22:00:00,4626.585,4636.394,4625.005,4630.53,1.3213,0.742
2026-04-30 23:00:00,4630.455,4634.22,4626.585,4626.745,1.6725,0.803
2026-05-01 00:00:00,4626.655,4631.26,4618.685,4619.863,2.3484,0.692
2026-05-01 01:00:00,4619.878,4622.428,4614.119,4621.115,2.0438,0.755
2026-05-01 02:00:00,4621.075,4636.06,4616.585,4619.215,1.8847,0.69
2026-05-01 03:00:00,4619.18,4632.055,4617.785,4626.75,1.4955,0.691
2026-05-01 04:00:00,4626.77,4628.746,4609.21,4609.21,1.6186,0.687
2026-05-01 05:00:00,4609.23,4616.21,4603.015,4605.0,1.5395,0.686
2026-05-01 06:00:00,4604.98,4607.91,4590.822,4594.935,2.6228,0.611
2026-05-01 07:00:00,4594.84,4598.19,4575.935,4578.21,3.1438,0.755
2026-05-01 08:00:00,4578.186,4582.6,4565.29,4569.105,3.2013,0.738
2026-05-01 09:00:00,4569.13,4573.045,4560.315,4562.85,2.3256,0.679
2026-05-01 10:00:00,4562.9,4576.16,4561.48,4566.98,2.1266,0.57
2026-05-01 11:00:00,4566.99,4579.735,4562.6,4578.815,2.9178,0.589
2026-05-01 12:00:00,4578.75,4607.988,4575.06,4591.35,5.2337,0.58
2026-05-01 13:00:00,4591.325,4628.845,4586.64,4625.028,6.6603,0.619
2026-05-01 14:00:00,4625.45,4660.37,4625.055,4632.235,8.6268,0.605
2026-05-01 15:00:00,4632.27,4648.195,4619.135,4643.33,6.6346,0.58
2026-05-01 16:00:00,4643.225,4650.095,4634.1,4638.99,5.8802,0.624
2026-05-01 17:00:00,4638.96,4642.725,4626.93,4629.47,3.8684,0.576
2026-05-01 18:00:00,4629.49,4630.76,4613.815,4624.365,4.9063,0.539
2026-05-01 19:00:00,4624.55,4627.785,4608.955,4610.94,3.636,0.585
2026-05-01 20:00:00,4611.06,4617.564,4607.13,4614.38,2.298,0.965
2026-05-03 22:00:00,4635.82,4638.828,4612.56,4618.915,2.0794,0.768
2026-05-03 23:00:00,4618.926,4620.96,4611.475,4613.95,2.0828,0.776
2026-05-04 00:00:00,4613.906,4616.55,4602.005,4613.085,2.723,0.691
2026-05-04 01:00:00,4613.065,4614.07,4592.795,4613.14,2.6883,0.679
2026-05-04 02:00:00,4613.165,4618.715,4591.135,4605.925,2.7526,0.672
2026-05-04 03:00:00,4605.865,4617.265,4598.615,4615.19,2.6343,0.683
2026-05-04 04:00:00,4615.15,4615.61,4605.265,4605.955,1.9503,0.664
2026-05-04 05:00:00,4606.015,4613.225,4592.42,4599.175,3.0258,0.686
2026-05-04 06:00:00,4599.125,4600.855,4583.9,4588.775,3.1079,0.609
2026-05-04 07:00:00,4588.432,4593.5,4578.05,4579.125,3.4266,0.586
2026-05-04 08:00:00,4579.045,4581.465,4573.77,4577.125,3.5294,0.575
2026-05-04 09:00:00,4577.055,4584.715,4572.291,4575.55,2.5599,0.585
2026-05-04 10:00:00,4575.67,4576.005,4526.228,4562.69,7.1998,0.598
2026-05-04 11:00:00,4562.81,4570.895,4551.675,4560.53,4.4705,0.607
2026-05-04 12:00:00,4560.44,4579.44,4559.355,4568.445,5.191,0.556
2026-05-04 13:00:00,4568.445,4576.722,4555.76,4564.14,7.0349,0.584
2026-05-04 14:00:00,4564.09,4583.275,4553.745,4561.675,7.523,0.574
2026-05-04 15:00:00,4561.7,4566.17,4512.654,4521.73,9.8641,0.644
2026-05-04 16:00:00,4521.738,4527.065,4501.045,4510.805,8.5569,0.645
2026-05-04 17:00:00,4510.875,4531.63,4510.875,4522.465,6.1024,0.541
2026-05-04 18:00:00,4522.475,4525.485,4509.94,4516.45,4.8211,0.543
2026-05-04 19:00:00,4516.475,4527.28,4511.405,4517.91,4.5227,0.588
2026-05-04 20:00:00,4517.92,4524.15,4511.93,4522.935,1.0176,0.659
2026-05-04 22:00:00,4523.814,4526.214,4515.555,4517.575,1.032,0.718
2026-05-04 23:00:00,4517.51,4521.775,4516.28,4519.155,1.1151,0.761
2026-05-05 00:00:00,4519.165,4530.608,4513.625,4530.23,2.5685,0.689
2026-05-05 01:00:00,4529.9,4542.295,4525.39,4541.0,2.5908,0.685
2026-05-05 02:00:00,4540.97,4546.91,4534.86,4539.205,1.8672,0.678
2026-05-05 03:00:00,4539.175,4542.95,4532.555,4534.73,1.4293,0.682
2026-05-05 04:00:00,4534.74,4536.81,4528.06,4533.745,1.4542,0.683
2026-05-05 05:00:00,4533.775,4551.675,4531.405,4545.82,2.585,0.682
2026-05-05 06:00:00,4545.79,4552.14,4533.815,4548.23,2.8279,0.582
2026-05-05 07:00:00,4548.24,4558.37,4543.39,4545.555,4.3392,0.537
2026-05-05 08:00:00,4545.645,4559.68,4545.49,4558.54,3.9866,0.54
2026-05-05 09:00:00,4558.52,4560.605,4551.125,4556.31,3.5896,0.537
2026-05-05 10:00:00,4556.305,4556.965,4540.195,4543.845,3.0924,0.507
2026-05-05 11:00:00,4543.86,4565.065,4540.0,4562.985,3.5359,0.464
2026-05-05 12:00:00,4562.685,4574.73,4554.305,4564.69,5.0266,0.526
2026-05-05 13:00:00,4564.385,4585.14,4564.33,4579.525,6.1063,0.637
2026-05-05 14:00:00,4580.704,4586.705,4566.0,4582.43,7.3651,0.638
2026-05-05 15:00:00,4582.455,4583.925,4568.45,4568.6,5.2352,0.558
2026-05-05 16:00:00,4568.585,4569.155,4553.845,4561.3,3.897,0.572
2026-05-05 17:00:00,4561.315,4562.89,4553.435,4559.98,4.0751,0.556
2026-05-05 18:00:00,4560.015,4565.945,4557.715,4561.155,2.9174,0.521
2026-05-05 19:00:00,4561.19,4561.635,4551.625,4554.795,2.8126,0.536
2026-05-05 20:00:00,4555.314,4560.168,4554.07,4556.05,1.2058,0.621
2026-05-05 22:00:00,4558.11,4577.32,4546.325,4573.4,1.9572,0.726
2026-05-05 23:00:00,4573.52,4595.77,4569.58,4594.12,3.2205,0.781
2026-05-06 00:00:00,4594.08,4620.16,4588.365,4618.815,3.7361,0.668
2026-05-06 01:00:00,4618.776,4629.045,4609.575,4626.24,4.0028,0.676
2026-05-06 02:00:00,4626.185,4641.93,4625.45,4640.805,3.2735,0.681
2026-05-06 03:00:00,4640.685,4652.035,4638.665,4643.795,2.938,0.656
2026-05-06 04:00:00,4643.815,4653.64,4643.546,4649.0,2.604,0.673
2026-05-06 05:00:00,4649.02,4663.924,4644.71,4663.205,3.1801,0.673
2026-05-06 06:00:00,4663.12,4669.974,4657.105,4669.47,3.123,0.59
2026-05-06 07:00:00,4669.51,4681.955,4657.535,4681.745,3.7456,0.588
2026-05-06 08:00:00,4681.395,4702.672,4671.635,4700.285,4.5499,0.553
2026-05-06 09:00:00,4700.634,4708.738,4689.145,4701.775,5.803,0.509
2026-05-06 10:00:00,4701.8,4723.1,4695.45,4718.04,5.448,0.447
2026-05-06 11:00:00,4718.055,4721.335,4690.932,4692.026,6.0552,0.504
2026-05-06 12:00:00,4692.205,4693.185,4660.46,4683.32,7.1393,0.564
2026-05-06 13:00:00,4683.345,4707.905,4668.94,4702.195,8.3532,0.548
2026-05-06 14:00:00,4702.046,4717.5,4697.705,4703.175,9.5657,0.534
2026-05-06 15:00:00,4703.125,4705.96,4687.89,4687.89,6.4291,0.524
2026-05-06 16:00:00,4687.74,4692.374,4679.64,4683.18,6.2475,0.501
2026-05-06 17:00:00,4683.265,4688.244,4679.065,4684.22,5.3962,0.487
2026-05-06 18:00:00,4684.29,4690.665,4682.015,4686.22,3.6747,0.506
2026-05-06 19:00:00,4686.245,4700.295,4686.195,4692.485,3.7333,0.524
2026-05-06 20:00:00,4692.44,4699.784,4685.31,4691.53,1.7597,0.585
2026-05-06 22:00:00,4693.518,4699.965,4689.47,4695.064,1.1626,0.707
2026-05-06 23:00:00,4695.044,4699.675,4690.485,4699.085,1.3791,0.746
2026-05-07 00:00:00,4699.035,4701.375,4685.57,4688.725,3.6351,0.684
2026-05-07 01:00:00,4688.845,4721.575,4685.31,4714.896,4.9548,0.678
2026-05-07 02:00:00,4714.912,4718.799,4699.965,4707.345,3.3419,0.683
2026-05-07 03:00:00,4707.125,4709.95,4698.96,4699.185,2.342,0.67
2026-05-07 04:00:00,4699.215,4701.04,4692.365,4696.535,2.1029,0.676
2026-05-07 05:00:00,4696.56,4706.71,4694.965,4701.24,2.6996,0.661
2026-05-07 06:00:00,4701.22,4750.145,4701.2,4739.18,4.0044,0.601
2026-05-07 07:00:00,4739.244,4750.695,4731.64,4743.335,6.8143,0.558
2026-05-07 08:00:00,4743.325,4753.555,4731.01,4731.158,5.4568,0.544
2026-05-07 09:00:00,4731.254,4739.565,4721.885,4729.12,4.5135,0.527
2026-05-07 10:00:00,4728.94,4739.955,4726.69,4735.8,4.2481,0.529
2026-05-07 11:00:00,4736.075,4743.815,4727.34,4742.875,5.2235,0.535
2026-05-07 12:00:00,4742.985,4752.715,4733.356,4750.22,6.8534,0.552
2026-05-07 13:00:00,4750.195,4758.3,4731.285,4746.365,8.3763,0.54
2026-05-07 14:00:00,4746.41,4763.49,4741.236,4762.84,7.9852,0.544
2026-05-07 15:00:00,4762.815,4764.855,4726.555,4729.325,8.3752,0.557
2026-05-07 16:00:00,4729.39,4729.83,4704.565,4715.15,8.8296,0.556
2026-05-07 17:00:00,4715.125,4719.73,4687.834,4711.605,9.056,0.555
2026-05-07 18:00:00,4711.545,4716.28,4695.565,4709.735,7.7634,0.539
2026-05-07 19:00:00,4709.775,4712.975,4697.91,4702.985,7.3049,0.542
2026-05-07 20:00:00,4703.01,4719.22,4684.98,4685.77,3.6319,0.62
2026-05-07 22:00:00,4680.724,4699.456,4676.952,4686.03,2.2793,0.823
2026-05-07 23:00:00,4685.925,4705.725,4684.69,4704.495,1.8739,0.794
2026-05-08 00:00:00,4704.435,4709.605,4694.195,4701.615,2.8838,0.7
2026-05-08 01:00:00,4701.465,4725.585,4700.63,4722.96,3.6086,0.692
2026-05-08 02:00:00,4723.035,4732.945,4706.98,4713.52,4.1033,0.65
2026-05-08 03:00:00,4713.465,4731.335,4711.26,4719.78,2.7217,0.665
2026-05-08 04:00:00,4719.775,4723.435,4709.04,4711.065,2.9861,0.66
2026-05-08 05:00:00,4711.185,4731.315,4709.7,4727.5,3.2942,0.681
2026-05-08 06:00:00,4727.51,4734.67,4712.605,4725.765,3.7714,0.589
2026-05-08 07:00:00,4725.492,4726.53,4697.1,4707.91,5.6101,0.572
2026-05-08 08:00:00,4707.94,4723.73,4706.68,4715.755,4.0343,0.575
2026-05-08 09:00:00,4715.765,4722.88,4707.565,4711.905,4.3181,0.605
2026-05-08 10:00:00,4711.935,4727.986,4711.235,4719.845,3.308,0.578
2026-05-08 11:00:00,4720.155,4727.48,4713.72,4717.875,3.2647,0.572
2026-05-08 12:00:00,4717.9,4732.05,4702.892,4724.505,6.6832,0.573
2026-05-08 13:00:00,4724.131,4748.005,4716.75,4747.955,8.2246,0.543
2026-05-08 14:00:00,4747.975,4749.6,4713.525,4716.01,8.0425,0.544
2026-05-08 15:00:00,4716.07,4721.14,4702.105,4707.185,6.6508,0.525
2026-05-08 16:00:00,4707.205,4720.295,4705.585,4712.565,4.6006,0.534
2026-05-08 17:00:00,4712.54,4722.89,4712.23,4720.995,3.8229,0.516
2026-05-08 18:00:00,4721.07,4729.105,4720.015,4722.035,3.917,0.536
2026-05-08 19:00:00,4722.005,4726.945,4721.05,4724.07,3.0678,0.535
2026-05-08 20:00:00,4724.075,4724.425,4713.318,4715.47,1.915,0.801
2026-05-10 22:00:00,4683.048,4701.29,4678.805,4691.879,2.4331,0.797
2026-05-10 23:00:00,4691.805,4698.725,4688.925,4691.85,2.2039,0.839
2026-05-11 00:00:00,4691.78,4693.385,4670.49,4683.635,3.5371,0.705
2026-05-11 01:00:00,4683.425,4705.565,4674.61,4685.725,5.7706,0.705
2026-05-11 02:00:00,4686.02,4700.384,4676.675,4681.83,4.3962,0.686
2026-05-11 03:00:00,4681.8,4690.555,4675.222,4678.8,3.0131,0.673
2026-05-11 04:00:00,4678.785,4679.98,4668.5,4672.2,2.4864,0.67
2026-05-11 05:00:00,4672.18,4680.998,4648.195,4652.468,4.0413,0.662
2026-05-11 06:00:00,4652.465,4680.55,4649.405,4678.6,3.8388,0.587
2026-05-11 07:00:00,4678.55,4680.44,4664.505,4667.875,3.8352,0.541
2026-05-11 08:00:00,4667.865,4678.845,4664.26,4667.675,4.0624,0.535
2026-05-11 09:00:00,4667.74,4670.095,4650.59,4656.969,3.3743,0.526
2026-05-11 10:00:00,4656.875,4667.62,4656.48,4664.146,3.287,0.535
2026-05-11 11:00:00,4664.338,4677.435,4664.174,4674.56,3.8033,0.507
2026-05-11 12:00:00,4674.935,4701.36,4667.54,4700.145,6.4603,0.539
2026-05-11 13:00:00,4700.09,4748.715,4698.785,4736.315,8.7842,0.535
2026-05-11 14:00:00,4736.115,4738.516,4715.25,4725.685,7.3998,0.541
2026-05-11 15:00:00,4725.715,4738.375,4722.905,4732.255,5.4373,0.534
2026-05-11 16:00:00,4732.424,4733.665,4708.025,4716.665,4.584,0.542
2026-05-11 17:00:00,4716.56,4724.725,4716.11,4723.825,3.5126,0.546
2026-05-11 18:00:00,4723.795,4729.49,4721.11,4725.02,2.8849,0.536
2026-05-11 19:00:00,4725.105,4736.312,4722.522,4733.605,3.3191,0.537
2026-05-11 20:00:00,4733.63,4738.65,4730.025,4735.66,1.3308,0.601
2026-05-11 22:00:00,4736.842,4755.27,4735.425,4751.074,1.3178,0.73
2026-05-11 23:00:00,4751.418,4769.748,4746.285,4767.46,2.0549,0.743
2026-05-12 00:00:00,4767.445,4773.645,4748.56,4749.43,4.0024,0.637
2026-05-12 01:00:00,4749.455,4755.715,4720.49,4727.245,5.418,0.691
2026-05-12 02:00:00,4727.215,4733.93,4722.38,4730.105,3.9652,0.687
2026-05-12 03:00:00,4730.155,4733.44,4718.245,4720.28,2.5701,0.684
2026-05-12 04:00:00,4720.25,4730.47,4711.335,4714.33,2.3346,0.692
2026-05-12 05:00:00,4714.28,4722.135,4708.815,4714.375,3.8331,0.67
2026-05-12 06:00:00,4714.38,4714.405,4694.53,4697.095,4.1935,0.602
2026-05-12 07:00:00,4697.15,4703.96,4687.26,4699.905,5.1271,0.521
2026-05-12 08:00:00,4699.96,4706.994,4697.26,4703.54,3.8017,0.52
2026-05-12 09:00:00,4703.52,4705.375,4694.225,4699.58,3.9117,0.519
2026-05-12 10:00:00,4699.57,4708.545,4685.215,4694.5,4.024,0.528
2026-05-12 11:00:00,4694.515,4709.285,4687.25,4706.665,4.8608,0.539
2026-05-12 12:00:00,4706.76,4711.71,4689.75,4705.83,6.3585,0.552
2026-05-12 13:00:00,4705.76,4709.15,4676.955,4679.355,9.0836,0.55
2026-05-12 14:00:00,4679.315,4695.235,4669.595,4672.985,8.6907,0.526
2026-05-12 15:00:00,4672.93,4676.225,4638.53,4666.265,8.9681,0.529
2026-05-12 16:00:00,4666.24,4675.19,4664.31,4671.235,6.294,0.542
2026-05-12 17:00:00,4671.42,4682.435,4671.205,4678.86,5.1801,0.528
2026-05-12 18:00:00,4678.835,4698.21,4676.33,4696.05,5.1726,0.532
2026-05-12 19:00:00,4696.165,4715.782,4696.165,4715.705,4.105,0.569
2026-05-12 20:00:00,4715.665,4719.415,4712.2,4714.75,1.7993,0.639
2026-05-12 22:00:00,4716.08,4722.482,4707.402,4716.994,1.536,1.02
2026-05-12 23:00:00,4717.015,4724.095,4715.305,4717.045,2.9309,0.777
2026-05-13 00:00:00,4717.25,4726.956,4714.23,4714.73,3.1629,0.709
2026-05-13 01:00:00,4714.76,4717.365,4701.14,4702.535,4.1915,0.692
2026-05-13 02:00:00,4702.555,4707.705,4687.562,4691.985,4.765,0.601
2026-05-13 03:00:00,4692.11,4705.985,4689.05,4696.065,3.7883,0.564
2026-05-13 04:00:00,4696.07,4703.5,4695.58,4699.59,2.7779,0.557
2026-05-13 05:00:00,4699.595,4707.375,4693.63,4704.305,4.1115,0.623
2026-05-13 06:00:00,4704.28,4715.535,4699.206,4701.875,3.2195,0.591
2026-05-13 07:00:00,4701.945,4708.955,4696.84,4702.865,3.4774,0.566
2026-05-13 08:00:00,4702.785,4704.3,4694.48,4700.81,3.4875,0.557
2026-05-13 09:00:00,4700.83,4702.005,4686.055,4701.124,3.6299,0.567
2026-05-13 10:00:00,4701.125,4710.67,4693.84,4694.255,3.4802,0.569
2026-05-13 11:00:00,4694.215,4705.52,4691.635,4697.485,3.6102,0.497
2026-05-13 12:00:00,4697.265,4701.565,4676.34,4683.88,6.5396,0.508
2026-05-13 13:00:00,4683.62,4694.765,4669.64,4680.72,6.8593,0.422
2026-05-13 14:00:00,4679.505,4691.076,4672.945,4679.82,7.5389,0.431
2026-05-13 15:00:00,4679.87,4700.245,4679.04,4695.625,5.5291,0.45
2026-05-13 16:00:00,4695.63,4709.9,4695.09,4695.745,5.1705,0.531
2026-05-13 17:00:00,4695.84,4701.35,4684.55,4685.605,4.2669,0.498
2026-05-13 18:00:00,4685.615,4694.09,4677.685,4685.005,3.915,0.515
2026-05-13 19:00:00,4685.08,4690.63,4683.415,4688.335,3.3971,0.539
2026-05-13 20:00:00,4688.27,4693.565,4686.125,4688.91,1.2467,0.564
2026-05-13 22:00:00,4690.775,4700.647,4689.046,4700.185,1.1721,0.702
2026-05-13 23:00:00,4700.162,4702.205,4693.4,4696.755,1.0922,0.753
2026-05-14 00:00:00,4696.725,4706.83,4689.565,4705.08,3.0219,0.681
2026-05-14 01:00:00,4705.11,4707.21,4683.6,4688.97,6.3479,0.627
2026-05-14 02:00:00,4688.98,4699.824,4680.005,4686.41,4.9132,0.781
2026-05-14 03:00:00,4686.495,4693.475,4674.115,4675.11,4.4527,0.852
2026-05-14 04:00:00,4675.155,4712.922,4668.595,4702.475,4.3908,0.931
2026-05-14 05:00:00,4702.53,4704.25,4688.94,4689.74,4.2861,0.867
2026-05-14 06:00:00,4689.496,4702.478,4686.406,4700.27,4.7354,0.825
2026-05-14 07:00:00,4700.025,4718.842,4690.92,4693.365,4.5706,0.625
2026-05-14 08:00:00,4693.255,4706.735,4692.285,4693.395,4.1651,0.622
2026-05-14 09:00:00,4693.505,4702.725,4688.58,4699.665,3.4183,0.495
2026-05-14 10:00:00,4699.71,4705.454,4691.215,4697.015,3.587,0.437
2026-05-14 11:00:00,4697.08,4704.959,4689.322,4694.515,3.5661,0.633
2026-05-14 12:00:00,4693.887,4710.186,4692.412,4705.002,6.5281,0.839
2026-05-14 13:00:00,4704.94,4707.807,4666.47,4679.695,12.6071,0.818
2026-05-14 14:00:00,4679.655,4701.065,4677.735,4679.644,9.4678,0.844
2026-05-14 15:00:00,4679.65,4689.475,4677.108,4685.974,5.9818,0.782
2026-05-14 16:00:00,4685.872,4687.072,4670.358,4678.635,5.5696,0.793
2026-05-14 17:00:00,4678.758,4683.072,4676.494,4678.326,4.9328,0.821
2026-05-14 18:00:00,4678.432,4678.456,4666.9,4671.704,3.6311,0.722
2026-05-14 19:00:00,4671.894,4671.96,4653.115,4654.275,5.2644,0.75
2026-05-14 20:00:00,4654.27,4657.192,4644.445,4650.145,2.864,0.881
2026-05-14 22:00:00,4652.635,4662.898,4646.925,4662.465,1.942,0.884
2026-05-14 23:00:00,4662.525,4665.49,4647.002,4652.31,2.4493,0.757
2026-05-15 00:00:00,4652.27,4658.475,4613.61,4630.226,5.365,0.765
2026-05-15 01:00:00,4630.475,4631.575,4607.38,4614.16,8.055,0.738
2026-05-15 02:00:00,4614.34,4623.545,4609.4,4618.16,6.2344,0.598
2026-05-15 03:00:00,4618.145,4622.435,4607.51,4615.53,4.7617,0.57
2026-05-15 04:00:00,4615.565,4621.75,4604.425,4605.895,3.9078,0.566
2026-05-15 05:00:00,4606.305,4606.585,4558.563,4558.785,6.8086,0.678
2026-05-15 06:00:00,4558.77,4580.64,4556.535,4569.865,6.2145,0.598
2026-05-15 07:00:00,4570.1,4588.845,4566.05,4570.945,5.6734,0.551
2026-05-15 08:00:00,4570.86,4572.19,4550.125,4554.58,6.4605,0.538
2026-05-15 09:00:00,4554.47,4563.98,4532.005,4546.02,7.0788,0.568
2026-05-15 10:00:00,4546.045,4572.75,4544.265,4566.15,6.5687,0.542
2026-05-15 11:00:00,4566.085,4570.315,4549.93,4552.125,5.4645,0.517
2026-05-15 12:00:00,4552.09,4558.865,4543.81,4545.965,6.8965,0.498
2026-05-15 13:00:00,4545.945,4557.725,4511.7,4533.56,9.507,0.55
2026-05-15 14:00:00,4533.495,4566.78,4525.445,4562.82,9.9842,0.45
2026-05-15 15:00:00,4562.82,4563.81,4533.89,4540.055,8.5201,0.474
2026-05-15 16:00:00,4540.06,4548.265,4529.55,4544.53,6.2258,0.538
2026-05-15 17:00:00,4544.515,4564.59,4543.4,4559.715,5.363,0.504
2026-05-15 18:00:00,4559.76,4563.205,4552.48,4559.39,4.9296,0.477
2026-05-15 19:00:00,4559.4,4560.215,4544.96,4545.88,4.639,0.542
2026-05-15 20:00:00,4545.935,4546.435,4533.23,4539.77,2.4638,0.728
2026-05-17 22:00:00,4534.6,4555.03,4529.0,4546.302,2.708,0.855
2026-05-17 23:00:00,4546.307,4548.15,4532.115,4537.145,3.4163,0.794
2026-05-18 00:00:00,4537.175,4542.665,4480.41,4516.105,6.1958,0.713
2026-05-18 01:00:00,4514.92,4535.64,4489.62,4525.58,8.347,0.711
2026-05-18 02:00:00,4525.545,4542.92,4522.095,4533.785,5.6895,0.727
2026-05-18 03:00:00,4533.675,4548.235,4525.32,4541.29,5.6486,0.651
2026-05-18 04:00:00,4541.23,4549.995,4530.105,4540.745,4.9766,0.616
2026-05-18 05:00:00,4540.81,4552.085,4530.01,4531.04,5.3339,0.687
2026-05-18 06:00:00,4531.045,4548.235,4529.805,4546.95,5.1852,0.71
2026-05-18 07:00:00,4546.915,4559.955,4538.47,4546.43,5.7055,0.577
2026-05-18 08:00:00,4546.415,4557.105,4542.422,4550.02,4.7022,0.568
2026-05-18 09:00:00,4549.825,4552.07,4540.215,4543.015,3.8853,0.596
2026-05-18 10:00:00,4543.025,4547.85,4532.255,4540.31,4.4188,0.586
2026-05-18 11:00:00,4540.305,4567.102,4530.12,4550.75,6.4098,0.572
2026-05-18 12:00:00,4550.875,4575.13,4545.28,4571.315,7.2247,0.536
2026-05-18 13:00:00,4571.36,4584.285,4561.97,4575.75,9.1701,0.525
2026-05-18 14:00:00,4575.79,4575.79,4537.735,4546.645,9.5259,0.546
2026-05-18 15:00:00,4546.59,4548.085,4531.88,4543.67,8.1529,0.549
2026-05-18 16:00:00,4543.665,4554.66,4534.055,4550.235,6.4246,0.538
2026-05-18 17:00:00,4550.186,4558.33,4545.765,4547.14,4.6837,0.536
2026-05-18 18:00:00,4547.16,4547.92,4534.27,4535.83,4.6243,0.535
2026-05-18 19:00:00,4535.805,4565.065,4535.305,4558.54,7.2253,0.536
2026-05-18 20:00:00,4559.085,4567.295,4557.925,4567.105,1.4917,0.608
2026-05-18 22:00:00,4568.564,4578.595,4567.432,4573.925,1.1842,0.711
2026-05-18 23:00:00,4573.835,4589.158,4573.778,4581.958,2.3941,0.753
2026-05-19 00:00:00,4582.154,4589.635,4561.575,4563.515,3.8252,0.704
2026-05-19 01:00:00,4563.461,4572.425,4554.322,4563.905,4.9377,0.688
2026-05-19 02:00:00,4563.935,4563.935,4546.075,4547.215,4.3031,0.688
2026-05-19 03:00:00,4547.388,4555.315,4543.66,4545.28,3.0478,0.682
2026-05-19 04:00:00,4545.335,4545.885,4538.015,4542.555,2.6648,0.676
2026-05-19 05:00:00,4542.615,4546.625,4531.075,4540.96,4.4217,0.677
2026-05-19 06:00:00,4541.005,4554.01,4533.68,4548.13,4.5473,0.637
2026-05-19 07:00:00,4548.085,4559.41,4541.42,4557.245,4.8373,0.565
2026-05-19 08:00:00,4557.514,4559.335,4536.32,4542.81,4.2806,0.586
2026-05-19 09:00:00,4542.73,4547.01,4536.225,4541.88,4.5188,0.591
2026-05-19 10:00:00,4541.905,4544.825,4525.61,4544.825,4.2798,0.578
2026-05-19 11:00:00,4544.65,4548.025,4529.95,4530.815,4.273,0.592
2026-05-19 12:00:00,4530.685,4547.284,4527.381,4537.22,5.2032,0.58
2026-05-19 13:00:00,4537.235,4537.6,4464.994,4504.195,10.205,0.693
2026-05-19 14:00:00,4503.592,4514.27,4484.6,4494.2,10.3634,0.571
2026-05-19 15:00:00,4494.21,4509.375,4489.795,4508.53,7.9207,0.528
2026-05-19 16:00:00,4508.555,4512.565,4496.24,4507.805,5.0086,0.542
2026-05-19 17:00:00,4507.79,4511.158,4499.195,4500.902,4.1696,0.519
2026-05-19 18:00:00,4500.912,4503.88,4490.29,4493.74,4.6481,0.513
2026-05-19 19:00:00,4493.63,4497.848,4481.3,4483.525,4.9116,0.518
2026-05-19 20:00:00,4483.51,4488.335,4481.05,4482.41,1.6681,0.577
2026-05-19 22:00:00,4483.95,4489.24,4477.32,4484.43,1.3718,0.723
2026-05-19 23:00:00,4484.315,4496.445,4480.0,4489.39,1.6909,0.749
2026-05-20 00:00:00,4489.41,4509.085,4479.76,4500.995,4.9061,0.686
2026-05-20 01:00:00,4500.965,4506.255,4456.01,4481.545,7.6031,0.64
2026-05-20 02:00:00,4481.834,4487.228,4458.565,4465.505,6.6708,0.723
2026-05-20 03:00:00,4465.52,4467.42,4453.545,4463.78,4.733,0.824
2026-05-20 04:00:00,4463.805,4470.835,4456.735,4462.254,3.4694,0.84
2026-05-20 05:00:00,4462.105,4479.28,4461.765,4472.896,4.9568,0.81
2026-05-20 06:00:00,4472.955,4478.615,4461.615,4474.43,5.9318,0.781
2026-05-20 07:00:00,4474.395,4486.045,4472.036,4478.69,5.1324,0.578
2026-05-20 08:00:00,4478.665,4490.358,4476.796,4484.284,5.0839,0.579
2026-05-20 09:00:00,4484.264,4491.26,4472.75,4484.935,4.7603,0.584
2026-05-20 10:00:00,4484.915,4497.052,4484.635,4494.705,3.7641,0.559
2026-05-20 11:00:00,4494.69,4501.195,4490.985,4499.265,4.8755,0.564
2026-05-20 12:00:00,4499.2,4505.48,4493.07,4496.235,4.9112,0.569
2026-05-20 13:00:00,4496.25,4506.255,4482.072,4483.17,8.1415,0.584
2026-05-20 14:00:00,4483.155,4537.305,4467.156,4531.414,10.0998,0.678
2026-05-20 15:00:00,4531.515,4552.95,4523.245,4529.202,8.8303,0.562
2026-05-20 16:00:00,4529.227,4535.725,4524.215,4534.585,4.7387,0.563
2026-05-20 17:00:00,4534.59,4538.485,4529.955,4531.495,3.6903,0.571
2026-05-20 18:00:00,4531.445,4545.102,4529.42,4542.426,3.2664,0.532
2026-05-20 19:00:00,4542.325,4550.29,4541.665,4545.845,2.8262,0.53
2026-05-20 20:00:00,4545.79,4550.594,4542.15,4544.205,2.369,0.667
2026-05-20 22:00:00,4545.038,4548.97,4535.415,4539.995,2.1157,0.805
2026-05-20 23:00:00,4540.025,4547.028,4534.605,4546.535,1.8536,0.765
2026-05-21 00:00:00,4546.522,4553.415,4537.435,4545.3,3.3946,0.688
2026-05-21 01:00:00,4545.28,4570.965,4540.044,4561.075,5.3115,0.742
2026-05-21 02:00:00,4561.105,4564.93,4531.695,4533.27,4.5829,0.733
2026-05-21 03:00:00,4533.245,4540.4,4527.43,4528.365,3.0359,0.735
2026-05-21 04:00:00,4528.3,4540.77,4527.43,4538.655,1.8912,0.758
2026-05-21 05:00:00,4538.675,4540.72,4518.555,4528.14,4.2326,0.683
2026-05-21 06:00:00,4528.095,4539.98,4518.915,4521.67,4.312,0.591
2026-05-21 07:00:00,4521.71,4524.564,4511.97,4519.701,3.3431,0.582
2026-05-21 08:00:00,4519.715,4536.884,4518.38,4532.595,5.7417,0.52
2026-05-21 09:00:00,4532.57,4542.86,4527.875,4530.745,4.6392,0.536
2026-05-21 10:00:00,4530.755,4535.57,4504.995,4511.665,6.7552,0.546
2026-05-21 11:00:00,4511.69,4521.37,4508.185,4514.18,5.6216,0.539
2026-05-21 12:00:00,4514.17,4519.415,4502.188,4504.19,6.5574,0.56
2026-05-21 13:00:00,4504.18,4521.25,4488.6,4513.345,8.9527,0.566
2026-05-21 14:00:00,4513.37,4515.48,4498.285,4508.9,10.1082,0.534
2026-05-21 15:00:00,4508.885,4515.565,4496.84,4511.985,8.0883,0.548
2026-05-21 16:00:00,4512.0,4520.988,4512.0,4519.535,5.8238,0.523
2026-05-21 17:00:00,4519.61,4559.31,4514.262,4551.59,8.534,0.541
2026-05-21 18:00:00,4551.65,4556.205,4527.52,4532.055,7.8038,0.552
2026-05-21 19:00:00,4532.235,4543.95,4529.762,4543.235,5.606,0.543
2026-05-21 20:00:00,4543.215,4544.83,4539.88,4542.71,1.4419,0.596
2026-05-21 22:00:00,4545.63,4546.145,4539.725,4543.43,0.8137,0.735
2026-05-21 23:00:00,4543.41,4545.165,4532.465,4535.555,1.3575,0.763
2026-05-22 00:00:00,4535.59,4541.27,4525.576,4526.752,3.4861,0.706
2026-05-22 01:00:00,4526.711,4536.485,4521.16,4526.465,4.2999,0.688
2026-05-22 02:00:00,4526.455,4529.65,4518.54,4523.23,3.4341,0.673
2026-05-22 03:00:00,4523.27,4530.198,4519.142,4529.605,2.7418,0.669
2026-05-22 04:00:00,4529.715,4533.18,4525.615,4527.265,2.9145,0.677
2026-05-22 05:00:00,4527.24,4534.425,4507.266,4511.365,3.7395,0.746
2026-05-22 06:00:00,4511.505,4528.935,4510.01,4526.77,4.9548,0.717
2026-05-22 07:00:00,4526.795,4527.555,4516.255,4521.871,4.3217,0.523
2026-05-22 08:00:00,4522.365,4531.29,4517.06,4521.975,4.615,0.569
2026-05-22 09:00:00,4521.99,4536.105,4514.832,4532.245,3.9608,0.573
2026-05-22 10:00:00,4532.38,4536.885,4510.23,4514.59,3.8311,0.56
2026-05-22 11:00:00,4514.5,4525.25,4511.565,4520.765,3.7246,0.557
2026-05-22 12:00:00,4520.62,4536.28,4515.13,4528.37,6.1335,0.574
2026-05-22 13:00:00,4528.813,4534.47,4510.41,4513.83,7.7404,0.584
2026-05-22 14:00:00,4513.87,4513.87,4491.945,4500.645,8.2726,0.542
2026-05-22 15:00:00,4500.725,4522.375,4500.39,4520.19,5.8913,0.561
2026-05-22 16:00:00,4520.075,4526.905,4512.42,4515.09,4.5377,0.554
2026-05-22 17:00:00,4515.154,4528.032,4513.14,4519.295,5.5786,0.551
2026-05-22 18:00:00,4519.37,4520.53,4511.95,4515.344,3.8275,0.58
2026-05-22 19:00:00,4515.318,4516.035,4504.406,4508.356,3.7465,0.648
2026-05-22 20:00:00,4508.38,4510.674,4504.186,4509.64,1.5633,0.809
2026-05-24 22:00:00,4536.8,4565.863,4534.33,4565.33,4.637,0.809
2026-05-24 23:00:00,4565.336,4580.34,4565.078,4567.08,4.9672,0.717
2026-05-25 00:00:00,4567.105,4579.635,4566.245,4569.576,3.3451,0.662
2026-05-25 01:00:00,4569.536,4576.495,4560.412,4562.965,4.7844,0.639
2026-05-25 02:00:00,4562.9,4570.34,4558.88,4561.52,2.9207,0.685
2026-05-25 03:00:00,4561.58,4564.55,4556.602,4559.722,2.5984,0.655
2026-05-25 04:00:00,4559.776,4565.928,4559.352,4565.09,1.7329,0.612
2026-05-25 05:00:00,4565.035,4566.274,4551.926,4553.495,2.3617,0.673
2026-05-25 06:00:00,4553.51,4563.415,4550.61,4562.565,2.5234,0.581
2026-05-25 07:00:00,4562.615,4565.324,4552.55,4564.815,2.7079,0.588
2026-05-25 08:00:00,4564.825,4565.162,4553.486,4556.182,2.1246,0.537
2026-05-25 09:00:00,4556.12,4569.278,4554.965,4567.672,1.6808,0.533
2026-05-25 10:00:00,4567.755,4573.875,4567.725,4568.71,1.4009,0.571
2026-05-25 11:00:00,4568.955,4577.15,4567.695,4569.505,1.3229,0.582
2026-05-25 12:00:00,4569.461,4570.415,4553.012,4567.74,2.589,0.581
2026-05-25 13:00:00,4567.705,4571.595,4560.145,4563.182,2.8004,0.568
2026-05-25 14:00:00,4563.08,4570.74,4562.365,4566.91,2.142,0.567
2026-05-25 15:00:00,4566.92,4574.906,4565.776,4571.025,2.0244,0.611
2026-05-25 16:00:00,4571.03,4574.755,4568.067,4573.61,1.15,0.571
2026-05-25 17:00:00,4573.45,4578.098,4563.36,4565.1,1.0022,0.625
2026-05-25 18:00:00,4565.125,4571.72,4564.345,4569.98,0.3751,0.606
2026-05-25 22:00:00,4570.0,4576.855,4569.75,4575.146,1.4162,0.708
2026-05-25 23:00:00,4575.025,4580.549,4555.18,4559.77,2.9058,0.725
2026-05-26 00:00:00,4559.905,4560.124,4539.495,4549.7,3.7847,0.689
2026-05-26 01:00:00,4549.73,4550.41,4527.74,4537.065,5.9314,0.598
2026-05-26 02:00:00,4536.935,4539.685,4530.11,4532.385,3.4724,0.555
2026-05-26 03:00:00,4532.4,4545.595,4532.14,4542.504,2.5641,0.575
2026-05-26 04:00:00,4542.525,4543.37,4523.505,4525.555,2.3202,0.564
2026-05-26 05:00:00,4525.41,4535.295,4522.93,4527.325,3.9449,0.558
2026-05-26 06:00:00,4527.28,4536.275,4527.085,4531.075,3.9838,0.528
2026-05-26 07:00:00,4531.105,4539.16,4521.73,4538.365,4.9596,0.496
2026-05-26 08:00:00,4538.375,4539.062,4520.105,4523.88,4.0406,0.522
2026-05-26 09:00:00,4523.895,4526.56,4512.227,4522.865,4.2025,0.54
2026-05-26 10:00:00,4522.89,4540.64,4519.615,4534.55,4.4845,0.561
2026-05-26 11:00:00,4534.555,4536.435,4503.81,4507.394,4.9467,0.568
2026-05-26 12:00:00,4507.245,4523.83,4500.725,4520.415,5.5667,0.545
2026-05-26 13:00:00,4520.366,4531.45,4512.315,4514.445,6.8045,0.572
2026-05-26 14:00:00,4514.56,4525.104,4507.935,4515.444,6.3841,0.56
2026-05-26 15:00:00,4515.438,4515.67,4502.39,4506.55,5.9059,0.563
2026-05-26 16:00:00,4506.588,4511.381,4499.764,4504.99,3.9651,0.565
2026-05-26 17:00:00,4504.985,4507.815,4489.97,4491.22,3.4263,0.563
2026-05-26 18:00:00,4491.19,4499.619,4482.58,4499.4,3.5139,0.503
2026-05-26 19:00:00,4499.415,4510.012,4497.805,4509.055,2.6514,0.559
2026-05-26 20:00:00,4509.015,4510.72,4504.14,4506.415,1.1389,0.681
2026-05-26 22:00:00,4537.682,4538.82,4497.99,4511.085,2.4348,1.872
2026-05-26 23:00:00,4511.08,4527.905,4504.55,4519.645,2.1418,0.779
2026-05-27 00:00:00,4519.572,4525.99,4514.14,4515.28,2.7028,0.746
2026-05-27 01:00:00,4515.255,4521.195,4507.06,4508.145,3.7463,0.745
2026-05-27 02:00:00,4508.175,4509.705,4498.11,4505.95,2.7584,0.752
2026-05-27 03:00:00,4505.965,4512.085,4496.74,4497.17,2.2347,0.735
2026-05-27 04:00:00,4497.195,4517.385,4495.865,4510.245,2.2616,0.744
2026-05-27 05:00:00,4510.27,4513.932,4491.715,4497.605,5.3124,0.734
2026-05-27 06:00:00,4497.565,4499.25,4479.73,4485.284,6.2235,0.728
2026-05-27 07:00:00,4485.558,4489.35,4475.885,4482.105,3.4864,0.57
2026-05-27 08:00:00,4482.165,4498.9,4481.807,4497.995,3.6145,0.538
2026-05-27 09:00:00,4497.985,4497.985,4487.125,4490.215,2.6693,0.525
2026-05-27 10:00:00,4490.192,4490.685,4442.715,4445.955,4.7462,0.534
2026-05-27 11:00:00,4445.99,4453.41,4425.045,4428.795,5.694,0.558
2026-05-27 12:00:00,4428.77,4466.695,4427.58,4439.015,7.1524,0.576
2026-05-27 13:00:00,4438.885,4439.215,4401.598,4427.574,9.4388,0.554
2026-05-27 14:00:00,4427.568,4455.562,4426.13,4434.095,8.3816,0.557
2026-05-27 15:00:00,4434.065,4441.58,4428.16,4436.625,5.9477,0.532
2026-05-27 16:00:00,4436.59,4453.4,4434.255,4450.912,3.7594,0.53
2026-05-27 17:00:00,4450.93,4454.42,4441.56,4450.43,3.8149,0.532
2026-05-27 18:00:00,4450.445,4458.395,4447.735,4454.436,2.3335,0.525
2026-05-27 19:00:00,4454.416,4454.884,4448.87,4450.915,2.539,0.51
2026-05-27 20:00:00,4450.965,4458.972,4450.15,4454.575,1.1963,0.646
2026-05-27 22:00:00,4457.86,4466.918,4455.32,4457.576,0.9684,0.749
2026-05-27 23:00:00,4457.592,4457.91,4443.945,4447.328,2.2021,0.795
2026-05-28 00:00:00,4447.318,4457.98,4443.566,4457.202,3.2005,0.759
2026-05-28 01:00:00,4457.195,4458.828,4406.932,4410.012,6.7313,0.881
2026-05-28 02:00:00,4410.022,4412.72,4392.675,4394.446,6.085,0.81
2026-05-28 03:00:00,4394.456,4398.0,4368.51,4374.93,5.9344,0.848
2026-05-28 04:00:00,4374.92,4382.095,4366.451,4373.135,4.2639,0.91
2026-05-28 05:00:00,4373.218,4395.906,4367.205,4388.138,4.9248,0.863
2026-05-28 06:00:00,4388.195,4390.67,4374.21,4383.576,4.384,0.827
2026-05-28 07:00:00,4383.67,4396.39,4382.955,4387.635,4.971,0.856
2026-05-28 08:00:00,4387.596,4395.012,4385.955,4387.0,2.2676,0.657
2026-05-28 09:00:00,4386.881,4399.165,4386.53,4393.73,2.5985,0.636
2026-05-28 10:00:00,4393.78,4404.14,4375.166,4383.11,3.1126,0.646
2026-05-28 11:00:00,4383.13,4390.748,4380.925,4388.115,2.7029,0.666
2026-05-28 12:00:00,4388.204,4433.93,4379.655,4432.236,4.2447,0.646
2026-05-28 13:00:00,4432.395,4439.24,4418.355,4430.54,6.1336,0.745
2026-05-28 14:00:00,4430.285,4480.605,4420.855,4469.432,9.9752,0.862
2026-05-28 15:00:00,4469.718,4485.275,4468.705,4482.39,6.1866,0.829
2026-05-28 16:00:00,4482.424,4511.13,4477.7,4511.048,6.3694,0.758
2026-05-28 17:00:00,4511.094,4514.575,4501.302,4509.062,5.0532,0.672
2026-05-28 18:00:00,4509.07,4516.656,4498.656,4501.162,4.6431,0.664
2026-05-28 19:00:00,4501.156,4503.89,4497.344,4498.102,3.1982,0.741
2026-05-28 20:00:00,4497.976,4500.776,4494.995,4496.135,1.97,0.869
2026-05-28 22:00:00,4496.775,4499.915,4491.165,4491.332,1.6049,1.004
2026-05-28 23:00:00,4491.31,4497.14,4489.215,4495.264,2.0945,1.029
2026-05-29 00:00:00,4495.294,4500.74,4492.198,4496.3,3.648,0.807
2026-05-29 01:00:00,4496.27,4520.82,4492.345,4506.69,4.7665,0.725
2026-05-29 02:00:00,4506.705,4511.375,4498.495,4501.895,2.9648,0.73
2026-05-29 03:00:00,4501.785,4502.06,4494.895,4501.455,2.8636,0.72
2026-05-29 04:00:00,4501.435,4515.035,4501.255,4514.28,2.2846,0.705
2026-05-29 05:00:00,4514.22,4516.115,4502.66,4514.945,2.7579,0.682
2026-05-29 06:00:00,4514.975,4524.345,4509.995,4523.86,3.0884,0.628
2026-05-29 07:00:00,4523.81,4526.37,4510.84,4524.84,2.9935,0.588
2026-05-29 08:00:00,4524.645,4524.94,4509.96,4515.03,2.7901,0.578
2026-05-29 09:00:00,4515.06,4539.598,4513.35,4531.255,3.1305,0.586
2026-05-29 10:00:00,4531.036,4543.345,4525.562,4538.7,2.7399,0.582
2026-05-29 11:00:00,4538.482,4540.58,4525.86,4538.5,2.949,0.566
2026-05-29 12:00:00,4538.585,4538.705,4512.79,4523.095,3.95,0.596
2026-05-29 13:00:00,4523.175,4540.955,4517.135,4536.94,5.114,0.609
2026-05-29 14:00:00,4536.995,4570.744,4525.37,4564.31,7.3768,0.576
2026-05-29 15:00:00,4564.18,4595.715,4557.355,4571.215,4.9853,0.939
2026-05-29 16:00:00,4571.23,4573.555,4560.105,4567.045,2.4408,0.932
2026-05-29 17:00:00,4567.305,4568.6,4551.57,4553.505,2.0274,0.958
2026-05-29 18:00:00,4553.295,4561.715,4550.41,4553.44,1.6445,0.954
2026-05-29 19:00:00,4553.29,4560.34,4542.76,4545.545,1.5939,0.988
2026-05-29 20:00:00,4545.405,4549.185,4537.788,4538.35,0.9642,1.163
2026-05-31 22:00:00,4522.328,4540.54,4518.25,4535.385,2.4618,0.812
2026-05-31 23:00:00,4535.422,4545.845,4535.165,4539.695,2.7588,0.814
2026-06-01 00:00:00,4539.66,4546.06,4535.345,4540.865,2.704,0.734
2026-06-01 01:00:00,4540.635,4541.585,4523.88,4525.615,3.9932,0.72
2026-06-01 02:00:00,4525.52,4534.725,4521.28,4521.56,3.4213,0.71
2026-06-01 03:00:00,4521.59,4525.674,4509.98,4516.515,2.6204,0.736
2026-06-01 04:00:00,4516.475,4519.894,4508.755,4514.51,1.8266,0.707
2026-06-01 05:00:00,4514.545,4525.455,4512.725,4518.285,2.892,0.697
2026-06-01 06:00:00,4518.26,4518.755,4500.41,4501.82,3.5643,0.628
2026-06-01 07:00:00,4501.605,4510.098,4492.505,4503.275,2.731,0.621
2026-06-01 08:00:00,4503.25,4504.685,4490.5,4498.165,2.3311,0.622
2026-06-01 09:00:00,4498.015,4506.49,4489.27,4496.09,2.4939,0.588
2026-06-01 10:00:00,4496.1,4511.075,4496.1,4504.07,2.2392,0.552
2026-06-01 11:00:00,4504.065,4513.05,4499.915,4505.88,2.6489,0.558
2026-06-01 12:00:00,4505.925,4510.61,4497.555,4502.3,3.3279,0.587
2026-06-01 13:00:00,4502.544,4504.055,4448.71,4450.3,7.8931,0.664
2026-06-01 14:00:00,4449.16,4465.43,4447.87,4458.825,5.9994,0.526
2026-06-01 15:00:00,4458.845,4479.915,4455.754,4474.25,4.6321,0.512
2026-06-01 16:00:00,4474.185,4482.22,4463.05,4480.15,3.5216,0.556
2026-06-01 17:00:00,4480.135,4495.58,4471.475,4487.595,4.2584,0.555
2026-06-01 18:00:00,4487.68,4490.285,4484.865,4486.735,2.0497,0.536
2026-06-01 19:00:00,4486.67,4488.3,4479.15,4481.24,2.7075,0.568
2026-06-01 20:00:00,4481.245,4485.905,4480.256,4485.025,1.1332,0.618
2026-06-01 22:00:00,4488.2,4488.694,4479.785,4485.945,1.0613,0.77
2026-06-01 23:00:00,4485.6,4488.424,4479.425,4484.63,1.158,0.821
2026-06-02 00:00:00,4484.794,4497.365,4476.815,4481.546,3.145,0.741
2026-06-02 01:00:00,4481.43,4492.52,4462.962,4474.0,4.9634,0.74
2026-06-02 02:00:00,4473.962,4486.61,4472.052,4486.05,3.3461,0.733
2026-06-02 03:00:00,4486.01,4499.688,4485.702,4499.468,2.8261,0.731
2026-06-02 04:00:00,4499.475,4518.4,4497.995,4517.555,2.5143,0.724
2026-06-02 05:00:00,4517.505,4528.335,4515.35,4517.186,3.6194,0.684
2026-06-02 06:00:00,4517.19,4538.575,4517.08,4535.78,3.0778,0.622
2026-06-02 07:00:00,4535.805,4541.71,4528.03,4535.155,2.58,0.608
2026-06-02 08:00:00,4535.096,4539.166,4526.055,4526.782,2.3405,0.616
2026-06-02 09:00:00,4526.87,4535.815,4521.4,4529.865,2.7096,0.547
2026-06-02 10:00:00,4529.94,4534.065,4524.73,4533.245,1.715,0.55
2026-06-02 11:00:00,4533.28,4534.8,4525.725,4527.66,1.823,0.529
2026-06-02 12:00:00,4528.06,4534.23,4513.58,4514.78,2.9267,0.507
2026-06-02 13:00:00,4514.73,4524.995,4502.73,4502.735,5.6013,0.596
2026-06-02 14:00:00,4502.77,4507.06,4490.33,4504.17,4.9904,0.522
2026-06-02 15:00:00,4504.235,4508.645,4500.195,4502.18,3.9431,0.564
2026-06-02 16:00:00,4502.28,4503.055,4486.43,4491.985,3.2778,0.563
2026-06-02 17:00:00,4491.98,4493.2,4482.17,4484.735,3.0318,0.552
2026-06-02 18:00:00,4484.794,4491.105,4478.775,4487.46,2.4237,0.543
2026-06-02 19:00:00,4487.475,4490.34,4483.39,4488.22,2.2169,0.569
2026-06-02 20:00:00,4488.215,4491.18,4486.355,4489.435,0.9045,0.63
2026-06-02 22:00:00,4491.211,4493.22,4484.13,4484.976,1.6316,0.748
2026-06-02 23:00:00,4485.05,4489.049,4462.25,4474.485,3.3746,0.793
2026-06-03 00:00:00,4474.455,4496.81,4473.86,4486.22,2.6567,0.722
2026-06-03 01:00:00,4486.195,4487.755,4463.242,4475.93,4.81,0.726
2026-06-03 02:00:00,4475.985,4485.28,4472.905,4481.99,3.0592,0.719
2026-06-03 03:00:00,4481.886,4487.75,4481.885,4484.595,2.0864,0.729
2026-06-03 04:00:00,4484.58,4488.39,4468.32,4469.598,1.7143,0.725
2026-06-03 05:00:00,4469.62,4474.285,4456.672,4457.022,3.3107,0.706
2026-06-03 06:00:00,4457.062,4471.045,4455.305,4463.07,3.2949,0.634
2026-06-03 07:00:00,4463.01,4472.32,4452.87,4453.395,3.1392,0.58
2026-06-03 08:00:00,4453.49,4459.29,4440.235,4444.148,3.0593,0.581
2026-06-03 09:00:00,4444.035,4459.064,4439.035,4443.268,3.0309,0.595
2026-06-03 10:00:00,4443.273,4467.425,4441.115,4459.07,3.2231,0.618
2026-06-03 11:00:00,4459.245,4468.16,4458.557,4462.435,2.5485,0.585
2026-06-03 12:00:00,4462.505,4467.28,4448.255,4460.495,3.7633,0.623
2026-06-03 13:00:00,4460.375,4466.02,4426.494,4447.155,5.7014,0.682
2026-06-03 14:00:00,4446.928,4459.76,4442.415,4457.305,5.3808,0.646
2026-06-03 15:00:00,4457.245,4458.475,4436.825,4442.305,5.2297,0.657
2026-06-03 16:00:00,4442.255,4444.03,4433.89,4442.018,5.1297,0.651
2026-06-03 17:00:00,4441.995,4448.59,4435.545,4439.02,4.1274,0.655
2026-06-03 18:00:00,4438.995,4443.005,4435.17,4442.135,3.5806,0.652
2026-06-03 19:00:00,4442.155,4452.324,4441.455,4443.99,3.9696,0.637
2026-06-03 20:00:00,4443.966,4445.41,4430.55,4434.84,2.1317,0.658
2026-06-03 22:00:00,4440.315,4453.25,4424.05,4449.152,3.1038,0.756
2026-06-03 23:00:00,4449.172,4464.875,4445.348,4457.48,4.3328,0.809
2026-06-04 00:00:00,4457.558,4465.525,4444.14,4448.48,3.989,0.744
2026-06-04 01:00:00,4448.54,4473.705,4443.34,4465.866,5.5354,0.733
2026-06-04 02:00:00,4465.785,4476.828,4455.728,4475.094,5.3382,0.885
2026-06-04 03:00:00,4474.908,4477.355,4458.36,4463.875,4.467,0.873
2026-06-04 04:00:00,4463.915,4484.13,4462.425,4481.15,2.3874,0.617
2026-06-04 05:00:00,4481.17,4482.51,4466.955,4469.375,3.3952,0.628
2026-06-04 06:00:00,4469.33,4477.355,4462.99,4467.87,3.6385,0.591
2026-06-04 07:00:00,4468.09,4470.925,4459.55,4461.795,2.5874,0.481
2026-06-04 08:00:00,4461.595,4469.69,4458.74,4463.45,3.1988,0.519
2026-06-04 09:00:00,4463.415,4475.77,4461.04,4470.47,3.3895,0.56
2026-06-04 10:00:00,4470.495,4473.97,4464.365,4473.76,2.6513,0.578
2026-06-04 11:00:00,4473.785,4514.83,4468.685,4511.525,4.7681,0.598
2026-06-04 12:00:00,4511.52,4513.89,4491.23,4504.26,4.6542,0.593
2026-06-04 13:00:00,4504.165,4515.51,4495.505,4495.9,6.1182,0.59
2026-06-04 14:00:00,4495.885,4499.995,4457.38,4465.945,7.2327,0.563
2026-06-04 15:00:00,4466.044,4479.28,4463.735,4477.535,4.731,0.566
2026-06-04 16:00:00,4477.52,4485.285,4475.44,4482.865,3.4193,0.549
2026-06-04 17:00:00,4482.845,4482.845,4474.085,4478.235,2.7313,0.549
2026-06-04 18:00:00,4478.255,4481.24,4472.865,4478.195,2.2592,0.546
2026-06-04 19:00:00,4478.18,4483.58,4476.25,4480.99,2.5824,0.53
2026-06-04 20:00:00,4480.96,4481.794,4474.475,4474.93,1.1346,0.627
2026-06-04 22:00:00,4476.6,4481.65,4468.895,4469.74,1.9358,0.741
2026-06-04 23:00:00,4469.755,4474.28,4460.69,4461.74,2.5017,0.778
2026-06-05 00:00:00,4461.77,4467.04,4450.86,4459.225,4.0886,0.73
2026-06-05 01:00:00,4459.245,4470.09,4444.19,4446.935,5.6996,0.698
2026-06-05 02:00:00,4446.93,4455.21,4438.47,4440.69,4.7362,0.631
2026-06-05 03:00:00,4440.67,4444.135,4435.255,4442.47,3.4327,0.603
2026-06-05 04:00:00,4442.485,4446.685,4437.675,4445.08,2.441,0.605
2026-06-05 05:00:00,4445.135,4450.185,4438.665,4440.025,3.7782,0.626
2026-06-05 06:00:00,4439.97,4456.285,4428.585,4452.895,4.7438,0.599
2026-06-05 07:00:00,4452.945,4467.485,4451.905,4461.02,3.5683,0.58
2026-06-05 08:00:00,4460.89,4468.27,4458.785,4462.87,3.2025,0.572
2026-06-05 09:00:00,4462.73,4469.54,4459.006,4464.965,3.3815,0.562
2026-06-05 10:00:00,4464.96,4468.14,4461.88,4466.785,2.131,0.538
2026-06-05 11:00:00,4466.57,4475.355,4458.595,4470.275,2.8005,0.551
2026-06-05 12:00:00,4470.275,4475.945,4404.964,4406.375,5.4755,0.642
2026-06-05 13:00:00,4406.655,4421.275,4365.272,4365.496,8.3127,0.577
2026-06-05 14:00:00,4365.595,4379.455,4344.598,4369.83,9.3475,0.545
2026-06-05 15:00:00,4369.828,4372.75,4334.025,4335.49,7.1322,0.535
2026-06-05 16:00:00,4335.485,4345.19,4323.225,4344.74,7.5504,0.551
2026-06-05 17:00:00,4344.938,4347.41,4335.835,4341.825,6.4279,0.549
2026-06-05 18:00:00,4341.84,4342.185,4315.28,4322.46,6.54,0.572
2026-06-05 19:00:00,4322.49,4325.28,4313.93,4318.81,6.4159,0.591
2026-06-05 20:00:00,4318.58,4331.193,4311.822,4329.505,4.4839,0.928
2026-06-07 22:00:00,4329.5,4336.789,4310.186,4317.375,4.268,0.82
2026-06-07 23:00:00,4317.384,4347.138,4317.369,4344.1,3.8263,0.788
2026-06-08 00:00:00,4344.18,4353.384,4339.795,4342.34,4.5869,0.667
2026-06-08 01:00:00,4342.31,4345.95,4300.052,4325.81,7.3714,0.698
2026-06-08 02:00:00,4325.95,4330.84,4307.5,4310.68,5.7539,0.627
2026-06-08 03:00:00,4310.64,4317.335,4303.68,4317.055,3.7267,0.607
2026-06-08 04:00:00,4317.19,4321.92,4307.67,4312.735,3.3261,0.638
2026-06-08 05:00:00,4312.75,4316.255,4268.515,4292.02,5.9042,0.679
2026-06-08 06:00:00,4291.995,4311.415,4291.995,4300.188,4.8071,0.596
2026-06-08 07:00:00,4300.125,4317.06,4294.45,4294.63,4.5153,0.564
2026-06-08 08:00:00,4294.415,4297.365,4285.39,4288.84,4.3037,0.554
2026-06-08 09:00:00,4288.82,4302.02,4273.005,4294.38,4.0138,0.556
2026-06-08 10:00:00,4294.505,4305.86,4286.15,4302.145,3.8851,0.564
2026-06-08 11:00:00,4302.1,4333.41,4297.25,4331.44,4.9623,0.563
2026-06-08 12:00:00,4331.196,4339.475,4320.29,4333.28,4.6653,0.542
2026-06-08 13:00:00,4333.295,4346.92,4321.386,4327.085,7.3948,0.567
2026-06-08 14:00:00,4326.98,4331.54,4315.008,4331.1,7.6574,0.548
2026-06-08 15:00:00,4331.09,4345.75,4322.59,4341.85,6.0599,0.543
2026-06-08 16:00:00,4341.86,4346.475,4337.985,4340.745,4.8745,0.533
2026-06-08 17:00:00,4340.785,4342.53,4332.075,4339.19,4.9857,0.539
2026-06-08 18:00:00,4339.19,4346.015,4333.12,4334.785,4.2073,0.529
2026-06-08 19:00:00,4334.775,4338.235,4323.356,4326.79,4.7561,0.538
2026-06-08 20:00:00,4326.77,4330.475,4324.645,4328.37,1.3017,0.657
2026-06-08 22:00:00,4332.79,4334.028,4322.856,4328.041,1.0249,0.705
2026-06-08 23:00:00,4328.055,4328.855,4313.0,4317.955,1.7462,0.761
2026-06-09 00:00:00,4317.915,4323.91,4315.066,4319.99,3.9874,0.682
2026-06-09 01:00:00,4319.925,4338.92,4318.605,4336.655,4.9268,0.572
2026-06-09 02:00:00,4336.645,4341.135,4328.216,4336.17,3.7156,0.597
2026-06-09 03:00:00,4336.09,4342.44,4331.384,4336.81,3.3199,0.733
2026-06-09 04:00:00,4336.33,4339.432,4324.354,4332.46,2.5501,0.749
2026-06-09 05:00:00,4332.48,4351.46,4331.03,4343.55,3.9954,0.724
2026-06-09 06:00:00,4343.565,4349.015,4330.33,4330.7,3.4389,0.7
2026-06-09 07:00:00,4330.67,4334.895,4322.33,4326.69,3.5279,0.534
2026-06-09 08:00:00,4326.75,4336.975,4321.14,4326.695,3.0503,0.427
2026-06-09 09:00:00,4326.73,4336.365,4324.18,4332.32,2.6635,0.517
2026-06-09 10:00:00,4332.305,4340.92,4325.08,4339.29,2.6916,0.526
2026-06-09 11:00:00,4339.19,4343.94,4335.715,4339.915,2.3956,0.525
2026-06-09 12:00:00,4339.925,4344.46,4334.885,4341.52,3.5011,0.528
2026-06-09 13:00:00,4341.54,4363.54,4325.21,4329.12,6.6483,0.562
2026-06-09 14:00:00,4328.885,4336.12,4278.785,4300.67,10.4984,0.688
2026-06-09 15:00:00,4300.665,4302.175,4263.204,4272.44,9.5307,0.699
2026-06-09 16:00:00,4272.485,4281.245,4236.725,4252.275,11.3815,0.828
2026-06-09 17:00:00,4252.23,4268.14,4251.39,4263.12,15.3021,0.785
2026-06-09 18:00:00,4263.36,4274.4,4259.61,4270.04,5.6843,0.616
2026-06-09 19:00:00,4270.18,4271.835,4250.025,4258.666,6.3957,0.603
2026-06-09 20:00:00,4258.93,4262.255,4255.78,4260.94,1.7378,0.613
2026-06-09 22:00:00,4253.758,4257.694,4232.459,4237.415,2.722,0.935
2026-06-09 23:00:00,4237.295,4247.41,4210.46,4222.145,3.976,0.781
2026-06-10 00:00:00,4222.155,4228.445,4199.06,4218.315,4.8909,0.694
2026-06-10 01:00:00,4218.29,4218.885,4183.84,4188.805,6.1586,0.629
2026-06-10 02:00:00,4188.855,4192.655,4173.227,4174.12,5.2406,0.595
2026-06-10 03:00:00,4174.08,4186.535,4172.801,4184.975,4.0997,0.679
2026-06-10 04:00:00,4184.98,4187.35,4172.27,4174.83,3.3795,0.677
2026-06-10 05:00:00,4174.835,4209.19,4173.39,4205.255,4.8218,0.682
2026-06-10 06:00:00,4205.24,4221.856,4201.726,4204.065,3.9786,0.591
2026-06-10 07:00:00,4203.815,4208.14,4181.635,4186.17,4.1845,0.534
2026-06-10 08:00:00,4186.155,4187.53,4161.49,4169.115,5.5397,0.526
2026-06-10 09:00:00,4169.15,4179.6,4163.175,4168.798,4.7024,0.511
2026-06-10 10:00:00,4168.785,4178.87,4155.72,4174.7,4.0594,0.526
2026-06-10 11:00:00,4174.69,4176.16,4145.935,4147.765,6.1978,0.536
2026-06-10 12:00:00,4147.8,4173.908,4130.675,4147.095,7.7523,0.718
2026-06-10 13:00:00,4147.388,4186.435,4132.936,4179.765,7.8338,0.644
2026-06-10 14:00:00,4179.79,4180.95,4117.701,4125.045,7.8783,0.604
2026-06-10 15:00:00,4125.05,4137.08,4106.94,4129.02,8.2067,0.593
2026-06-10 16:00:00,4128.974,4135.425,4116.0,4122.07,6.6555,0.614
2026-06-10 17:00:00,4122.1,4135.11,4100.84,4111.79,6.4212,0.612
2026-06-10 18:00:00,4111.898,4120.63,4097.127,4101.64,5.381,0.612
2026-06-10 19:00:00,4101.78,4102.19,4081.665,4082.81,6.8878,0.556
2026-06-10 20:00:00,4082.71,4083.26,4067.248,4072.385,2.8929,0.602
2026-06-10 22:00:00,4071.3,4073.204,4036.105,4046.395,3.5989,0.75
2026-06-10 23:00:00,4046.465,4064.92,4023.93,4047.205,5.3113,0.808
2026-06-11 00:00:00,4047.45,4078.085,4036.132,4075.91,5.9996,0.739
2026-06-11 01:00:00,4075.86,4118.225,4066.36,4102.115,7.3381,0.789
2026-06-11 02:00:00,4102.19,4102.84,4052.45,4067.98,6.5689,0.772
2026-06-11 03:00:00,4067.895,4078.655,4056.98,4072.885,5.2075,0.819
2026-06-11 04:00:00,4072.93,4085.99,4070.16,4082.695,4.2914,0.8
2026-06-11 05:00:00,4082.785,4106.394,4072.676,4094.335,5.3067,0.827
2026-06-11 06:00:00,4094.335,4097.675,4076.36,4094.49,4.9005,0.704
2026-06-11 07:00:00,4094.78,4110.66,4091.62,4105.045,4.1064,0.532
2026-06-11 08:00:00,4105.1,4112.75,4084.496,4084.496,3.9154,0.535
2026-06-11 09:00:00,4084.535,4096.47,4077.585,4091.825,3.3156,0.519
2026-06-11 10:00:00,4091.8,4094.775,4086.615,4090.07,2.7502,0.515
2026-06-11 11:00:00,4090.06,4096.03,4079.915,4080.37,3.85,0.522
2026-06-11 12:00:00,4080.27,4087.24,4057.555,4082.07,6.0996,0.573
2026-06-11 13:00:00,4081.955,4092.819,4067.09,4083.285,8.0954,0.574
2026-06-11 14:00:00,4083.46,4085.595,4052.851,4073.59,9.0513,0.57
2026-06-11 15:00:00,4073.475,4095.684,4070.385,4088.86,7.7083,0.537
2026-06-11 16:00:00,4088.995,4107.765,4078.165,4080.37,5.568,0.569
2026-06-11 17:00:00,4080.34,4170.05,4071.83,4151.955,7.2594,0.639
2026-06-11 18:00:00,4152.01,4171.735,4131.322,4161.81,7.7381,0.584
2026-06-11 19:00:00,4161.88,4220.155,4161.88,4208.776,7.9677,0.592
2026-06-11 20:00:00,4208.812,4218.631,4208.265,4212.46,5.0566,0.748
2026-06-11 22:00:00,4213.012,4246.75,4205.39,4243.295,2.6971,0.734
2026-06-11 23:00:00,4243.335,4246.035,4214.23,4219.975,3.7831,0.784
2026-06-12 00:00:00,4219.881,4230.555,4200.602,4208.63,4.5656,0.697
2026-06-12 01:00:00,4208.57,4211.398,4171.436,4186.845,6.0613,0.599
2026-06-12 02:00:00,4186.432,4200.085,4182.765,4191.65,3.8634,0.571
2026-06-12 03:00:00,4191.58,4205.17,4189.67,4197.165,3.5913,0.56
2026-06-12 04:00:00,4197.215,4201.115,4189.62,4190.015,2.3298,0.566
2026-06-12 05:00:00,4190.005,4193.11,4170.845,4173.49,4.8932,0.663
2026-06-12 06:00:00,4173.45,4185.695,4172.415,4184.26,4.0831,0.719
2026-06-12 07:00:00,4184.23,4194.52,4170.205,4194.52,3.5591,0.565
2026-06-12 08:00:00,4194.66,4226.11,4192.005,4219.685,5.1394,0.593
2026-06-12 09:00:00,4219.74,4227.995,4217.455,4221.895,3.4954,0.577
2026-06-12 10:00:00,4221.815,4225.705,4202.895,4210.975,3.1094,0.565
2026-06-12 11:00:00,4211.328,4215.518,4197.62,4207.01,2.8363,0.568
2026-06-12 12:00:00,4207.155,4215.485,4188.655,4191.84,3.903,0.564
2026-06-12 13:00:00,4191.725,4210.36,4182.985,4186.475,6.6397,0.571
2026-06-12 14:00:00,4186.515,4208.66,4177.25,4204.1,8.1735,0.524
2026-06-12 15:00:00,4204.18,4235.596,4200.37,4211.985,6.6383,0.606
2026-06-12 16:00:00,4211.99,4233.06,4208.23,4216.065,5.4908,0.615
2026-06-12 17:00:00,4215.975,4226.47,4213.88,4221.355,4.6051,0.592
2026-06-12 18:00:00,4221.47,4235.512,4214.125,4215.596,5.8204,0.601
2026-06-12 19:00:00,4215.631,4219.296,4201.92,4210.665,4.4681,0.6
2026-06-12 20:00:00,4210.695,4220.432,4209.445,4219.78,2.2429,0.87
2026-06-14 22:00:00,4274.172,4308.9,4262.055,4285.77,3.3728,1.108
2026-06-14 23:00:00,4285.76,4295.348,4281.22,4294.205,2.7971,0.789
2026-06-15 00:00:00,4294.19,4308.414,4291.71,4292.67,3.2482,0.679
2026-06-15 01:00:00,4292.695,4319.68,4285.53,4316.805,4.7011,0.697
2026-06-15 02:00:00,4316.775,4335.709,4316.12,4329.74,3.0768,0.681
2026-06-15 03:00:00,4329.735,4331.31,4321.196,4324.97,2.141,0.683
2026-06-15 04:00:00,4325.02,4330.38,4320.945,4328.474,1.5002,0.676
2026-06-15 05:00:00,4328.405,4333.125,4307.555,4310.09,2.7492,0.674
2026-06-15 06:00:00,4310.15,4313.46,4300.93,4308.295,2.9356,0.606
2026-06-15 07:00:00,4308.38,4325.505,4305.44,4323.345,2.874,0.489
2026-06-15 08:00:00,4323.285,4345.58,4321.905,4334.245,3.2274,0.472
2026-06-15 09:00:00,4334.315,4343.36,4334.275,4336.74,2.7206,0.521
2026-06-15 10:00:00,4336.755,4341.59,4335.33,4338.19,1.958,0.532
2026-06-15 11:00:00,4338.295,4347.574,4331.855,4335.295,2.7189,0.444
2026-06-15 12:00:00,4335.3,4349.485,4324.705,4349.15,3.5471,0.476
2026-06-15 13:00:00,4349.1,4368.91,4341.38,4355.448,5.5686,0.591
2026-06-15 14:00:00,4355.355,4369.714,4354.026,4356.83,5.7062,0.583
2026-06-15 15:00:00,4356.805,4360.95,4349.66,4356.374,4.2707,0.608
2026-06-15 16:00:00,4356.404,4358.848,4334.69,4339.4,3.4455,0.606
2026-06-15 17:00:00,4339.32,4339.32,4320.49,4324.84,4.4412,0.579
2026-06-15 18:00:00,4324.796,4328.145,4318.175,4325.765,3.792,0.582
2026-06-15 19:00:00,4325.8,4326.785,4316.67,4320.83,3.4149,0.605
2026-06-15 20:00:00,4320.855,4322.165,4306.615,4309.68,1.2655,0.61
2026-06-15 22:00:00,4310.6,4318.346,4306.095,4312.07,1.0376,0.748
2026-06-15 23:00:00,4312.065,4319.304,4311.525,4315.745,1.3215,0.762
2026-06-16 00:00:00,4315.725,4320.978,4307.028,4319.26,2.0507,0.721
2026-06-16 01:00:00,4319.315,4326.08,4312.137,4313.71,3.2915,0.692
2026-06-16 02:00:00,4313.62,4321.055,4307.645,4318.795,2.1775,0.626
2026-06-16 03:00:00,4318.74,4333.185,4315.545,4330.62,1.7628,0.68
2026-06-16 04:00:00,4330.55,4332.232,4321.295,4322.545,2.3549,0.73
2026-06-16 05:00:00,4322.555,4330.85,4314.245,4315.93,3.3962,0.739
2026-06-16 06:00:00,4315.94,4324.545,4313.49,4324.035,2.6237,0.622
2026-06-16 07:00:00,4323.99,4335.72,4322.695,4335.175,2.801,0.526
2026-06-16 08:00:00,4335.19,4348.11,4332.87,4347.145,2.8038,0.518
2026-06-16 09:00:00,4347.16,4348.55,4338.5,4345.435,2.5086,0.43
2026-06-16 10:00:00,4345.415,4349.135,4342.35,4349.065,2.0658,0.4
2026-06-16 11:00:00,4349.095,4349.59,4335.205,4340.97,2.9218,0.437
2026-06-16 12:00:00,4340.945,4355.115,4337.44,4354.71,3.5712,0.521
2026-06-16 13:00:00,4354.68,4355.07,4331.695,4331.775,5.6466,0.533
2026-06-16 14:00:00,4331.705,4338.765,4313.295,4324.17,6.1915,0.53
2026-06-16 15:00:00,4324.165,4343.62,4321.235,4335.31,5.1744,0.528
2026-06-16 16:00:00,4335.3,4347.06,4334.92,4340.745,4.5476,0.527
2026-06-16 17:00:00,4340.625,4341.404,4325.39,4340.385,4.1017,0.521
2026-06-16 18:00:00,4340.305,4342.86,4336.25,4338.625,3.737,0.507
2026-06-16 19:00:00,4338.625,4342.93,4330.552,4334.234,4.7215,0.326
2026-06-16 20:00:00,4334.268,4335.158,4329.62,4331.405,1.5367,0.406
2026-06-16 22:00:00,4332.84,4336.385,4329.085,4335.49,0.7273,0.718
2026-06-16 23:00:00,4335.436,4338.56,4329.585,4331.075,0.6708,0.766
2026-06-17 00:00:00,4331.105,4341.88,4328.76,4337.235,2.252,0.686
2026-06-17 01:00:00,4337.195,4349.76,4334.53,4340.955,3.6028,0.663
2026-06-17 02:00:00,4340.92,4344.62,4329.84,4331.76,2.5068,0.566
2026-06-17 03:00:00,4331.625,4334.235,4328.805,4332.295,1.9012,0.551
2026-06-17 04:00:00,4332.215,4334.24,4317.63,4326.91,1.7843,0.55
2026-06-17 05:00:00,4326.97,4334.38,4321.285,4326.66,2.5231,0.567
2026-06-17 06:00:00,4326.69,4331.995,4320.6,4331.86,2.9139,0.527
2026-06-17 07:00:00,4331.88,4332.955,4324.715,4325.255,1.8908,0.393
2026-06-17 08:00:00,4325.27,4328.005,4317.225,4324.76,2.7978,0.442
2026-06-17 09:00:00,4324.715,4335.71,4321.29,4329.645,2.3466,0.536
2026-06-17 10:00:00,4329.63,4335.25,4326.775,4331.495,2.0882,0.505
2026-06-17 11:00:00,4331.515,4331.995,4321.025,4323.245,2.5841,0.519
2026-06-17 12:00:00,4323.27,4335.565,4319.863,4333.665,2.8072,0.501
2026-06-17 13:00:00,4333.635,4345.445,4324.04,4339.832,4.9673,0.49
2026-06-17 14:00:00,4339.82,4364.175,4330.935,4344.5,6.5192,0.544
2026-06-17 15:00:00,4344.477,4364.975,4343.845,4363.77,4.5013,0.599
2026-06-17 16:00:00,4363.75,4366.65,4355.2,4359.566,3.1461,0.606
2026-06-17 17:00:00,4359.542,4382.375,4355.345,4380.46,4.38,0.624
2026-06-17 18:00:00,4380.184,4380.184,4269.65,4286.39,9.468,0.839
2026-06-17 19:00:00,4285.905,4295.5,4219.209,4235.965,9.1078,0.768
2026-06-17 20:00:00,4235.9,4269.988,4235.16,4259.305,4.0839,0.825
2026-06-17 22:00:00,4256.445,4271.31,4254.555,4266.905,1.8755,0.788
2026-06-17 23:00:00,4266.78,4284.07,4264.265,4278.01,2.9283,0.784
2026-06-18 00:00:00,4278.03,4315.355,4276.6,4308.475,4.2836,0.697
2026-06-18 01:00:00,4308.452,4328.645,4307.005,4317.91,4.647,0.592
2026-06-18 02:00:00,4318.15,4330.15,4310.545,4311.01,3.6092,0.551
2026-06-18 03:00:00,4310.995,4322.7,4309.195,4319.86,2.5646,0.58
2026-06-18 04:00:00,4319.755,4324.193,4309.785,4316.14,2.2806,0.672
2026-06-18 05:00:00,4315.82,4325.2,4301.355,4308.075,3.3287,0.562
2026-06-18 06:00:00,4308.115,4310.165,4296.285,4306.62,3.9377,0.58
2026-06-18 07:00:00,4306.58,4309.58,4287.505,4288.755,3.3815,0.54
2026-06-18 08:00:00,4288.785,4292.91,4265.602,4266.86,4.0519,0.52
2026-06-18 09:00:00,4266.9,4273.415,4259.755,4268.55,3.7074,0.522
2026-06-18 10:00:00,4268.505,4272.885,4254.865,4255.61,3.3339,0.534
2026-06-18 11:00:00,4255.925,4255.925,4239.842,4242.085,4.6734,0.533
2026-06-18 12:00:00,4242.035,4269.27,4240.425,4246.755,4.9995,0.58
2026-06-18 13:00:00,4246.7,4276.82,4245.035,4256.685,5.5167,0.605
2026-06-18 14:00:00,4256.635,4257.89,4237.125,4252.47,6.4633,0.6
2026-06-18 15:00:00,4252.465,4254.95,4223.165,4226.706,6.2881,0.571
2026-06-18 16:00:00,4226.696,4233.485,4214.21,4219.66,5.6955,0.507
2026-06-18 17:00:00,4219.783,4233.25,4218.765,4230.38,4.3568,0.584
2026-06-18 18:00:00,4230.469,4233.31,4218.226,4218.49,3.7616,0.603
2026-06-18 19:00:00,4218.436,4219.135,4201.455,4216.96,4.3905,0.639
2026-06-18 20:00:00,4217.175,4219.645,4207.815,4209.185,1.7629,0.722
2026-06-18 22:00:00,4211.162,4213.285,4202.675,4207.51,1.0554,0.751
2026-06-18 23:00:00,4207.505,4208.49,4187.085,4188.455,2.5482,0.781
2026-06-19 00:00:00,4188.297,4198.32,4184.076,4190.475,2.9181,0.69
2026-06-19 01:00:00,4190.425,4194.67,4183.81,4185.05,2.7822,0.663
2026-06-19 02:00:00,4185.01,4186.425,4171.93,4176.365,2.8218,0.648
2026-06-19 03:00:00,4176.335,4177.405,4146.482,4153.755,3.3754,0.654
2026-06-19 04:00:00,4153.61,4155.365,4125.085,4125.83,3.996,0.655
2026-06-19 05:00:00,4126.158,4141.54,4121.717,4139.64,4.0751,0.656
2026-06-19 06:00:00,4139.71,4150.68,4132.925,4147.74,3.3344,0.578
2026-06-19 07:00:00,4148.025,4163.235,4147.9,4157.995,2.9679,0.493
2026-06-19 08:00:00,4158.03,4178.7,4155.275,4169.07,3.2946,0.565
2026-06-19 09:00:00,4169.06,4170.95,4160.92,4163.01,2.4825,0.557
2026-06-19 10:00:00,4163.05,4163.14,4148.23,4149.89,2.2381,0.567
2026-06-19 11:00:00,4149.78,4155.095,4141.975,4152.665,2.3907,0.565
2026-06-19 12:00:00,4152.675,4180.1,4147.32,4179.12,3.2746,0.579
2026-06-19 13:00:00,4179.115,4183.085,4150.65,4151.49,4.0677,0.569
2026-06-19 14:00:00,4151.455,4154.645,4142.75,4149.335,2.9228,0.56
2026-06-19 15:00:00,4149.475,4154.135,4147.735,4151.135,1.9675,0.555
2026-06-19 16:00:00,4151.125,4157.965,4144.387,4154.65,1.5645,0.716
2026-06-21 22:00:00,4142.2,4160.125,4139.98,4156.39,2.3228,0.716
2026-06-21 23:00:00,4156.32,4164.835,4136.495,4140.33,3.522,0.723
2026-06-22 00:00:00,4140.36,4201.125,4140.095,4200.93,4.3633,0.688
2026-06-22 01:00:00,4200.99,4221.116,4189.725,4191.085,6.371,0.663
2026-06-22 02:00:00,4191.015,4200.445,4183.551,4188.526,4.3816,0.652
2026-06-22 03:00:00,4188.516,4190.062,4170.795,4171.59,3.325,0.639
2026-06-22 04:00:00,4171.635,4182.312,4170.74,4181.895,2.8176,0.671
2026-06-22 05:00:00,4181.721,4198.67,4179.495,4193.87,4.1108,0.653
2026-06-22 06:00:00,4193.84,4207.5,4191.27,4197.602,3.5299,0.592
2026-06-22 07:00:00,4197.596,4201.955,4188.85,4190.475,2.8837,0.545
2026-06-22 08:00:00,4190.39,4197.795,4188.675,4197.56,2.5572,0.559
2026-06-22 09:00:00,4197.52,4210.32,4196.025,4208.37,2.4524,0.569
2026-06-22 10:00:00,4208.31,4214.32,4203.725,4204.825,1.8526,0.557
2026-06-22 11:00:00,4204.885,4215.385,4201.6,4207.505,2.534,0.574
2026-06-22 12:00:00,4207.56,4211.9,4192.345,4193.5,2.764,0.556
2026-06-22 13:00:00,4193.594,4205.785,4183.02,4199.915,6.1713,0.557
2026-06-22 14:00:00,4200.145,4210.9,4186.66,4198.3,6.3961,0.573
2026-06-22 15:00:00,4198.305,4201.385,4169.865,4182.995,5.4004,0.572
2026-06-22 16:00:00,4183.06,4193.115,4174.445,4190.023,5.1126,0.677
2026-06-22 17:00:00,4190.06,4191.768,4177.145,4183.227,4.512,0.722
2026-06-22 18:00:00,4183.246,4193.045,4182.57,4191.342,4.2396,0.73
2026-06-22 19:00:00,4191.508,4193.506,4184.4,4190.74,4.7405,0.49
2026-06-22 20:00:00,4190.87,4193.92,4188.875,4191.56,1.0787,0.517
2026-06-22 22:00:00,4192.88,4194.75,4188.495,4190.07,0.7912,0.773
2026-06-22 23:00:00,4190.065,4195.475,4186.89,4187.815,1.3061,0.84
2026-06-23 00:00:00,4187.66,4194.755,4178.41,4193.49,3.0324,0.693
2026-06-23 01:00:00,4193.464,4198.83,4150.05,4161.36,5.3297,0.677
2026-06-23 02:00:00,4161.38,4163.63,4146.685,4147.06,4.3135,0.656
2026-06-23 03:00:00,4147.13,4149.77,4130.817,4144.265,4.2339,0.658
2026-06-23 04:00:00,4144.4,4147.14,4114.855,4118.205,3.0767,0.646
2026-06-23 05:00:00,4118.22,4137.59,4115.42,4121.285,5.2117,0.664
2026-06-23 06:00:00,4121.25,4127.04,4110.49,4114.495,5.0423,0.587
2026-06-23 07:00:00,4114.395,4124.92,4096.75,4098.835,4.6719,0.659
2026-06-23 08:00:00,4098.715,4111.084,4090.915,4105.36,4.5437,0.745
2026-06-23 09:00:00,4105.435,4122.45,4104.1,4122.435,3.2497,0.742
2026-06-23 10:00:00,4122.44,4133.395,4119.68,4119.85,3.2458,0.752
2026-06-23 11:00:00,4119.83,4131.87,4117.47,4123.345,3.9105,0.739
2026-06-23 12:00:00,4123.4,4127.5,4111.805,4113.292,4.2531,0.756
2026-06-23 13:00:00,4113.27,4140.461,4105.396,4135.402,7.4505,0.726
2026-06-23 14:00:00,4135.332,4145.18,4122.896,4130.328,9.096,0.7
2026-06-23 15:00:00,4130.424,4141.828,4123.496,4138.885,6.9608,0.731
2026-06-23 16:00:00,4138.875,4143.945,4131.625,4134.42,4.8895,0.741
2026-06-23 17:00:00,4134.34,4139.875,4127.766,4128.09,4.608,0.721
2026-06-23 18:00:00,4128.14,4131.148,4112.855,4117.938,4.1988,0.731
2026-06-23 19:00:00,4117.928,4126.268,4111.78,4111.82,6.7347,0.715
2026-06-23 20:00:00,4111.945,4112.96,4107.565,4111.465,3.6345,0.747
2026-06-23 22:00:00,4112.8,4115.22,4097.07,4104.41,2.5384,0.767
2026-06-23 23:00:00,4104.415,4104.586,4080.88,4099.415,4.1889,0.864
2026-06-24 00:00:00,4099.335,4112.345,4093.755,4097.435,4.932,0.766
2026-06-24 01:00:00,4097.455,4102.385,4068.53,4089.152,7.289,0.721
2026-06-24 02:00:00,4088.985,4096.16,4052.24,4061.25,5.6825,0.667
2026-06-24 03:00:00,4061.415,4070.84,4050.48,4062.765,5.2698,0.658
2026-06-24 04:00:00,4062.85,4067.418,4055.145,4064.52,3.8093,0.643
2026-06-24 05:00:00,4064.49,4086.39,4060.84,4076.09,3.6612,0.749
2026-06-24 06:00:00,4075.925,4097.71,4075.55,4087.13,3.2763,0.761
2026-06-24 07:00:00,4087.02,4090.915,4073.82,4074.995,2.4337,0.584
2026-06-24 08:00:00,4074.945,4088.015,4073.22,4076.35,2.3804,0.603
2026-06-24 09:00:00,4076.56,4079.345,4064.32,4064.675,2.0592,0.586
2026-06-24 10:00:00,4064.665,4067.055,4054.725,4055.775,2.4492,0.564
2026-06-24 11:00:00,4055.555,4058.725,4037.59,4046.765,5.1537,0.531
2026-06-24 12:00:00,4046.79,4048.96,3987.65,3987.775,6.5879,0.561
2026-06-24 13:00:00,3987.82,4042.27,3964.69,4038.315,9.8354,0.724
2026-06-24 14:00:00,4038.32,4041.112,4003.011,4008.155,8.7174,0.714
2026-06-24 15:00:00,4008.19,4017.035,3997.4,4002.65,7.238,0.637
2026-06-24 16:00:00,4002.71,4022.38,3995.535,4006.632,5.053,0.604
2026-06-24 17:00:00,4006.646,4011.395,3972.8,3973.012,6.4357,0.6
2026-06-24 18:00:00,3973.04,3994.234,3959.0,3981.315,7.098,0.463
2026-06-24 19:00:00,3981.733,3990.925,3973.385,3988.06,5.0298,0.562
2026-06-24 20:00:00,3987.996,4002.965,3984.794,3999.205,2.65,0.66
2026-06-24 22:00:00,4004.974,4008.915,3992.875,3996.44,1.483,0.709
2026-06-24 23:00:00,3996.515,4018.73,3990.875,4012.55,3.0191,0.785
2026-06-25 00:00:00,4012.525,4016.62,3978.426,3991.465,5.7007,0.783
2026-06-25 01:00:00,3991.445,4006.045,3972.45,3976.94,6.6821,0.816
2026-06-25 02:00:00,3976.91,3991.285,3962.535,3982.96,5.9795,0.816
2026-06-25 03:00:00,3982.92,4001.235,3966.265,3995.58,5.1076,0.735
2026-06-25 04:00:00,3995.53,3997.67,3983.64,3996.15,3.4709,0.694
2026-06-25 05:00:00,3996.055,4000.06,3980.54,3986.62,4.9154,0.697
2026-06-25 06:00:00,3986.615,3989.355,3974.125,3977.455,4.4243,0.631
2026-06-25 07:00:00,3977.685,3989.825,3971.52,3988.02,3.3687,0.484
2026-06-25 08:00:00,3987.91,4002.18,3984.35,3989.27,3.0756,0.502
2026-06-25 09:00:00,3989.335,3997.835,3986.036,3988.325,2.383,0.484
2026-06-25 10:00:00,3988.245,3989.5,3981.382,3984.4,1.8032,0.471
2026-06-25 11:00:00,3984.628,3987.925,3973.78,3980.125,2.4407,0.477
2026-06-25 12:00:00,3980.14,4019.445,3979.025,4012.45,5.402,0.546
2026-06-25 13:00:00,4012.735,4034.155,4001.21,4002.385,8.6659,0.657
2026-06-25 14:00:00,4002.484,4028.565,3999.34,4012.05,9.1733,0.707
2026-06-25 15:00:00,4012.125,4042.721,4005.12,4041.136,8.1686,0.706
2026-06-25 16:00:00,4041.315,4044.115,4023.865,4028.695,5.8498,0.735
2026-06-25 17:00:00,4028.735,4037.004,4026.92,4034.895,5.1384,0.71
2026-06-25 18:00:00,4034.895,4044.192,4026.066,4034.786,5.3079,0.733
2026-06-25 19:00:00,4034.816,4043.82,4021.975,4026.905,5.2405,0.725
2026-06-25 20:00:00,4026.805,4035.085,4024.5,4026.745,1.5979,0.832
2026-06-25 22:00:00,4030.525,4036.585,4019.86,4026.455,2.2584,0.755
2026-06-25 23:00:00,4026.405,4030.52,4012.725,4014.605,2.7627,0.791
2026-06-26 00:00:00,4014.555,4024.605,4011.615,4020.42,4.277,0.696
2026-06-26 01:00:00,4020.495,4029.69,4014.31,4021.13,4.9953,0.697
2026-06-26 02:00:00,4021.24,4023.252,3983.02,3990.85,5.0041,0.713
2026-06-26 03:00:00,3990.754,4006.838,3986.705,4004.43,4.458,0.708
2026-06-26 04:00:00,4004.475,4015.525,3998.85,4011.455,3.8778,0.701
2026-06-26 05:00:00,4011.765,4021.58,4005.77,4008.175,4.2421,0.74
2026-06-26 06:00:00,4008.18,4033.26,4006.9,4032.275,5.1766,0.707
2026-06-26 07:00:00,4032.248,4039.96,4026.877,4030.705,2.8696,0.477
2026-06-26 08:00:00,4030.605,4037.96,4025.945,4031.035,3.2134,0.474
2026-06-26 09:00:00,4031.02,4054.18,4029.565,4047.27,3.8112,0.523
2026-06-26 10:00:00,4047.235,4055.005,4042.375,4054.88,2.9735,0.541
2026-06-26 11:00:00,4054.865,4055.765,4042.692,4046.05,3.1098,0.642
2026-06-26 12:00:00,4046.174,4061.65,4035.752,4059.03,4.3637,0.737
2026-06-26 13:00:00,4059.45,4078.16,4043.385,4073.555,8.4779,0.738
2026-06-26 14:00:00,4073.485,4093.275,4067.816,4080.6,8.6731,0.714
2026-06-26 15:00:00,4080.525,4096.17,4075.77,4090.59,6.0716,0.728
2026-06-26 16:00:00,4090.605,4093.512,4082.29,4085.17,3.9317,0.747
2026-06-26 17:00:00,4085.225,4088.172,4073.814,4074.875,4.2019,0.735
2026-06-26 18:00:00,4074.865,4078.98,4067.132,4067.375,4.117,0.744
2026-06-26 19:00:00,4067.495,4074.814,4064.668,4071.8,4.6547,0.748
2026-06-26 20:00:00,4071.82,4091.202,4064.71,4089.42,6.2454,1.09
2026-06-28 22:00:00,4088.5,4088.5,4053.236,4066.592,2.8867,0.888
2026-06-28 23:00:00,4066.6,4070.64,4051.935,4062.925,3.0448,0.798
2026-06-29 00:00:00,4062.895,4074.295,4048.39,4069.645,4.4623,0.695
2026-06-29 01:00:00,4069.785,4074.64,4053.97,4061.514,6.3647,0.7
2026-06-29 02:00:00,4061.4,4071.935,4058.53,4066.475,5.2954,0.695
2026-06-29 03:00:00,4066.5,4075.83,4065.165,4068.99,3.4807,0.706
2026-06-29 04:00:00,4068.955,4069.08,4049.655,4052.365,2.8323,0.669
2026-06-29 05:00:00,4051.982,4057.555,4039.39,4054.525,4.9636,0.698
2026-06-29 06:00:00,4054.515,4065.138,4053.615,4062.465,3.8879,0.64
2026-06-29 07:00:00,4062.495,4068.695,4056.095,4061.695,2.6298,0.469
2026-06-29 08:00:00,4061.476,4066.76,4043.894,4047.17,2.938,0.459
2026-06-29 09:00:00,4047.1,4055.345,4024.417,4031.695,3.3579,0.471
2026-06-29 10:00:00,4031.66,4039.884,4027.555,4036.96,2.6324,0.482
2026-06-29 11:00:00,4036.97,4042.37,4027.385,4039.325,2.719,0.446
2026-06-29 12:00:00,4039.47,4052.56,4037.672,4043.69,2.9103,0.473
2026-06-29 13:00:00,4043.725,4051.888,4028.36,4032.405,5.0941,0.473
2026-06-29 14:00:00,4032.555,4035.585,4000.141,4025.768,8.4855,0.65
2026-06-29 15:00:00,4025.774,4030.522,4016.766,4027.109,7.8989,0.812
2026-06-29 16:00:00,4027.178,4028.834,4018.794,4023.984,4.8744,0.817
2026-06-29 17:00:00,4024.024,4032.24,4019.458,4021.082,5.1315,0.822
2026-06-29 18:00:00,4021.092,4025.326,4012.03,4013.47,4.0906,0.78
2026-06-29 19:00:00,4013.48,4019.63,4005.4,4015.905,3.0289,0.611
2026-06-29 20:00:00,4015.89,4018.15,4012.81,4016.295,0.7625,0.633
2026-06-29 22:00:00,4017.8,4022.458,4009.601,4014.175,1.5669,0.698
2026-06-29 23:00:00,4014.596,4022.452,4013.485,4014.995,1.9014,0.762
2026-06-30 00:00:00,4014.955,4015.285,3980.032,3987.22,5.7379,0.792
2026-06-30 01:00:00,3987.224,3987.224,3942.056,3969.475,7.2612,0.81
2026-06-30 02:00:00,3969.27,3973.435,3952.395,3962.98,4.2932,0.758
2026-06-30 03:00:00,3962.85,3971.242,3960.18,3969.825,3.394,0.739
2026-06-30 04:00:00,3969.865,3998.19,3968.315,3985.655,2.6648,0.75
2026-06-30 05:00:00,3985.675,3990.91,3975.24,3977.995,3.3866,0.74
2026-06-30 06:00:00,3978.095,4034.205,3978.095,4029.641,6.0481,0.731
2026-06-30 07:00:00,4029.656,4034.875,4023.89,4032.226,3.7819,0.729
2026-06-30 08:00:00,4032.192,4037.706,4013.798,4015.636,4.7143,0.796
2026-06-30 09:00:00,4015.576,4023.91,4012.418,4023.91,7.0441,0.735
2026-06-30 10:00:00,4023.92,4031.405,4021.615,4029.855,2.8012,0.815
2026-06-30 11:00:00,4029.8,4037.51,4025.475,4034.11,2.7519,0.83
2026-06-30 12:00:00,4034.085,4034.605,4008.795,4010.005,3.6447,0.881
2026-06-30 13:00:00,4009.975,4033.48,4009.48,4029.69,5.8142,0.803
2026-06-30 14:00:00,4029.685,4063.565,4025.3,4037.495,6.344,0.777
2026-06-30 15:00:00,4037.51,4039.305,4022.33,4029.365,4.6411,0.73
2026-06-30 16:00:00,4029.345,4033.975,4025.965,4026.215,2.9213,0.752
2026-06-30 17:00:00,4026.195,4032.325,4020.645,4030.915,3.0321,0.757
2026-06-30 18:00:00,4030.94,4033.91,4028.29,4028.6,2.1932,0.759
2026-06-30 19:00:00,4028.38,4029.595,4014.725,4016.125,3.207,0.757
2026-06-30 20:00:00,4016.11,4021.16,4006.51,4007.655,1.2211,0.767
2026-06-30 22:00:00,4011.54,4018.255,4010.355,4014.13,1.06,0.798
2026-06-30 23:00:00,4014.22,4018.675,4005.28,4005.835,1.0689,0.972
2026-07-01 00:00:00,4006.1,4009.825,3993.105,3996.86,2.729,0.718
2026-07-01 01:00:00,3996.78,3999.845,3974.015,3977.915,5.2358,0.733
2026-07-01 02:00:00,3977.95,3986.23,3970.3,3979.245,4.1605,0.7
2026-07-01 03:00:00,3979.255,3987.16,3976.595,3980.665,2.9174,0.71
2026-07-01 04:00:00,3981.01,3982.865,3972.56,3976.7,2.039,0.726
2026-07-01 05:00:00,3976.675,3979.065,3969.95,3974.135,3.0581,0.729
2026-07-01 06:00:00,3974.11,3977.57,3963.295,3971.935,3.3807,0.689
2026-07-01 07:00:00,3971.9,3978.57,3960.19,3976.2,2.9407,0.625
2026-07-01 08:00:00,3976.155,3984.49,3969.475,3974.62,2.8184,0.796
2026-07-01 09:00:00,3974.585,3986.18,3972.925,3984.565,2.3965,0.839
2026-07-01 10:00:00,3984.54,3998.8,3981.545,3998.38,2.2592,0.833
2026-07-01 11:00:00,3998.405,4035.6,3997.85,4030.39,3.5172,0.743
2026-07-01 12:00:00,4030.47,4033.74,4019.57,4022.82,4.0196,0.775
2026-07-01 13:00:00,4022.8,4107.93,4012.925,4089.675,6.8698,0.743
2026-07-01 14:00:00,4089.7,4115.87,4083.07,4093.41,6.8277,0.742
2026-07-01 15:00:00,4093.32,4094.635,4076.935,4081.185,4.6765,0.75
2026-07-01 16:00:00,4081.12,4088.45,4070.585,4071.24,3.6375,0.723
2026-07-01 17:00:00,4071.21,4073.84,4067.29,4068.36,3.0967,0.764
2026-07-01 18:00:00,4068.35,4070.815,4058.01,4062.175,2.7778,0.758
2026-07-01 19:00:00,4062.155,4068.32,4034.52,4038.91,3.3861,0.758
2026-07-01 20:00:00,4038.75,4039.81,4028.58,4031.255,1.6449,0.746
2026-07-01 22:00:00,4035.495,4045.24,4032.875,4045.17,0.996,0.808
2026-07-01 23:00:00,4044.805,4045.085,4033.44,4035.355,1.0404,0.922
2026-07-02 00:00:00,4035.325,4052.805,4030.865,4051.88,2.6852,0.71
2026-07-02 01:00:00,4051.795,4068.665,4045.255,4050.305,5.4742,0.699
2026-07-02 02:00:00,4050.295,4061.0,4041.33,4057.115,4.3956,0.681
2026-07-02 03:00:00,4057.105,4074.28,4055.57,4070.095,3.607,0.662
2026-07-02 04:00:00,4070.065,4073.015,4060.665,4060.83,2.7044,0.641
2026-07-02 05:00:00,4060.825,4067.785,4053.28,4066.2,4.1901,0.671
2026-07-02 06:00:00,4066.185,4079.9,4066.045,4073.32,3.9269,0.582
2026-07-02 07:00:00,4073.32,4075.715,4060.76,4064.655,2.8002,0.593
2026-07-02 08:00:00,4064.325,4080.08,4061.395,4076.22,3.2996,0.721
2026-07-02 09:00:00,4076.25,4077.135,4064.09,4065.405,2.6769,0.599
2026-07-02 10:00:00,4065.52,4068.865,4061.635,4066.535,2.171,0.564
2026-07-02 11:00:00,4066.525,4072.33,4057.5,4065.235,2.6671,0.545
2026-07-02 12:00:00,4065.285,4140.495,4061.33,4117.62,6.0277,0.663
2026-07-02 13:00:00,4117.6,4144.08,4109.6,4136.87,7.0991,0.716
2026-07-02 14:00:00,4136.89,4138.215,4114.165,4128.575,7.3854,0.746
2026-07-02 15:00:00,4128.55,4131.805,4114.775,4128.615,6.4236,0.713
2026-07-02 16:00:00,4128.63,4130.435,4100.375,4118.28,5.3134,0.734
2026-07-02 17:00:00,4118.02,4120.015,4105.765,4106.875,4.9479,0.744
2026-07-02 18:00:00,4106.82,4127.095,4105.97,4122.78,3.9174,0.747
2026-07-02 19:00:00,4122.805,4124.525,4108.28,4121.435,4.3264,0.738
2026-07-02 20:00:00,4121.395,4125.16,4116.52,4122.83,1.4847,0.76
2026-07-02 22:00:00,4125.77,4128.21,4122.635,4124.695,0.5555,0.832
2026-07-02 23:00:00,4124.765,4132.76,4121.17,4126.335,1.2312,1.023
2026-07-03 00:00:00,4126.16,4151.05,4123.005,4147.105,3.1694,0.766
2026-07-03 01:00:00,4147.195,4195.71,4146.57,4182.505,6.1406,0.685
2026-07-03 02:00:00,4182.485,4186.935,4176.615,4183.485,3.8992,0.678
2026-07-03 03:00:00,4183.525,4184.675,4175.29,4176.085,2.6952,0.689
2026-07-03 04:00:00,4176.065,4182.905,4173.31,4178.95,2.0061,0.693
2026-07-03 05:00:00,4178.93,4182.055,4169.3,4171.315,3.1651,0.701
2026-07-03 06:00:00,4171.36,4174.54,4160.59,4173.085,3.4877,0.703
2026-07-03 07:00:00,4173.2,4181.975,4169.345,4177.68,2.3452,0.723
2026-07-03 08:00:00,4177.525,4186.765,4177.05,4181.245,2.4076,0.59
2026-07-03 09:00:00,4181.23,4182.18,4168.495,4172.16,2.3096,0.552
2026-07-03 10:00:00,4172.115,4181.44,4170.8,4177.275,1.6369,0.584
2026-07-03 11:00:00,4177.15,4186.595,4175.715,4181.155,1.8045,0.554
2026-07-03 12:00:00,4181.28,4183.39,4172.185,4176.91,1.9742,0.682
2026-07-03 13:00:00,4177.06,4179.355,4163.665,4164.75,3.2638,0.753
2026-07-03 14:00:00,4164.69,4171.34,4155.41,4169.865,2.6488,0.753
2026-07-03 15:00:00,4169.87,4174.645,4164.645,4164.925,1.9541,0.762
2026-07-03 16:00:00,4164.915,4176.485,4162.915,4175.635,1.3589,0.847
2026-07-05 22:00:00,4185.39,4191.565,4173.075,4188.415,1.7176,0.939
2026-07-05 23:00:00,4188.445,4202.09,4177.69,4183.26,1.5243,0.923
2026-07-06 00:00:00,4184.165,4189.03,4170.665,4179.575,2.9626,0.702
2026-07-06 01:00:00,4179.255,4203.255,4172.665,4186.095,5.8443,0.68
2026-07-06 02:00:00,4186.12,4187.825,4168.735,4174.26,4.9773,0.703
2026-07-06 03:00:00,4174.2,4176.46,4161.085,4165.355,3.4464,0.695
2026-07-06 04:00:00,4165.34,4166.75,4157.455,4159.78,2.4335,0.694
2026-07-06 05:00:00,4159.815,4161.195,4144.88,4148.07,3.8882,0.676
2026-07-06 06:00:00,4148.11,4159.715,4145.805,4150.37,2.7028,0.589
2026-07-06 07:00:00,4150.365,4166.375,4147.28,4164.595,2.1649,0.594
2026-07-06 08:00:00,4164.955,4166.13,4147.225,4150.54,2.1257,0.592
2026-07-06 09:00:00,4150.585,4151.34,4136.62,4143.295,1.9194,0.595
2026-07-06 10:00:00,4143.335,4155.895,4142.21,4154.955,1.7932,0.553
2026-07-06 11:00:00,4155.005,4159.635,4151.57,4155.33,2.1437,0.524
2026-07-06 12:00:00,4155.27,4158.505,4131.58,4139.65,3.542,0.528
2026-07-06 13:00:00,4139.945,4150.46,4136.12,4140.64,5.3035,0.561
2026-07-06 14:00:00,4140.66,4147.29,4128.445,4138.1,5.4586,0.449
2026-07-06 15:00:00,4138.08,4152.03,4137.525,4148.41,3.7296,0.529
2026-07-06 16:00:00,4148.4,4156.31,4140.345,4155.06,2.5295,0.614
2026-07-06 17:00:00,4155.04,4161.71,4150.345,4161.39,2.9968,0.61
2026-07-06 18:00:00,4161.21,4167.63,4155.395,4163.865,2.2638,0.613
2026-07-06 19:00:00,4163.98,4165.54,4158.875,4163.905,2.7619,0.613
2026-07-06 20:00:00,4163.805,4165.69,4160.805,4164.81,0.8386,0.656
2026-07-06 22:00:00,4165.35,4168.53,4162.945,4164.425,0.5943,0.742
2026-07-06 23:00:00,4164.54,4165.895,4156.96,4157.325,0.715,0.926
2026-07-07 00:00:00,4157.285,4162.805,4145.405,4146.07,2.6038,0.684
2026-07-07 01:00:00,4145.995,4148.095,4125.755,4141.97,4.4865,0.705
2026-07-07 02:00:00,4141.96,4145.375,4131.39,4136.755,3.1454,0.742
2026-07-07 03:00:00,4136.735,4140.135,4124.525,4131.215,3.1025,0.707
2026-07-07 04:00:00,4131.285,4141.37,4125.91,4126.75,2.6452,0.683
2026-07-07 05:00:00,4126.74,4131.445,4116.82,4124.12,3.8197,0.738
2026-07-07 06:00:00,4124.115,4132.955,4121.5,4130.465,3.0731,0.578
2026-07-07 07:00:00,4130.445,4133.635,4124.46,4124.84,2.2651,0.582
2026-07-07 08:00:00,4124.775,4139.245,4121.945,4126.155,2.7039,0.584
2026-07-07 09:00:00,4126.005,4133.84,4120.0,4131.325,2.734,0.529
2026-07-07 10:00:00,4131.315,4139.11,4131.31,4135.855,2.0966,0.55
2026-07-07 11:00:00,4135.945,4158.29,4131.945,4156.865,2.7736,0.561
2026-07-07 12:00:00,4157.24,4175.165,4154.625,4172.365,3.5034,0.57
2026-07-07 13:00:00,4172.57,4180.605,4156.135,4158.59,5.6962,0.753
2026-07-07 14:00:00,4158.585,4163.855,4143.745,4154.36,5.9066,0.701
2026-07-07 15:00:00,4154.25,4155.795,4135.895,4139.145,4.4244,0.694
2026-07-07 16:00:00,4139.075,4147.375,4137.065,4145.075,3.3319,0.699
2026-07-07 17:00:00,4145.095,4148.415,4140.585,4144.71,3.2562,0.692
2026-07-07 18:00:00,4144.675,4145.36,4125.16,4127.035,3.7269,0.7
2026-07-07 19:00:00,4127.055,4127.83,4092.195,4114.215,5.4104,0.691
2026-07-07 20:00:00,4114.105,4115.945,4103.675,4105.735,1.4715,0.707
2026-07-07 22:00:00,4096.34,4106.37,4094.015,4098.53,1.2856,0.908
2026-07-07 23:00:00,4098.46,4107.98,4095.99,4098.43,1.7652,1.103
2026-07-08 00:00:00,4098.65,4126.71,4096.99,4111.38,4.2972,0.833
2026-07-08 01:00:00,4111.435,4117.975,4096.47,4111.28,5.8251,0.766
2026-07-08 02:00:00,4111.42,4124.94,4106.06,4114.615,5.1384,0.704
2026-07-08 03:00:00,4114.66,4131.315,4114.585,4123.675,4.6184,0.695
2026-07-08 04:00:00,4123.645,4128.915,4120.645,4125.18,3.7003,0.678
2026-07-08 05:00:00,4125.2,4134.005,4121.125,4127.845,5.5551,0.705
2026-07-08 06:00:00,4127.825,4133.815,4122.27,4123.615,4.7103,0.624
2026-07-08 07:00:00,4123.65,4127.405,4114.875,4121.13,3.2903,0.53
2026-07-08 08:00:00,4121.29,4121.42,4052.265,4056.845,6.9081,0.824
2026-07-08 09:00:00,4056.755,4061.285,4041.445,4043.14,6.1746,0.69
2026-07-08 10:00:00,4043.225,4058.415,4040.655,4053.155,4.8673,0.604
2026-07-08 11:00:00,4053.195,4072.985,4041.495,4062.145,5.1643,0.767
2026-07-08 12:00:00,4062.03,4086.565,4058.77,4072.31,5.8638,0.695
2026-07-08 13:00:00,4072.41,4083.02,4064.475,4070.895,7.6501,0.608
2026-07-08 14:00:00,4070.465,4071.665,4033.82,4041.065,8.2107,0.603
2026-07-08 15:00:00,4040.995,4043.915,4021.885,4034.16,7.7753,0.62
2026-07-08 16:00:00,4034.225,4064.685,4033.27,4063.745,6.3617,0.627
2026-07-08 17:00:00,4063.735,4076.435,4059.735,4065.44,5.6003,0.69
2026-07-08 18:00:00,4065.54,4091.605,4063.545,4084.4,4.9896,0.693
2026-07-08 19:00:00,4084.425,4091.43,4078.485,4079.995,4.3934,0.699
2026-07-08 20:00:00,4080.04,4083.66,4071.545,4074.88,2.0153,0.735
2026-07-08 22:00:00,4075.565,4080.8,4072.405,4076.625,0.9706,1.036
2026-07-08 23:00:00,4076.9,4078.44,4072.115,4076.335,0.8176,1.848
2026-07-09 00:00:00,4076.145,4090.185,4070.505,4074.285,2.8343,0.817
2026-07-09 01:00:00,4073.92,4079.035,4062.4,4072.9,4.5476,0.743
2026-07-09 02:00:00,4072.905,4082.795,4064.41,4065.07,4.2217,0.688
2026-07-09 03:00:00,4064.97,4067.7,4054.32,4064.13,3.9215,0.668
2026-07-09 04:00:00,4064.145,4064.68,4056.43,4064.535,2.8408,0.67
2026-07-09 05:00:00,4064.495,4084.345,4063.73,4082.075,4.6636,0.696
2026-07-09 06:00:00,4082.07,4108.175,4081.425,4107.905,3.972,0.663
2026-07-09 07:00:00,4107.955,4111.24,4101.545,4108.015,3.0834,0.672
2026-07-09 08:00:00,4107.965,4117.88,4105.36,4108.435,3.0554,0.664
2026-07-09 09:00:00,4108.415,4112.44,4103.225,4106.305,2.6386,0.672
2026-07-09 10:00:00,4106.325,4110.13,4093.845,4099.09,2.5747,0.666
2026-07-09 11:00:00,4099.055,4110.595,4097.955,4108.8,2.8418,0.67
2026-07-09 12:00:00,4108.77,4122.735,4105.245,4107.695,3.9673,0.642
2026-07-09 13:00:00,4107.715,4129.57,4106.75,4122.035,6.7682,0.6
2026-07-09 14:00:00,4122.015,4136.105,4114.225,4127.905,5.5743,0.664
2026-07-09 15:00:00,4127.895,4132.915,4124.815,4127.005,3.7646,0.704
2026-07-09 16:00:00,4126.865,4138.525,4125.695,4128.12,3.2505,0.7
2026-07-09 17:00:00,4128.185,4138.445,4125.065,4136.305,3.2463,0.7
2026-07-09 18:00:00,4136.195,4136.445,4121.565,4124.825,2.681,0.7
2026-07-09 19:00:00,4124.765,4127.065,4119.075,4122.745,2.9149,0.698
2026-07-09 20:00:00,4122.675,4125.715,4120.595,4123.8,0.835,0.721
2026-07-09 22:00:00,4126.305,4127.815,4121.35,4121.76,0.7204,0.88
2026-07-09 23:00:00,4121.83,4125.285,4120.755,4123.515,0.5888,1.128
2026-07-10 00:00:00,4123.465,4128.685,4114.435,4126.36,2.0594,0.798
2026-07-10 01:00:00,4126.48,4131.145,4108.88,4116.94,4.7842,0.822
2026-07-10 02:00:00,4117.02,4129.255,4116.175,4127.92,3.7898,0.838
2026-07-10 03:00:00,4127.71,4134.965,4119.43,4120.355,2.9567,0.84
2026-07-10 04:00:00,4120.37,4121.305,4112.015,4115.295,2.0386,0.81
2026-07-10 05:00:00,4115.28,4117.39,4108.325,4117.025,3.4493,0.831
2026-07-10 06:00:00,4116.98,4120.22,4111.305,4111.795,3.0361,0.777
2026-07-10 07:00:00,4111.515,4115.37,4104.31,4109.065,2.1373,0.557
2026-07-10 08:00:00,4108.99,4109.63,4094.85,4098.005,2.7188,0.548
2026-07-10 09:00:00,4097.96,4105.53,4094.5,4104.445,2.1582,0.548
2026-07-10 10:00:00,4104.45,4112.75,4104.2,4104.695,2.0476,0.545
2026-07-10 11:00:00,4104.655,4108.25,4096.15,4102.4,2.3938,0.553
2026-07-10 12:00:00,4102.43,4117.725,4097.695,4100.8,3.7852,0.545
2026-07-10 13:00:00,4101.09,4106.765,4085.645,4100.02,5.2177,0.551
2026-07-10 14:00:00,4099.99,4109.31,4072.95,4093.095,5.2837,0.656
2026-07-10 15:00:00,4093.605,4113.465,4091.6,4113.135,3.9765,0.698
2026-07-10 16:00:00,4113.215,4115.715,4104.465,4104.845,2.9948,0.7
2026-07-10 17:00:00,4104.635,4107.045,4100.465,4100.76,2.6086,0.706
2026-07-10 18:00:00,4100.925,4105.56,4098.075,4101.305,2.0538,0.699
2026-07-10 19:00:00,4101.375,4109.205,4097.865,4108.615,1.9599,0.707
2026-07-10 20:00:00,4108.295,4121.43,4108.295,4121.42,1.0386,0.74
2026-07-12 22:00:00,4095.605,4104.475,4069.495,4076.665,1.8607,0.906
2026-07-12 23:00:00,4076.755,4085.065,4068.655,4084.565,1.7276,1.134
2026-07-13 00:00:00,4084.585,4091.215,4061.14,4074.06,3.3763,0.804
2026-07-13 01:00:00,4074.09,4090.005,4065.47,4072.31,6.7578,0.798
2026-07-13 02:00:00,4072.335,4077.625,4064.57,4068.63,5.6698,0.83
2026-07-13 03:00:00,4068.64,4069.405,4052.95,4060.545,4.4155,0.8
2026-07-13 04:00:00,4060.525,4060.595,4050.44,4058.795,3.3626,0.764
2026-07-13 05:00:00,4058.785,4073.315,4052.415,4053.76,5.0986,0.768
2026-07-13 06:00:00,4053.715,4063.65,4043.945,4055.57,4.0984,0.672
2026-07-13 07:00:00,4055.745,4065.24,4049.06,4064.975,3.2625,0.63
2026-07-13 08:00:00,4064.945,4080.865,4063.105,4074.64,3.398,0.687
2026-07-13 09:00:00,4074.34,4076.825,4068.26,4068.37,2.3682,0.679
2026-07-13 10:00:00,4068.355,4070.695,4046.59,4060.785,2.7499,0.678
2026-07-13 11:00:00,4060.9,4068.84,4054.96,4056.695,3.4754,0.882
2026-07-13 12:00:00,4056.715,4067.605,4053.805,4067.585,3.9886,0.883
2026-07-13 13:00:00,4067.615,4067.8,4042.02,4043.395,5.4349,0.752
2026-07-13 14:00:00,4043.385,4047.14,4000.345,4015.37,6.0163,0.722
2026-07-13 15:00:00,4015.355,4020.525,4010.39,4016.085,4.9543,0.66
2026-07-13 16:00:00,4016.095,4018.08,3986.015,3993.335,5.3777,0.67
2026-07-13 17:00:00,3993.38,4001.985,3992.035,3993.285,4.7817,0.615
2026-07-13 18:00:00,3993.365,4005.195,3986.77,4001.625,4.4832,0.696
2026-07-13 19:00:00,4001.615,4004.665,3993.535,4002.06,4.2404,0.702
2026-07-13 20:00:00,4002.1,4006.235,3996.68,4001.8,1.5833,0.719
2026-07-13 22:00:00,4006.445,4007.62,4001.43,4001.955,0.8505,0.887
2026-07-13 23:00:00,4002.075,4003.42,3992.745,4001.185,1.353,1.176
2026-07-14 00:00:00,4001.215,4007.47,3983.715,4004.225,4.2461,0.812
2026-07-14 01:00:00,4004.28,4012.28,3992.045,4010.8,6.1241,0.781
2026-07-14 02:00:00,4010.725,4019.26,4006.095,4012.385,4.8058,0.746
2026-07-14 03:00:00,4012.46,4019.135,4011.15,4016.87,3.7069,0.758
2026-07-14 04:00:00,4016.9,4023.73,4013.555,4020.435,2.8209,0.776
2026-07-14 05:00:00,4020.73,4034.42,4019.715,4031.535,3.8552,0.767
2026-07-14 06:00:00,4031.505,4033.215,4021.8,4023.985,3.2124,0.662
2026-07-14 07:00:00,4023.965,4030.115,4020.19,4020.845,3.3882,0.633
2026-07-14 08:00:00,4020.765,4024.035,4014.4,4015.995,3.2637,0.563
2026-07-14 09:00:00,4016.02,4024.38,4013.755,4021.785,2.9804,0.61
2026-07-14 10:00:00,4021.725,4022.95,4015.235,4021.775,2.2222,0.67
2026-07-14 11:00:00,4021.815,4031.895,4015.54,4031.285,2.7889,0.688
2026-07-14 12:00:00,4031.225,4103.915,4023.27,4076.245,4.856,1.104
2026-07-14 13:00:00,4076.22,4088.96,4071.08,4076.645,5.3166,0.768
2026-07-14 14:00:00,4076.605,4093.315,4070.51,4085.26,5.3088,0.715
2026-07-14 15:00:00,4085.25,4101.01,4064.875,4066.295,3.6812,0.715
2026-07-14 16:00:00,4066.315,4066.965,4057.57,4061.735,2.7494,0.703
2026-07-14 17:00:00,4061.795,4065.515,4054.63,4062.855,2.2565,0.755
2026-07-14 18:00:00,4062.465,4063.285,4042.97,4054.225,2.1852,0.701
2026-07-14 19:00:00,4054.245,4057.47,4047.72,4055.91,2.257,0.701
2026-07-14 20:00:00,4055.885,4056.585,4049.245,4054.225,0.8377,0.761
2026-07-14 22:00:00,4053.27,4054.275,4047.055,4049.035,0.9259,1.12
2026-07-14 23:00:00,4048.775,4056.715,4046.065,4052.98,1.0843,2.266
2026-07-15 00:00:00,4053.085,4060.775,4050.535,4059.115,2.4455,0.8
2026-07-15 01:00:00,4059.635,4062.27,4035.495,4037.24,4.5447,0.804
2026-07-15 02:00:00,4036.88,4042.315,4029.395,4035.375,3.9753,0.777
2026-07-15 03:00:00,4035.305,4040.535,4028.215,4031.5,3.014,0.773
2026-07-15 04:00:00,4031.475,4035.17,4028.22,4033.18,2.1351,0.772
2026-07-15 05:00:00,4033.765,4036.9,4022.1,4034.85,3.646,0.77
2026-07-15 06:00:00,4034.815,4035.5,4021.41,4032.2,3.1184,0.669
2026-07-15 07:00:00,4032.29,4034.465,4019.76,4024.59,3.3842,0.622
2026-07-15 08:00:00,4024.67,4033.305,4017.48,4031.24,3.4942,0.628
2026-07-15 09:00:00,4031.525,4034.375,4025.52,4030.405,2.8276,0.623
2026-07-15 10:00:00,4030.445,4036.08,4026.625,4028.24,3.1005,0.605
2026-07-15 11:00:00,4028.09,4040.28,4027.64,4038.41,3.3233,0.617
2026-07-15 12:00:00,4038.52,4071.58,4035.84,4067.88,5.2406,0.644
2026-07-15 13:00:00,4068.425,4074.13,4054.205,4061.74,6.3908,0.636
2026-07-15 14:00:00,4061.75,4066.09,4053.345,4060.315,6.8544,0.639
2026-07-15 15:00:00,4060.69,4063.02,4039.745,4046.96,6.4151,0.645
2026-07-15 16:00:00,4046.955,4047.91,4026.825,4033.825,6.153,0.649
2026-07-15 17:00:00,4033.84,4066.465,4033.045,4062.425,5.3478,0.63
2026-07-15 18:00:00,4062.46,4081.285,4058.11,4059.155,4.903,0.638
2026-07-15 19:00:00,4059.175,4063.005,4048.005,4057.14,4.5052,0.642
2026-07-15 20:00:00,4057.125,4063.335,4055.21,4060.27,1.3081,0.692
2026-07-15 22:00:00,4062.435,4067.22,4058.175,4059.615,0.9083,0.908
2026-07-15 23:00:00,4059.525,4062.075,4055.69,4058.155,1.1392,1.125
2026-07-16 00:00:00,4058.22,4061.455,4043.825,4044.57,2.8321,0.807
2026-07-16 01:00:00,4044.595,4050.68,4033.875,4039.145,4.0296,0.869
2026-07-16 02:00:00,4039.105,4040.155,4024.025,4031.615,4.5051,0.843
2026-07-16 03:00:00,4031.565,4037.035,4027.73,4036.41,3.7863,0.776
2026-07-16 04:00:00,4036.46,4038.11,4032.045,4033.32,2.3924,0.771
2026-07-16 05:00:00,4033.27,4034.22,4025.37,4027.375,4.352,0.774
2026-07-16 06:00:00,4027.41,4036.625,4023.08,4030.68,3.7399,0.673
2026-07-16 07:00:00,4030.72,4032.04,4023.13,4030.81,4.1055,0.621
2026-07-16 08:00:00,4030.78,4036.71,4025.31,4035.44,4.0403,0.616
2026-07-16 09:00:00,4035.42,4037.84,4030.53,4031.755,3.0884,0.627
2026-07-16 10:00:00,4031.74,4034.89,4028.72,4029.595,2.9445,0.632
2026-07-16 11:00:00,4029.575,4042.5,4021.33,4038.61,4.4729,0.635
2026-07-16 12:00:00,4038.63,4043.34,3990.54,3992.34,6.3429,0.633
2026-07-16 13:00:00,3992.38,4008.65,3973.665,3990.26,7.8727,0.606
2026-07-16 14:00:00,3990.018,4006.845,3987.04,3997.92,7.9158,0.628
2026-07-16 15:00:00,3997.935,4017.075,3989.41,4007.04,6.8353,0.639
2026-07-16 16:00:00,4007.035,4007.625,3982.275,3992.09,6.3738,0.636
2026-07-16 17:00:00,3992.255,3993.035,3980.015,3984.735,5.9719,0.617
2026-07-16 18:00:00,3984.825,3990.52,3976.515,3980.505,5.7991,0.612
2026-07-16 19:00:00,3980.475,3986.285,3969.4,3980.005,5.7751,0.621
2026-07-16 20:00:00,3980.145,3980.2,3971.97,3975.675,1.5284,0.737
2026-07-16 22:00:00,3978.415,3980.55,3972.955,3978.51,0.8871,0.837
2026-07-16 23:00:00,3978.515,3986.765,3975.315,3986.235,1.7475,0.919
2026-07-17 00:00:00,3986.27,3992.02,3980.89,3992.02,4.1369,0.799
2026-07-17 01:00:00,3991.99,3996.18,3979.2,3983.385,6.4158,0.788
2026-07-17 02:00:00,3983.34,3987.61,3970.825,3979.195,5.0326,0.783
2026-07-17 03:00:00,3979.27,4008.825,3978.76,3991.49,4.6785,0.767
2026-07-17 04:00:00,3991.515,3991.785,3980.18,3981.795,3.726,0.74
2026-07-17 05:00:00,3981.79,3991.615,3975.475,3984.92,5.4115,0.759
2026-07-17 06:00:00,3984.97,4007.235,3984.97,3999.445,4.3261,0.665
2026-07-17 07:00:00,3999.415,4002.69,3992.735,3992.875,4.3013,0.584
2026-07-17 08:00:00,3992.895,3999.9,3987.89,3994.225,5.0857,0.63
2026-07-17 09:00:00,3994.275,4002.49,3992.885,3998.125,4.136,0.623
2026-07-17 10:00:00,3998.165,3999.135,3990.555,3990.96,3.8993,0.63
2026-07-17 11:00:00,3990.925,3998.88,3990.07,3994.115,4.1551,0.615
2026-07-17 12:00:00,3994.135,3995.615,3964.2,3966.235,5.2606,0.617
2026-07-17 13:00:00,3966.335,4003.725,3959.825,3997.16,7.428,0.645
2026-07-17 14:00:00,3997.005,4004.465,3990.135,4001.22,7.788,0.633
2026-07-17 15:00:00,4001.23,4021.445,3997.745,4019.185,6.5869,0.655
2026-07-17 16:00:00,4019.265,4024.005,4011.025,4015.085,4.2227,0.702
2026-07-17 17:00:00,4015.165,4019.415,4008.545,4010.215,3.836,0.698
2026-07-17 18:00:00,4010.115,4016.255,4006.745,4011.465,4.0317,0.7
2026-07-17 19:00:00,4011.495,4016.585,4002.435,4015.455,3.9206,0.697
2026-07-17 20:00:00,4015.515,4019.605,4008.725,4017.55,1.2387,1.179
2026-07-19 22:00:00,4003.35,4008.13,3993.61,3994.77,1.3776,0.936
2026-07-19 23:00:00,3994.875,3996.315,3989.595,3995.565,1.3407,1.127
2026-07-20 00:00:00,3995.425,4010.17,3982.37,4008.665,3.1513,0.815
2026-07-20 01:00:00,4008.695,4020.77,3995.915,4002.245,5.5755,0.784
2026-07-20 02:00:00,4002.295,4029.17,4001.36,4022.025,5.5541,0.748
2026-07-20 03:00:00,4021.94,4028.17,4018.755,4024.19,4.4276,0.748
2026-07-20 04:00:00,4024.205,4026.885,4018.55,4018.83,2.6739,0.778
2026-07-20 05:00:00,4019.135,4021.25,4005.47,4008.81,4.2003,0.777
2026-07-20 06:00:00,4008.77,4011.89,4003.12,4003.865,3.574,0.664
2026-07-20 07:00:00,4003.945,4021.94,4002.175,4017.255,3.8877,0.546
2026-07-20 08:00:00,4017.355,4030.71,4017.355,4019.035,3.5295,0.558
2026-07-20 09:00:00,4018.965,4023.345,4014.95,4021.28,3.2284,0.614
2026-07-20 10:00:00,4021.295,4025.69,4018.3,4024.26,2.8295,0.625
2026-07-20 11:00:00,4024.255,4040.805,4019.875,4025.34,4.613,0.628
2026-07-20 12:00:00,4025.01,4025.3,4006.59,4008.245,5.0147,0.63
2026-07-20 13:00:00,4008.17,4017.49,4005.695,4005.83,5.9752,0.627
2026-07-20 14:00:00,4005.775,4013.665,3998.33,4006.245,6.2556,0.618
2026-07-20 15:00:00,4006.305,4019.675,4004.545,4011.91,5.6228,0.607
2026-07-20 16:00:00,4011.885,4018.43,4001.755,4009.885,4.5747,0.624
2026-07-20 17:00:00,4009.895,4013.215,4003.72,4005.305,4.035,0.626
2026-07-20 18:00:00,4005.335,4011.91,4003.34,4007.335,4.0497,0.637
2026-07-20 19:00:00,4007.355,4018.09,4004.35,4007.105,4.4927,0.616
2026-07-20 20:00:00,4007.03,4009.545,4005.865,4008.085,1.213,0.684
2026-07-20 22:00:00,4008.595,4010.895,3999.685,4000.48,1.1493,0.869
2026-07-20 23:00:00,4000.67,4010.68,4000.25,4010.155,1.6142,0.904
2026-07-21 00:00:00,4010.025,4027.25,4003.93,4024.935,4.2433,0.905
2026-07-21 01:00:00,4024.9,4036.03,4018.385,4023.34,5.4919,0.86
2026-07-21 02:00:00,4023.445,4045.215,4022.165,4038.155,4.0071,0.877
2026-07-21 03:00:00,4038.195,4051.685,4036.82,4047.025,2.8715,0.912
2026-07-21 04:00:00,4047.06,4051.895,4043.795,4049.585,1.854,0.883
2026-07-21 05:00:00,4049.62,4067.93,4046.35,4061.57,3.4115,0.895
2026-07-21 06:00:00,4061.47,4084.21,4061.47,4078.455,3.6881,0.87
2026-07-21 07:00:00,4078.525,4080.475,4067.74,4071.32,1.9093,0.604
2026-07-21 08:00:00,4071.145,4072.565,4059.25,4062.89,2.0913,0.592
2026-07-21 09:00:00,4062.995,4069.76,4061.09,4066.0,1.7857,0.697
2026-07-21 10:00:00,4065.97,4070.185,4060.9,4063.04,2.2932,0.676
2026-07-21 11:00:00,4063.025,4063.81,4054.5,4056.04,2.706,0.63
2026-07-21 12:00:00,4056.13,4065.915,4051.255,4053.835,4.087,0.598
2026-07-21 13:00:00,4054.05,4061.88,4044.46,4053.11,6.2059,0.616
2026-07-21 14:00:00,4053.105,4074.055,4051.76,4068.535,6.5584,0.614
2026-07-21 15:00:00,4068.535,4083.615,4065.605,4074.29,5.2259,0.642
2026-07-21 16:00:00,4074.285,4079.23,4069.915,4071.565,3.3862,0.64
2026-07-21 17:00:00,4071.575,4072.89,4066.805,4068.815,2.9395,0.633
2026-07-21 18:00:00,4068.795,4087.05,4067.765,4082.325,3.3991,0.609
2026-07-21 19:00:00,4082.425,4085.88,4080.115,4084.785,2.9252,0.663
2026-07-21 20:00:00,4084.625,4086.615,4076.735,4077.565,0.8902,0.709
2026-07-21 22:00:00,4080.37,4085.44,4076.855,4080.525,0.9221,0.894
2026-07-21 23:00:00,4080.35,4083.26,4079.295,4080.785,0.6988,1.133
2026-07-22 00:00:00,4080.895,4102.785,4076.73,4097.535,3.1097,0.803
2026-07-22 01:00:00,4097.615,4124.085,4096.795,4122.29,5.0164,0.788
2026-07-22 02:00:00,4122.305,4131.015,4118.905,4130.825,4.9522,0.746
2026-07-22 03:00:00,4130.82,4141.8,4129.405,4130.975,4.2556,0.739
2026-07-22 04:00:00,4130.945,4131.39,4124.905,4127.025,2.8794,0.766
2026-07-22 05:00:00,4127.09,4134.29,4123.11,4131.04,4.2421,0.759
2026-07-22 06:00:00,4131.05,4135.37,4113.51,4116.465,4.0757,0.659
2026-07-22 07:00:00,4116.5,4123.24,4109.285,4110.735,3.7286,0.541
2026-07-22 08:00:00,4110.67,4120.185,4110.665,4118.445,3.6898,0.536
2026-07-22 09:00:00,4118.455,4122.485,4113.4,4115.09,3.3554,0.545
2026-07-22 10:00:00,4115.24,4121.93,4114.945,4117.705,3.1285,0.55
2026-07-22 11:00:00,4117.675,4123.27,4112.665,4122.64,3.4174,0.55
2026-07-22 12:00:00,4122.715,4134.48,4107.35,4113.04,4.5781,0.537
2026-07-22 13:00:00,4113.105,4156.065,4112.98,4154.635,5.9955,0.544
2026-07-22 14:00:00,4154.665,4163.53,4144.135,4148.53,6.5898,0.559
2026-07-22 15:00:00,4148.52,4166.025,4148.51,4159.405,5.3156,0.545
2026-07-22 16:00:00,4159.41,4159.6,4144.58,4146.99,4.0972,0.554
2026-07-22 17:00:00,4147.03,4148.02,4138.395,4142.5,4.0065,0.558
2026-07-22 18:00:00,4142.42,4142.985,4132.025,4136.195,4.7417,0.604
2026-07-22 19:00:00,4136.17,4137.37,4129.04,4131.955,4.3537,0.587
2026-07-22 20:00:00,4131.815,4137.985,4127.985,4130.68,2.7662,0.605
2026-07-22 22:00:00,4124.415,4137.16,4116.364,4121.715,1.7469,0.858
2026-07-22 23:00:00,4121.98,4134.42,4116.235,4133.515,2.1921,0.949
2026-07-23 00:00:00,4133.6,4134.8,4125.175,4132.115,3.0855,0.792
2026-07-23 01:00:00,4132.09,4141.29,4114.44,4117.995,5.8903,0.752
2026-07-23 02:00:00,4117.82,4128.865,4112.17,4128.35,4.542,0.751
2026-07-23 03:00:00,4128.35,4133.33,4124.11,4124.72,3.4631,0.759
2026-07-23 04:00:00,4124.695,4130.46,4120.025,4121.205,2.8144,0.735
2026-07-23 05:00:00,4121.175,4130.74,4119.415,4124.145,3.8917,0.746
2026-07-23 06:00:00,4124.14,4128.36,4116.855,4118.81,3.4132,0.645
2026-07-23 07:00:00,4118.81,4119.72,4090.24,4095.605,4.4923,0.541
2026-07-23 08:00:00,4095.48,4097.8,4087.05,4093.585,3.6652,0.544
2026-07-23 09:00:00,4093.565,4099.58,4088.43,4089.935,3.2812,0.535
2026-07-23 10:00:00,4089.9,4095.415,4085.86,4093.315,3.1469,0.515
2026-07-23 11:00:00,4093.385,4093.98,4073.095,4085.8,4.0461,0.544
2026-07-23 12:00:00,4085.585,4086.085,4061.035,4061.915,5.0807,0.571
2026-07-23 13:00:00,4061.905,4067.485,4040.48,4043.405,7.553,0.559
2026-07-23 14:00:00,4043.4,4061.82,4039.975,4058.0,7.0515,0.555
2026-07-23 15:00:00,4058.085,4059.62,4042.36,4048.815,5.9309,0.553
2026-07-23 16:00:00,4048.845,4051.885,4045.875,4051.5,4.1456,0.551
2026-07-23 17:00:00,4051.69,4054.755,4041.76,4041.91,4.4714,0.554
2026-07-23 18:00:00,4041.87,4048.52,4040.565,4046.45,4.6885,0.475
2026-07-23 19:00:00,4046.43,4051.32,4043.05,4049.81,4.3685,0.566
2026-07-23 20:00:00,4049.985,4051.21,4047.51,4049.745,1.539,0.646
2026-07-23 22:00:00,4050.145,4050.845,4048.64,4049.645,0.5948,0.819
2026-07-23 23:00:00,4049.635,4051.24,4046.675,4047.155,1.1791,0.888
2026-07-24 00:00:00,4047.12,4051.18,4041.395,4050.1,3.1279,0.76
2026-07-24 01:00:00,4049.91,4050.76,4039.915,4043.73,4.6409,0.759
2026-07-24 02:00:00,4043.705,4048.66,4023.115,4024.69,4.1413,0.763
2026-07-24 03:00:00,4024.635,4033.66,4023.2,4029.43,3.0834,0.738
2026-07-24 04:00:00,4029.025,4030.505,4025.595,4027.185,1.9933,0.758
2026-07-24 05:00:00,4027.21,4032.38,4022.045,4023.09,3.5239,0.746
2026-07-24 06:00:00,4023.11,4039.265,4023.01,4035.85,3.1704,0.628
2026-07-24 07:00:00,4035.89,4053.825,4035.235,4048.47,3.4016,0.539
2026-07-24 08:00:00,4048.78,4058.805,4045.24,4057.66,2.8161,0.53
2026-07-24 09:00:00,4057.72,4060.905,4051.685,4059.925,2.2209,0.548
2026-07-24 10:00:00,4060.185,4064.0,4057.305,4060.195,1.4478,0.53
2026-07-24 11:00:00,4060.32,4063.52,4051.475,4057.835,1.5559,0.549
2026-07-24 12:00:00,4057.9,4060.3,4051.76,4056.215,2.3506,0.544
2026-07-24 13:00:00,4056.095,4068.705,4044.755,4067.51,3.7902,0.58
2026-07-24 14:00:00,4067.58,4070.15,4055.835,4063.4,4.481,0.52
2026-07-24 15:00:00,4063.3,4082.24,4061.94,4077.445,4.2679,0.548
2026-07-24 16:00:00,4077.43,4078.31,4064.225,4067.135,2.4622,0.55
2026-07-24 17:00:00,4067.215,4069.96,4063.04,4063.41,2.2491,0.541
2026-07-24 18:00:00,4063.46,4064.655,4051.145,4054.465,2.0105,0.545
2026-07-24 19:00:00,4054.54,4058.03,4049.26,4053.785,2.1546,0.558
2026-07-24 20:00:00,4053.675,4056.18,4051.74,4052.46,0.6937,1.032
2026-07-26 22:00:00,4090.78,4097.62,4084.15,4089.5,0.9538,1.164
2026-07-26 23:00:00,4089.64,4096.43,4083.215,4094.22,0.5518,2.249
2026-07-27 00:00:00,4094.49,4116.56,4090.67,4100.71,1.5819,0.806
2026-07-27 01:00:00,4100.6,4112.735,4097.04,4110.25,3.0572,0.741
2026-07-27 02:00:00,4110.33,4111.1,4093.675,4093.815,2.1084,0.72
2026-07-27 03:00:00,4093.53,4095.93,4085.105,4091.035,1.5877,0.742
2026-07-27 04:00:00,4091.14,4093.125,4087.005,4090.33,1.1933,0.745
2026-07-27 05:00:00,4090.47,4094.89,4084.52,4093.3,1.678,0.743
2026-07-27 06:00:00,4093.235,4099.345,4091.33,4096.235,1.4437,0.613
2026-07-27 07:00:00,4096.16,4106.14,4088.74,4088.895,2.1807,0.576
2026-07-27 08:00:00,4089.095,4096.995,4087.14,4095.31,2.0468,0.605
2026-07-27 09:00:00,4095.115,4100.485,4090.385,4096.21,1.4301,0.604
2026-07-27 10:00:00,4096.195,4102.48,4086.615,4099.535,1.5443,0.606
2026-07-27 11:00:00,4099.575,4104.165,4093.84,4094.01,1.6635,0.604
2026-07-27 12:00:00,4094.09,4097.68,4081.735,4083.82,2.6485,0.637
2026-07-27 13:00:00,4083.875,4089.72,4070.47,4074.305,5.0453,0.622
2026-07-27 14:00:00,4074.4,4079.255,4065.385,4076.255,5.0829,0.604
2026-07-27 15:00:00,4076.275,4079.985,4071.845,4078.595,3.8283,0.628
2026-07-27 16:00:00,4078.615,4094.025,4077.955,4082.385,3.1967,0.611
2026-07-27 17:00:00,4082.51,4082.51,4070.62,4076.46,2.7023,0.607
2026-07-27 18:00:00,4076.555,4079.635,4072.945,4077.935,2.2754,0.625
2026-07-27 19:00:00,4078.015,4089.505,4076.24,4083.4,2.0079,0.618
2026-07-27 20:00:00,4083.47,4084.14,4075.325,4077.715,0.6245,0.686
2026-07-27 22:00:00,4079.79,4082.55,4070.725,4074.24,0.3862,0.819
2026-07-27 23:00:00,4074.07,4075.215,4070.005,4073.49,0.5401,1.009
2026-07-28 00:00:00,4073.37,4074.27,4057.59,4058.015,1.764,0.786
2026-07-28 01:00:00,4057.835,4060.475,4042.74,4045.24,2.4181,0.768
2026-07-28 02:00:00,4045.53,4049.21,4040.96,4042.36,1.7294,0.759
2026-07-28 03:00:00,4042.195,4051.415,4040.6,4049.515,1.4813,0.774
2026-07-28 04:00:00,4049.385,4049.865,4041.44,4042.46,1.0546,0.756
2026-07-28 05:00:00,4042.05,4046.83,4034.81,4045.35,1.4692,0.755
2026-07-28 06:00:00,4045.31,4052.55,4043.065,4048.435,0.9954,0.64
2026-07-28 07:00:00,4048.28,4052.625,4046.185,4047.38,0.9142,0.636
2026-07-28 08:00:00,4047.18,4055.33,4041.685,4045.57,1.1931,0.636
2026-07-28 09:00:00,4045.435,4046.06,4019.3,4023.745,0.9551,0.636
2026-07-28 10:00:00,4023.515,4028.685,4017.02,4026.61,1.0454,0.64
2026-07-28 11:00:00,4026.715,4032.43,4023.14,4028.135,1.1495,0.638
2026-07-28 12:00:00,4028.0,4038.28,4022.93,4029.555,1.2336,0.667
2026-07-28 13:00:00,4029.54,4036.175,4020.355,4022.225,2.7782,0.592
2026-07-28 14:00:00,4022.285,4033.625,4011.665,4024.53,3.9926,0.543
2026-07-28 15:00:00,4024.545,4047.215,4022.315,4046.32,3.4106,0.573
2026-07-28 16:00:00,4046.27,4046.665,4036.71,4037.635,2.111,0.574
2026-07-28 17:00:00,4037.75,4041.595,4025.955,4027.96,2.3349,0.553
2026-07-28 18:00:00,4028.125,4030.505,4021.72,4023.165,2.2754,0.584
2026-07-28 19:00:00,4023.23,4028.15,4021.965,4026.555,1.7785,0.561
2026-07-28 20:00:00,4026.44,4030.625,4022.675,4028.345,0.6834,0.602
2026-07-28 22:00:00,4027.37,4031.415,4014.174,4018.535,0.4432,0.807
2026-07-28 23:00:00,4018.56,4026.355,4015.04,4025.025,0.7436,0.893
2026-07-29 00:00:00,4025.155,4029.87,4017.5,4022.02,2.0268,0.76
2026-07-29 01:00:00,4021.9,4030.77,4010.415,4026.16,3.4821,0.784
2026-07-29 02:00:00,4026.325,4038.17,4023.205,4029.61,2.1622,0.755
2026-07-29 03:00:00,4029.38,4033.035,4023.225,4023.63,1.4913,0.758
2026-07-29 04:00:00,4023.645,4027.75,4020.53,4027.325,1.6266,0.729
2026-07-29 05:00:00,4027.48,4040.13,4026.7,4033.12,1.9556,0.73
2026-07-29 06:00:00,4033.16,4044.92,4033.13,4041.305,1.1421,0.621
2026-07-29 07:00:00,4041.44,4047.92,4041.08,4043.86,1.8217,0.542
2026-07-29 08:00:00,4043.7,4044.52,4035.585,4037.74,1.8634,0.515
2026-07-29 09:00:00,4038.05,4038.52,4031.425,4032.855,1.6349,0.539
2026-07-29 10:00:00,4032.795,4034.58,4026.025,4027.58,1.6691,0.542
2026-07-29 11:00:00,4027.63,4036.28,4024.985,4032.87,1.6051,0.539
2026-07-29 12:00:00,4032.89,4033.545,4009.31,4022.67,3.1079,0.54
2026-07-29 13:00:00,4022.855,4026.555,4002.615,4007.285,4.7995,0.547
2026-07-29 14:00:00,4007.355,4010.245,3995.94,4004.945,5.2367,0.547
2026-07-29 15:00:00,4004.935,4013.84,4003.515,4009.87,3.7715,0.546
2026-07-29 16:00:00,4010.075,4032.9,4007.745,4027.37,3.1466,0.528
2026-07-29 17:00:00,4027.29,4050.79,4027.215,4043.8,4.0344,0.601
2026-07-29 18:00:00,4043.95,4110.005,4042.305,4106.82,5.1138,0.722
2026-07-29 19:00:00,4107.355,4116.465,4044.525,4044.92,4.1956,0.703
2026-07-29 20:00:00,4044.695,4070.045,4042.8,4068.145,1.6462,0.805
2026-07-29 22:00:00,4065.555,4090.66,4063.975,4088.73,0.8268,0.877
2026-07-29 23:00:00,4088.74,4100.58,4084.4,4084.64,1.0174,1.084
2026-07-30 00:00:00,4085.135,4086.87,4064.845,4072.29,2.1039,0.773
2026-07-30 01:00:00,4072.305,4093.07,4070.415,4084.775,4.1316,0.738
2026-07-30 02:00:00,4084.685,4090.46,4063.33,4063.69,2.717,0.733
2026-07-30 03:00:00,4063.68,4070.175,4050.66,4058.965,2.8527,0.731
2026-07-30 04:00:00,4058.845,4060.225,4044.43,4046.2,1.9812,0.751
2026-07-30 05:00:00,4046.215,4051.625,4028.55,4033.855,3.1811,0.753
2026-07-30 06:00:00,4033.86,4040.71,4029.46,4036.82,2.0149,0.633
2026-07-30 07:00:00,4036.405,4051.46,4035.495,4039.07,3.6058,0.549
2026-07-30 08:00:00,4038.99,4072.96,4036.855,4061.465,3.7662,0.543
2026-07-30 09:00:00,4061.57,4073.16,4060.445,4063.39,2.8575,0.537
2026-07-30 10:00:00,4063.47,4083.28,4063.07,4078.13,3.2889,0.535
2026-07-30 11:00:00,4078.01,4083.06,4075.7,4077.845,2.6399,0.541
2026-07-30 12:00:00,4077.77,4086.75,4067.195,4068.985,4.0036,0.56
2026-07-30 13:00:00,4069.155,4112.83,4065.23,4112.385,5.274,0.596
2026-07-30 14:00:00,4112.175,4120.482,4087.12,4100.14,3.6619,0.651
2026-07-30 15:00:00,4100.145,4110.22,4083.245,4108.275,4.9858,0.548
2026-07-30 16:00:00,4108.25,4119.365,4106.67,4110.755,3.4056,0.52
2026-07-30 17:00:00,4110.765,4111.36,4098.46,4102.7,3.3366,0.535
2026-07-30 18:00:00,4102.745,4107.895,4098.775,4099.745,2.5918,0.526
2026-07-30 19:00:00,4099.705,4115.46,4098.855,4112.085,2.6943,0.561
2026-07-30 20:00:00,4112.15,4117.49,4099.165,4103.17,1.7769,0.624
2026-07-30 22:00:00,4106.72,4111.685,4102.11,4109.27,0.5824,1.025
2026-07-30 23:00:00,4109.255,4111.9,4102.125,4105.99,0.7407,0.824
2026-07-31 00:00:00,4106.245,4107.14,4090.48,4094.78,1.7239,0.746
2026-07-31 01:00:00,4094.93,4101.685,4081.99,4084.625,2.5274,0.73
2026-07-31 02:00:00,4084.65,4090.65,4074.125,4076.225,1.6712,0.732
2026-07-31 03:00:00,4075.845,4079.725,4071.855,4075.22,1.3906,0.744
2026-07-31 04:00:00,4075.2,4081.445,4073.175,4080.22,0.9839,0.726
2026-07-31 05:00:00,4080.23,4083.41,4073.34,4074.27,1.3647,0.737
2026-07-31 06:00:00,4074.38,4087.53,4072.895,4077.695,1.3132,0.642
2026-07-31 07:00:00,4077.53,4079.29,4067.71,4067.755,2.0615,0.547
2026-07-31 08:00:00,4067.935,4068.065,4054.36,4061.17,2.5532,0.554
2026-07-31 09:00:00,4061.1,4064.03,4050.4,4055.165,2.339,0.547
2026-07-31 10:00:00,4055.12,4058.445,4052.1,4054.575,1.5359,0.551
2026-07-31 11:00:00,4054.48,4061.15,4050.555,4053.735,2.1845,0.543
2026-07-31 12:00:00,4054.19,4059.485,4040.67,4040.97,2.9264,0.552
2026-07-31 13:00:00,4040.84,4047.085,4022.35,4025.69,5.0815,0.584
2026-07-31 14:00:00,4025.565,4050.36,4020.885,4049.295,5.8133,0.562
2026-07-31 15:00:00,4049.435,4052.835,4036.785,4045.635,5.0373,0.559
2026-07-31 16:00:00,4045.65,4050.065,4041.21,4043.405,3.299,0.531
2026-07-31 17:00:00,4043.41,4054.88,4041.485,4053.65,3.469,0.546
2026-07-31 18:00:00,4053.555,4055.26,4047.165,4050.84,2.4164,0.543
2026-07-31 19:00:00,4050.82,4055.795,4047.01,4051.01,2.3561,0.542
2026-07-31 20:00:00,4051.01,4053.1,4039.655,4046.57,1.6891,1.015
2026-08-02 22:00:00,4083.11,4083.11,4062.715,4064.135,1.1647,1.352
2026-08-02 23:00:00,4063.985,4075.15,4063.195,4075.15,0.5909,2.26
2026-08-03 00:00:00,4075.04,4079.535,4055.775,4057.135,1.782,0.766
2026-08-03 01:00:00,4057.275,4063.58,4047.385,4056.75,3.1363,0.73
2026-08-03 02:00:00,4056.85,4067.385,4052.24,4062.49,2.1473,0.746
2026-08-03 03:00:00,4062.575,4068.15,4059.295,4065.22,1.577,0.753
2026-08-03 04:00:00,4065.205,4071.965,4063.8,4063.875,1.138,0.742
2026-08-03 05:00:00,4063.935,4070.085,4054.145,4069.025,2.0527,0.719
2026-08-03 06:00:00,4068.98,4072.035,4060.59,4064.13,1.4184,0.621
2026-08-03 07:00:00,4063.965,4065.435,4052.2,4061.125,2.4319,0.546
2026-08-03 08:00:00,4061.12,4062.565,4054.285,4059.54,2.1265,0.529
2026-08-03 09:00:00,4059.28,4062.245,4046.59,4055.385,2.026,0.539
2026-08-03 10:00:00,4055.505,4057.195,4045.925,4049.44,1.7107,0.549
2026-08-03 11:00:00,4049.465,4063.16,4045.505,4062.57,2.097,0.542
2026-08-03 12:00:00,4062.645,4064.695,4042.29,4047.715,2.7147,0.546
2026-08-03 13:00:00,4047.84,4053.74,4019.165,4032.115,5.0024,0.584
2026-08-03 14:00:00,4030.575,4039.355,4026.64,4036.325,4.0793,0.541
2026-08-03 15:00:00,4036.355,4041.09,4030.435,4036.125,3.3712,0.549
2026-08-03 16:00:00,4036.155,4039.36,4034.65,4036.985,2.3069,0.514
2026-08-03 17:00:00,4037.1,4037.93,4030.22,4030.58,2.1911,0.522
2026-08-03 18:00:00,4030.685,4045.15,4029.745,4043.585,2.0397,0.535
2026-08-03 19:00:00,4043.61,4055.935,4043.54,4052.155,2.2631,0.541
2026-08-03 20:00:00,4052.09,4058.295,4050.185,4054.975,0.738,0.615
2026-08-03 22:00:00,4051.58,4054.72,4048.83,4052.99,0.2791,0.79
2026-08-03 23:00:00,4052.88,4055.08,4050.175,4054.125,0.4937,0.829
2026-08-04 00:00:00,4053.94,4069.43,4048.85,4049.32,1.6223,0.755
2026-08-04 01:00:00,4048.82,4062.055,4042.73,4058.75,2.55,0.736
2026-08-04 02:00:00,4058.85,4065.275,4055.785,4059.045,1.9393,0.743
2026-08-04 03:00:00,4058.925,4061.855,4052.23,4052.675,1.5734,0.748
2026-08-04 04:00:00,4052.7,4066.23,4051.2,4063.97,1.238,0.74
2026-08-04 05:00:00,4064.21,4067.885,4057.21,4061.985,1.7061,0.741
2026-08-04 06:00:00,4061.97,4066.23,4055.845,4063.54,1.1653,0.63
2026-08-04 07:00:00,4063.43,4066.87,4060.815,4065.565,1.8262,0.533
2026-08-04 08:00:00,4065.615,4073.05,4054.605,4055.14,2.2444,0.536
2026-08-04 09:00:00,4055.085,4055.49,4046.14,4049.935,1.8102,0.55
2026-08-04 10:00:00,4049.985,4060.82,4045.665,4053.9,2.074,0.527
2026-08-04 11:00:00,4053.83,4084.455,4052.47,4075.095,3.2904,0.542
2026-08-04 12:00:00,4075.175,4084.575,4061.0,4070.97,3.5842,0.531
2026-08-04 13:00:00,4071.09,4094.375,4061.285,4084.25,4.8834,0.573
2026-08-04 14:00:00,4084.28,4092.05,4074.465,4083.655,4.3442,0.544
2026-08-04 15:00:00,4083.735,4088.905,4074.715,4087.395,3.571,0.547
2026-08-04 16:00:00,4087.46,4093.765,4083.095,4093.47,2.6348,0.546
2026-08-04 17:00:00,4093.395,4106.744,4086.205,4086.205,3.0407,0.543
2026-08-04 18:00:00,4086.215,4089.145,4075.31,4079.925,2.4799,0.548
2026-08-04 19:00:00,4080.01,4084.9,4076.365,4078.51,1.9134,0.538
2026-08-04 20:00:00,4078.545,4080.365,4074.71,4077.83,1.115,0.6
2026-08-04 22:00:00,4078.43,4086.1,4075.665,4075.83,0.6864,0.816
2026-08-04 23:00:00,4076.085,4077.245,4065.245,4072.6,1.1025,0.852
2026-08-05 00:00:00,4072.71,4083.68,4070.555,4082.545,1.5224,0.743
2026-08-05 01:00:00,4082.58,4102.725,4077.5,4101.47,2.5503,0.748
2026-08-05 02:00:00,4101.575,4135.465,4095.5,4129.25,3.2164,0.751
2026-08-05 03:00:00,4129.225,4136.6,4126.925,4128.275,1.82,0.748
2026-08-05 04:00:00,4128.26,4141.54,4128.26,4135.64,1.4052,0.745
2026-08-05 05:00:00,4135.53,4173.035,4134.695,4161.622,2.7799,0.753
2026-08-05 06:00:00,4161.494,4178.55,4160.315,4177.765,1.8941,0.635
2026-08-05 07:00:00,4178.005,4179.68,4162.26,4170.965,2.5225,0.54
2026-08-05 08:00:00,4170.89,4172.71,4159.12,4160.665,2.0622,0.576
2026-08-05 09:00:00,4160.855,4167.305,4153.115,4158.09,1.9935,0.489
2026-08-05 10:00:00,4158.105,4161.75,4150.315,4161.615,1.5703,0.499
2026-08-05 11:00:00,4161.635,4192.695,4160.98,4188.81,2.615,0.599
2026-08-05 12:00:00,4188.8,4213.595,4183.22,4184.01,3.767,0.622
2026-08-05 13:00:00,4183.905,4206.75,4183.835,4206.17,4.4011,0.612
2026-08-05 14:00:00,4204.87,4247.63,4203.585,4244.23,5.7266,0.61
2026-08-05 15:00:00,4244.255,4265.23,4232.285,4232.84,4.6049,0.62
2026-08-05 16:00:00,4232.875,4247.48,4224.815,4242.345,3.5059,0.593
2026-08-05 17:00:00,4242.48,4252.515,4236.935,4250.21,2.7554,0.542
2026-08-05 18:00:00,4249.855,4267.905,4249.09,4260.975,2.2247,0.594
2026-08-05 19:00:00,4261.065,4262.24,4246.275,4247.025,2.198,0.578
2026-08-05 20:00:00,4246.97,4249.685,4243.16,4247.315,0.6202,0.64
2026-08-05 22:00:00,4250.185,4254.92,4245.755,4249.84,0.5345,1.023
2026-08-05 23:00:00,4249.87,4282.16,4248.985,4278.35,1.1246,0.889
2026-08-06 00:00:00,4278.375,4300.375,4264.595,4294.885,2.7236,0.746
2026-08-06 01:00:00,4294.77,4302.905,4272.855,4286.45,4.2636,0.773
2026-08-06 02:00:00,4286.435,4304.165,4275.075,4278.64,3.2002,0.755
2026-08-06 03:00:00,4278.725,4281.12,4260.325,4265.725,2.403,0.723
2026-08-06 04:00:00,4265.535,4267.44,4252.765,4262.195,1.7715,0.748
2026-08-06 05:00:00,4261.8,4268.595,4247.31,4267.185,2.5916,0.752
2026-08-06 06:00:00,4267.265,4268.675,4249.265,4256.185,1.6146,0.611
2026-08-06 07:00:00,4256.13,4265.51,4252.755,4262.77,2.1558,0.517
2026-08-06 08:00:00,4262.875,4278.945,4260.27,4278.375,2.5355,0.505
2026-08-06 09:00:00,4278.365,4284.83,4271.295,4273.05,2.212,0.523
2026-08-06 10:00:00,4273.045,4273.595,4264.56,4270.92,1.8157,0.522
2026-08-06 11:00:00,4270.925,4273.545,4254.18,4263.46,2.6927,0.492
2026-08-06 12:00:00,4263.44,4270.815,4248.97,4250.235,3.0682,0.56
2026-08-06 13:00:00,4250.2,4274.26,4230.435,4267.145,5.3401,0.545
2026-08-06 14:00:00,4267.19,4275.45,4260.235,4273.065,4.6843,0.544
2026-08-06 15:00:00,4273.135,4274.425,4229.694,4233.795,4.6308,0.532
2026-08-06 16:00:00,4233.82,4243.22,4223.495,4241.485,4.6032,0.529
2026-08-06 17:00:00,4241.525,4248.26,4238.52,4247.21,2.7348,0.53
2026-08-06 18:00:00,4247.515,4249.765,4240.8,4243.51,1.9973,0.523
2026-08-06 19:00:00,4243.615,4251.41,4233.03,4248.97,2.7083,0.54
2026-08-06 20:00:00,4248.94,4250.2,4234.795,4239.865,1.0568,0.61
2026-08-06 22:00:00,4239.98,4243.79,4236.08,4240.775,0.3379,0.783
2026-08-06 23:00:00,4240.505,4253.335,4240.315,4252.3,0.686,0.822
2026-08-07 00:00:00,4252.4,4252.745,4229.755,4232.745,2.4649,0.739
2026-08-07 01:00:00,4232.92,4259.51,4231.95,4256.845,3.3712,0.752
2026-08-07 02:00:00,4256.96,4261.91,4247.225,4250.57,2.2083,0.729
2026-08-07 03:00:00,4250.44,4266.405,4249.665,4266.21,1.7282,0.753
2026-08-07 04:00:00,4266.35,4269.29,4260.76,4265.09,1.6745,0.748
2026-08-07 05:00:00,4264.97,4280.74,4261.88,4278.845,2.3604,0.739
2026-08-07 06:00:00,4278.89,4298.87,4278.385,4297.295,2.1508,0.625
2026-08-07 07:00:00,4297.355,4298.065,4283.025,4290.205,2.1598,0.539
2026-08-07 08:00:00,4290.215,4316.82,4289.13,4306.165,2.745,0.543
2026-08-07 09:00:00,4306.265,4320.84,4302.415,4316.06,2.4404,0.518
2026-08-07 10:00:00,4316.055,4320.935,4308.115,4316.925,1.9008,0.556
2026-08-07 11:00:00,4317.01,4327.925,4316.89,4321.255,2.5879,0.562
2026-08-07 12:00:00,4321.24,4371.975,4301.57,4361.465,4.8138,0.686
2026-08-07 13:00:00,4361.515,4368.03,4339.175,4348.275,5.8003,0.573
2026-08-07 14:00:00,4348.405,4353.055,4327.46,4341.585,6.0374,0.563
2026-08-07 15:00:00,4341.605,4358.545,4339.82,4341.065,4.3898,0.534
2026-08-07 16:00:00,4341.07,4349.72,4329.2,4329.23,3.9761,0.551
2026-08-07 17:00:00,4329.265,4343.255,4327.81,4340.355,3.029,0.543
2026-08-07 18:00:00,4340.33,4343.06,4332.225,4335.555,2.2337,0.534
2026-08-07 19:00:00,4335.385,4350.415,4335.385,4344.125,3.1992,0.539
2026-08-07 20:00:00,4344.115,4347.675,4336.045,4343.08,1.105,0.979
2026-08-09 22:00:00,4345.485,4354.575,4333.425,4341.47,0.9545,2.832
2026-08-09 23:00:00,4341.345,4348.71,4332.314,4332.845,0.5971,1.604
2026-08-10 00:00:00,4332.77,4347.335,4330.675,4332.375,1.3217,0.904
2026-08-10 01:00:00,4332.165,4341.035,4313.46,4322.575,2.4026,1.032
2026-08-10 02:00:00,4322.58,4332.62,4318.74,4319.825,2.2979,0.95
2026-08-10 03:00:00,4319.915,4329.805,4317.835,4326.795,1.2292,0.835
2026-08-10 04:00:00,4326.945,4339.81,4323.045,4339.49,1.1796,0.75
2026-08-10 05:00:00,4339.46,4352.195,4331.64,4347.42,1.7243,0.773
2026-08-10 06:00:00,4347.545,4359.97,4342.07,4358.31,1.3845,0.765
2026-08-10 07:00:00,4358.275,4362.205,4350.225,4355.395,1.908,0.604
2026-08-10 08:00:00,4355.405,4356.69,4343.79,4346.605,1.6334,0.598
2026-08-10 09:00:00,4346.72,4350.065,4340.405,4341.21,1.396,0.6
2026-08-10 10:00:00,4341.095,4344.315,4335.505,4335.795,1.3663,0.594
2026-08-10 11:00:00,4335.81,4339.515,4328.94,4335.13,1.661,0.592
2026-08-10 12:00:00,4335.0,4337.715,4324.195,4332.51,2.2026,0.583
2026-08-10 13:00:00,4332.62,4340.0,4316.63,4318.075,4.252,0.605
2026-08-10 14:00:00,4318.04,4351.835,4318.01,4345.505,4.0733,0.609
2026-08-10 15:00:00,4345.65,4359.675,4343.405,4358.515,3.0997,0.624
2026-08-10 16:00:00,4358.56,4364.775,4349.27,4356.915,2.7676,0.6
2026-08-10 17:00:00,4357.125,4365.575,4351.7,4360.38,2.0813,0.613
2026-08-10 18:00:00,4360.27,4383.04,4359.735,4378.475,1.8643,0.648
2026-08-10 19:00:00,4378.495,4395.245,4378.495,4388.435,2.1517,0.733
2026-08-10 20:00:00,4388.505,4392.39,4385.97,4390.15,0.4028,0.807
2026-08-10 22:00:00,4388.405,4401.045,4387.84,4399.38,0.4729,1.095
2026-08-10 23:00:00,4399.16,4403.021,4394.554,4402.435,0.651,1.157
2026-08-11 00:00:00,4402.56,4419.3,4396.34,4409.34,1.3772,0.758
2026-08-11 01:00:00,4409.475,4434.22,4393.825,4429.645,3.837,0.726
2026-08-11 02:00:00,4429.57,4435.255,4407.9,4410.82,3.0174,0.734
2026-08-11 03:00:00,4410.94,4421.76,4410.01,4416.915,1.6801,0.725
2026-08-11 04:00:00,4416.815,4420.51,4403.465,4408.92,1.8127,0.731
2026-08-11 05:00:00,4408.775,4409.21,4367.495,4375.515,3.0775,0.754
2026-08-11 06:00:00,4375.58,4382.625,4359.675,4366.245,2.995,0.774
2026-08-11 07:00:00,4366.23,4367.8,4356.635,4357.635,2.2865,0.545
2026-08-11 08:00:00,4357.62,4376.82,4357.03,4369.28,2.4216,0.531
2026-08-11 09:00:00,4369.315,4375.64,4367.635,4372.485,2.0124,0.537
2026-08-11 10:00:00,4372.615,4382.61,4371.285,4382.41,2.0501,0.53
2026-08-11 11:00:00,4382.44,4393.145,4380.555,4387.865,2.9695,0.548
2026-08-11 12:00:00,4387.85,4400.31,4383.94,4392.555,3.3975,0.531
2026-08-11 13:00:00,4392.6,4404.225,4384.515,4389.48,4.9577,0.55
2026-08-11 14:00:00,4389.545,4398.135,4381.32,4394.215,4.5821,0.536
2026-08-11 15:00:00,4394.325,4398.94,4369.12,4383.945,4.3702,0.538
2026-08-11 16:00:00,4383.935,4385.87,4378.545,4383.46,2.6436,0.535
2026-08-11 17:00:00,4383.52,4385.895,4368.96,4369.325,2.7699,0.538
2026-08-11 18:00:00,4369.375,4372.82,4360.39,4371.62,2.8228,0.545
2026-08-11 19:00:00,4371.555,4374.38,4361.365,4371.02,2.3686,0.528
2026-08-11 20:00:00,4370.915,4371.24,4366.76,4369.875,0.6959,0.626
2026-08-11 22:00:00,4371.335,4378.885,4367.17,4369.385,0.756,1.078
2026-08-11 23:00:00,4369.845,4374.615,4362.945,4371.54,0.6872,1.245
2026-08-12 00:00:00,4371.635,4383.645,4366.455,4380.66,1.1841,0.76
2026-08-12 01:00:00,4380.93,4397.615,4378.285,4396.44,2.1678,0.753
2026-08-12 02:00:00,4396.65,4414.595,4394.105,4411.325,2.6307,0.756
2026-08-12 03:00:00,4411.175,4415.87,4400.795,4402.26,2.0452,0.793
2026-08-12 04:00:00,4402.175,4403.335,4395.38,4401.17,1.2922,0.759
2026-08-12 05:00:00,4401.215,4405.045,4384.05,4391.075,2.3145,0.757
2026-08-12 06:00:00,4391.035,4406.49,4385.24,4403.465,2.0278,0.771
2026-08-12 07:00:00,4403.355,4410.12,4398.27,4406.325,1.8343,0.562
2026-08-12 08:00:00,4406.29,4410.565,4401.845,4401.98,1.566,0.579
2026-08-12 09:00:00,4402.095,4424.405,4402.0,4415.945,2.4197,0.579
2026-08-12 10:00:00,4415.935,4421.11,4407.345,4412.83,1.7354,0.562
2026-08-12 11:00:00,4412.9,4416.875,4408.01,4412.945,1.7738,0.572
2026-08-12 12:00:00,4412.825,4438.525,4382.105,4437.705,4.2735,0.744
2026-08-12 13:00:00,4437.525,4441.665,4408.59,4427.595,6.2033,0.701
2026-08-12 14:00:00,4427.915,4439.82,4416.52,4422.145,5.5949,0.601
2026-08-12 15:00:00,4422.145,4430.115,4411.015,4421.205,4.1336,0.578
2026-08-12 16:00:00,4421.245,4426.695,4396.61,4401.65,3.5681,0.586
2026-08-12 17:00:00,4401.64,4411.56,4399.12,4399.52,2.7679,0.6
2026-08-12 18:00:00,4399.29,4418.065,4396.26,4413.08,1.9911,0.593
2026-08-12 19:00:00,4413.16,4418.585,4408.375,4414.075,2.0279,0.59
2026-08-12 20:00:00,4414.045,4414.415,4406.705,4408.255,0.5613,0.62
2026-08-12 22:00:00,4410.035,4411.59,4398.44,4402.405,0.3802,0.879
2026-08-12 23:00:00,4401.805,4414.92,4401.805,4414.48,0.3559,1.066
2026-08-13 00:00:00,4414.37,4449.835,4412.985,4427.53,1.7474,0.889
2026-08-13 01:00:00,4428.055,4435.66,4406.09,4408.54,3.5114,0.875
2026-08-13 02:00:00,4408.435,4414.29,4398.94,4407.11,2.5893,0.733
2026-08-13 03:00:00,4407.105,4412.41,4398.83,4400.475,1.7734,0.735
2026-08-13 04:00:00,4400.325,4400.54,4391.725,4397.815,1.7127,0.731
2026-08-13 05:00:00,4397.835,4407.48,4380.69,4383.275,2.7929,0.743
2026-08-13 06:00:00,4383.22,4385.69,4369.015,4381.06,1.9438,0.638
2026-08-13 07:00:00,4380.75,4381.955,4369.45,4370.05,2.5125,0.538
2026-08-13 08:00:00,4369.925,4379.375,4364.2,4376.04,2.4183,0.546
2026-08-13 09:00:00,4376.065,4384.97,4372.68,4384.665,1.9729,0.527
2026-08-13 10:00:00,4384.86,4393.96,4381.475,4392.245,1.683,0.521
2026-08-13 11:00:00,4392.155,4396.695,4382.995,4387.73,2.0427,0.532
2026-08-13 12:00:00,4387.825,4402.06,4380.885,4401.93,3.3468,0.564
2026-08-13 13:00:00,4401.845,4402.285,4370.915,4373.045,4.7715,0.617
2026-08-13 14:00:00,4373.07,4387.325,4355.505,4383.795,4.8638,0.605
2026-08-13 15:00:00,4383.985,4385.815,4357.41,4365.135,4.1854,0.644
2026-08-13 16:00:00,4365.225,4368.615,4351.18,4367.1,3.2563,0.69
2026-08-13 17:00:00,4367.16,4373.495,4355.715,4356.05,2.9988,0.679
2026-08-13 18:00:00,4356.085,4363.745,4354.76,4357.065,2.4373,0.684
2026-08-13 19:00:00,4357.195,4359.08,4343.75,4350.315,2.4943,0.681
2026-08-13 20:00:00,4350.29,4352.395,4347.13,4350.355,0.6751,0.826
2026-08-13 22:00:00,4354.105,4362.995,4351.625,4355.05,0.657,0.918
2026-08-13 23:00:00,4355.465,4364.425,4349.47,4356.42,0.7235,1.216
2026-08-14 00:00:00,4356.24,4362.195,4329.85,4341.245,1.5935,0.812
2026-08-14 01:00:00,4341.175,4341.655,4312.435,4318.305,3.7098,0.792
2026-08-14 02:00:00,4318.415,4323.115,4310.77,4315.43,2.8657,0.775
2026-08-14 03:00:00,4315.915,4328.47,4313.785,4323.705,1.6264,0.746
2026-08-14 04:00:00,4323.735,4328.165,4322.785,4327.15,1.1667,0.757
2026-08-14 05:00:00,4327.24,4333.79,4311.24,4333.78,2.2057,0.745
2026-08-14 06:00:00,4333.705,4336.81,4328.08,4335.77,1.4457,0.631
2026-08-14 07:00:00,4335.57,4345.35,4329.71,4343.775,1.9832,0.536
2026-08-14 08:00:00,4343.81,4349.81,4341.995,4348.735,2.1671,0.521
2026-08-14 09:00:00,4348.61,4357.615,4346.175,4357.27,1.7906,0.524
2026-08-14 10:00:00,4357.42,4358.8,4347.995,4349.415,1.6898,0.532
2026-08-14 11:00:00,4349.68,4369.48,4348.56,4369.295,2.0982,0.522
2026-08-14 12:00:00,4369.28,4386.98,4365.945,4373.78,3.4093,0.545
2026-08-14 13:00:00,4373.82,4397.055,4370.375,4384.78,4.6548,0.549
2026-08-14 14:00:00,4384.795,4394.705,4378.94,4381.44,3.8631,0.592
2026-08-14 15:00:00,4381.45,4394.985,4378.985,4391.79,3.6685,0.6
2026-08-14 16:00:00,4391.78,4396.79,4380.295,4385.855,2.3901,0.595
2026-08-14 17:00:00,4385.9,4386.635,4376.28,4378.425,2.0339,0.59
2026-08-14 18:00:00,4378.43,4382.89,4370.93,4373.615,1.849,0.584
2026-08-14 19:00:00,4373.595,4380.08,4372.04,4376.2,1.9141,0.591
2026-08-14 20:00:00,4376.105,4378.115,4371.535,4377.54,0.6935,1.17
2026-08-16 22:00:00,4378.7,4386.755,4372.025,4385.99,0.777,0.901
2026-08-16 23:00:00,4385.945,4386.16,4367.26,4370.5,0.6458,1.106
2026-08-17 00:00:00,4370.635,4402.32,4367.99,4400.885,1.3158,0.782
2026-08-17 01:00:00,4401.025,4416.63,4392.215,4395.665,3.6801,0.736
2026-08-17 02:00:00,4395.77,4398.46,4388.435,4393.28,2.4462,0.724
2026-08-17 03:00:00,4393.395,4397.925,4388.095,4396.995,1.6519,0.723
2026-08-17 04:00:00,4397.09,4399.7,4388.94,4390.865,1.3654,0.732
2026-08-17 05:00:00,4390.72,4401.415,4387.095,4394.79,2.0145,0.724
2026-08-17 06:00:00,4394.99,4404.735,4392.745,4403.265,1.7062,0.636
2026-08-17 07:00:00,4403.095,4411.515,4396.095,4405.305,2.3243,0.535
2026-08-17 08:00:00,4404.73,4404.73,4392.555,4395.13,1.9253,0.526
2026-08-17 09:00:00,4395.195,4400.65,4392.66,4395.6,1.8175,0.532
2026-08-17 10:00:00,4395.73,4405.92,4391.92,4399.02,2.0179,0.533
2026-08-17 11:00:00,4399.19,4404.99,4395.605,4396.845,1.9444,0.537
2026-08-17 12:00:00,4396.75,4398.895,4377.205,4384.94,2.215,0.618
2026-08-17 13:00:00,4385.065,4416.16,4382.015,4408.635,2.5117,0.646
2026-08-17 14:00:00,4408.66,4427.62,4403.8,4417.395,2.7929,0.664
2026-08-17 15:00:00,4417.56,4427.91,4415.225,4427.66,3.2772,0.598
2026-08-17 16:00:00,4427.655,4428.95,4422.6,4424.275,2.0748,0.592
2026-08-17 17:00:00,4424.19,4426.21,4411.22,4413.57,2.659,0.602
2026-08-17 18:00:00,4413.59,4416.11,4398.115,4406.74,2.4,0.6
2026-08-17 19:00:00,4406.545,4421.2,4400.24,4420.02,2.1254,0.601
2026-08-17 20:00:00,4419.89,4421.565,4414.685,4415.87,0.554,0.648
2026-08-17 22:00:00,4420.025,4420.765,4410.49,4411.655,0.4666,0.832
2026-08-17 23:00:00,4411.785,4426.085,4409.695,4425.98,0.7642,0.889
2026-08-18 00:00:00,4425.875,4435.175,4418.925,4434.715,1.5585,0.764
2026-08-18 01:00:00,4434.495,4436.275,4404.245,4408.09,3.2787,0.755
2026-08-18 02:00:00,4407.95,4408.14,4393.93,4400.07,2.6356,0.748
2026-08-18 03:00:00,4399.915,4404.38,4390.575,4391.95,1.8597,0.731
2026-08-18 04:00:00,4391.85,4395.665,4388.92,4393.745,1.4571,0.732
2026-08-18 05:00:00,4393.695,4397.805,4386.02,4394.39,1.9594,0.743
2026-08-18 06:00:00,4394.43,4400.235,4387.765,4398.935,1.3112,0.63
2026-08-18 07:00:00,4398.83,4403.825,4395.43,4395.72,2.116,0.532
2026-08-18 08:00:00,4395.89,4398.67,4386.995,4393.37,2.5116,0.537
2026-08-18 09:00:00,4393.21,4395.04,4387.015,4393.335,2.2321,0.536
2026-08-18 10:00:00,4393.42,4399.635,4389.845,4397.715,1.6775,0.537
2026-08-18 11:00:00,4397.875,4399.18,4388.62,4396.085,1.9011,0.531
2026-08-18 12:00:00,4396.26,4400.865,4389.64,4394.215,2.847,0.524
2026-08-18 13:00:00,4394.105,4406.59,4375.825,4394.665,5.1868,0.561
2026-08-18 14:00:00,4394.74,4406.61,4363.71,4366.725,6.018,0.542
2026-08-18 15:00:00,4366.905,4377.68,4351.77,4364.955,5.6176,0.562
2026-08-18 16:00:00,4364.9,4371.81,4363.11,4364.0,3.0978,0.62
2026-08-18 17:00:00,4363.825,4368.5,4356.825,4357.745,2.9844,0.553
2026-08-18 18:00:00,4357.935,4361.15,4352.795,4354.35,2.2984,0.536
2026-08-18 19:00:00,4354.42,4358.75,4338.545,4345.755,2.5655,0.483
2026-08-18 20:00:00,4345.795,4346.59,4329.594,4332.94,0.5777,0.716
2026-08-18 22:00:00,4335.74,4344.13,4332.685,4334.13,0.7429,2.084
2026-08-18 23:00:00,4334.44,4338.51,4327.115,4333.165,0.9308,1.093
2026-08-19 00:00:00,4333.3,4347.35,4331.555,4337.94,1.833,0.774
2026-08-19 01:00:00,4337.575,4357.655,4324.395,4356.53,3.8524,0.555
2026-08-19 02:00:00,4356.635,4362.065,4351.37,4355.065,2.9131,0.449
2026-08-19 03:00:00,4355.05,4360.435,4351.96,4355.005,1.8352,0.45
2026-08-19 04:00:00,4355.205,4356.275,4343.865,4348.55,1.5082,0.447
2026-08-19 05:00:00,4348.5,4350.785,4335.22,4335.69,2.7264,0.455
2026-08-19 06:00:00,4335.68,4349.515,4335.45,4349.23,3.0708,0.437
2026-08-19 07:00:00,4348.935,4363.285,4347.465,4354.895,2.1948,0.329
2026-08-19 08:00:00,4354.795,4363.19,4351.15,4355.715,2.0364,0.485
2026-08-19 09:00:00,4355.6,4362.005,4353.445,4361.87,1.6059,0.592
2026-08-19 10:00:00,4362.165,4369.615,4359.725,4367.36,1.6245,0.587
2026-08-19 11:00:00,4367.5,4374.22,4363.285,4364.665,1.9067,0.613
2026-08-19 12:00:00,4364.675,4442.46,4362.105,4438.73,4.3779,0.624
2026-08-19 13:00:00,4438.805,4466.25,4424.21,4459.615,4.8187,0.699
2026-08-19 14:00:00,4459.72,4498.585,4455.215,4488.175,4.35,0.649
2026-08-19 15:00:00,4488.185,4494.45,4478.145,4493.885,3.7201,0.607
2026-08-19 16:00:00,4493.88,4499.455,4490.715,4493.32,2.9535,0.587
2026-08-19 17:00:00,4493.825,4499.31,4484.38,4487.05,2.7405,0.604
2026-08-19 18:00:00,4487.12,4496.925,4472.075,4495.18,2.855,0.632
2026-08-19 19:00:00,4495.27,4512.395,4494.49,4511.39,2.6867,0.639
2026-08-19 20:00:00,4511.305,4524.445,4505.155,4522.615,0.7784,0.682
2026-08-19 22:00:00,4523.795,4528.22,4516.535,4518.89,0.8018,1.021
2026-08-19 23:00:00,4519.0,4523.86,4511.165,4511.52,0.6883,1.08
2026-08-20 00:00:00,4511.365,4521.31,4503.725,4504.595,1.6936,0.777
2026-08-20 01:00:00,4504.77,4510.185,4484.41,4489.62,3.4989,0.789
2026-08-20 02:00:00,4489.64,4499.95,4488.395,4490.815,2.392,0.749
2026-08-20 03:00:00,4490.67,4500.905,4488.035,4498.8,1.7069,0.756
2026-08-20 04:00:00,4498.83,4499.205,4486.16,4488.795,1.2876,0.756
2026-08-20 05:00:00,4488.695,4494.125,4477.885,4481.64,1.7541,0.763
2026-08-20 06:00:00,4481.54,4496.015,4480.1,4493.82,1.458,0.631
2026-08-20 07:00:00,4493.585,4494.405,4483.565,4491.025,2.5713,0.532
2026-08-20 08:00:00,4491.14,4498.78,4487.21,4489.46,2.9393,0.555
2026-08-20 09:00:00,4489.48,4494.35,4481.935,4482.74,2.5138,0.532
2026-08-20 10:00:00,4482.72,4495.015,4480.805,4490.17,2.1666,0.54
2026-08-20 11:00:00,4490.255,4491.395,4465.515,4467.155,3.3316,0.533
2026-08-20 12:00:00,4467.32,4477.165,4450.69,4474.855,4.7971,0.568
2026-08-20 13:00:00,4474.96,4489.455,4469.41,4481.795,5.929,0.543
2026-08-20 14:00:00,4481.725,4516.32,4480.785,4516.005,6.2819,0.56
2026-08-20 15:00:00,4516.08,4541.215,4509.175,4521.73,5.9829,0.62
2026-08-20 16:00:00,4521.76,4524.875,4502.855,4510.1,4.0179,0.544
2026-08-20 17:00:00,4510.3,4520.615,4507.85,4520.025,3.0156,0.54
2026-08-20 18:00:00,4520.115,4525.395,4508.39,4522.15,3.332,0.514
2026-08-20 19:00:00,4522.1,4532.16,4518.235,4528.74,3.1609,0.531
2026-08-20 20:00:00,4528.64,4529.195,4516.085,4516.4,1.0589,0.675
2026-08-20 22:00:00,4518.43,4524.765,4516.65,4524.285,0.5711,0.87
2026-08-20 23:00:00,4524.21,4533.025,4520.94,4526.535,0.9004,0.823
2026-08-21 00:00:00,4526.425,4527.74,4509.89,4510.435,2.2405,0.733
2026-08-21 01:00:00,4510.54,4543.935,4508.88,4530.92,3.896,0.736
2026-08-21 02:00:00,4530.735,4543.085,4518.16,4533.765,2.7635,0.732
2026-08-21 03:00:00,4533.655,4538.555,4526.81,4535.56,1.766,0.739
2026-08-21 04:00:00,4535.76,4548.13,4535.515,4540.635,1.5493,0.732
2026-08-21 05:00:00,4540.725,4556.405,4529.445,4553.675,2.2248,0.737
2026-08-21 06:00:00,4553.665,4567.735,4545.66,4561.045,1.8724,0.627
2026-08-21 07:00:00,4560.875,4568.24,4558.5,4564.485,2.5037,0.528
2026-08-21 08:00:00,4564.59,4585.085,4559.17,4584.185,3.1177,0.511
2026-08-21 09:00:00,4584.305,4602.19,4580.465,4582.745,2.9214,0.529
2026-08-21 10:00:00,4582.655,4594.345,4578.085,4588.535,2.4994,0.55
2026-08-21 11:00:00,4588.635,4604.785,4587.275,4597.05,3.3222,0.562
2026-08-21 12:00:00,4597.18,4601.67,4563.52,4578.01,3.9499,0.527
2026-08-21 13:00:00,4577.935,4593.17,4573.525,4581.005,5.4038,0.571
2026-08-21 14:00:00,4581.02,4603.82,4579.93,4591.64,5.681,0.575
2026-08-21 15:00:00,4591.74,4615.48,4587.355,4614.755,2.4877,0.655
2026-08-21 16:00:00,4614.805,4629.49,4609.235,4628.825,2.0682,0.644
2026-08-21 17:00:00,4629.0,4632.26,4615.185,4620.71,2.2438,0.646
2026-08-21 18:00:00,4620.825,4627.88,4619.525,4624.47,1.4543,0.65
2026-08-21 19:00:00,4624.6,4625.785,4615.565,4617.18,1.9445,0.648
2026-08-21 20:00:00,4617.17,4617.9,4602.976,4604.31,1.1088,1.236
2026-08-23 22:00:00,4618.545,4624.405,4605.855,4605.97,1.0962,0.853
2026-08-23 23:00:00,4606.015,4624.735,4604.67,4624.145,0.8964,1.112
2026-08-24 00:00:00,4624.005,4640.88,4594.425,4621.995,2.2828,0.829
2026-08-24 01:00:00,4622.005,4637.89,4608.005,4632.28,4.2945,0.796
2026-08-24 02:00:00,4632.305,4657.145,4627.61,4643.74,4.3956,0.805
2026-08-24 03:00:00,4643.79,4650.285,4633.555,4641.63,2.9294,0.803
2026-08-24 04:00:00,4641.81,4642.79,4632.585,4638.92,2.2612,0.768
2026-08-24 05:00:00,4638.985,4646.56,4629.905,4640.89,3.2002,0.769
2026-08-24 06:00:00,4640.805,4660.055,4639.2,4649.985,3.4126,0.769
2026-08-24 07:00:00,4649.64,4654.725,4630.225,4641.695,3.1676,0.545
2026-08-24 08:00:00,4642.02,4646.225,4628.935,4638.0,3.065,0.551
2026-08-24 09:00:00,4637.995,4646.175,4632.865,4645.96,2.3192,0.581
2026-08-24 10:00:00,4646.055,4650.2,4641.79,4643.39,2.2514,0.572
2026-08-24 11:00:00,4643.38,4670.39,4639.18,4657.935,3.5361,0.589
2026-08-24 12:00:00,4657.685,4668.81,4645.46,4662.805,3.7414,0.562
2026-08-24 13:00:00,4662.96,4680.995,4656.26,4664.895,3.8223,0.654
2026-08-24 14:00:00,4664.775,4678.85,4655.47,4670.545,3.8386,0.82
2026-08-24 15:00:00,4670.665,4679.955,4639.925,4649.315,3.1732,0.833
2026-08-24 16:00:00,4649.305,4662.275,4642.195,4644.98,2.399,0.814
2026-08-24 17:00:00,4644.995,4655.6,4630.265,4636.775,2.769,0.83
2026-08-24 18:00:00,4636.62,4642.285,4625.255,4636.62,2.4854,0.783
2026-08-24 19:00:00,4636.355,4656.095,4635.985,4651.87,2.5839,0.737
2026-08-24 20:00:00,4651.82,4655.225,4647.14,4651.855,0.6599,0.834
2026-08-24 22:00:00,4652.34,4668.82,4651.67,4668.01,0.4878,0.916
2026-08-24 23:00:00,4668.34,4683.195,4667.26,4679.955,0.8348,1.142
2026-08-25 00:00:00,4680.285,4697.055,4675.345,4684.69,2.2816,0.835
2026-08-25 01:00:00,4684.395,4687.13,4656.74,4658.305,4.2651,0.804
2026-08-25 02:00:00,4658.11,4661.695,4617.68,4629.77,5.1363,0.895
2026-08-25 03:00:00,4629.75,4641.45,4622.61,4633.9,3.1452,0.834
2026-08-25 04:00:00,4633.955,4637.925,4623.975,4626.085,2.0758,0.8
2026-08-25 05:00:00,4625.985,4648.005,4624.11,4643.215,3.2256,0.772
2026-08-25 06:00:00,4643.15,4653.51,4636.94,4638.16,2.5246,0.752
2026-08-25 07:00:00,4638.355,4643.85,4629.79,4630.27,2.5697,0.548
2026-08-25 08:00:00,4630.22,4645.675,4620.23,4630.48,3.3205,0.574
2026-08-25 09:00:00,4630.455,4642.615,4624.32,4636.56,3.2474,0.566
2026-08-25 10:00:00,4636.645,4642.43,4632.845,4639.36,2.1869,0.583
2026-08-25 11:00:00,4639.35,4647.515,4637.065,4642.5,2.4957,0.6
2026-08-25 12:00:00,4642.73,4644.29,4630.225,4640.96,3.1487,0.603
2026-08-25 13:00:00,4640.865,4641.365,4605.155,4616.425,5.7046,0.612
2026-08-25 14:00:00,4616.21,4640.155,4613.115,4635.655,5.6905,0.553
2026-08-25 15:00:00,4635.955,4659.45,4629.605,4652.735,5.4146,0.528
2026-08-25 16:00:00,4652.92,4653.555,4636.955,4643.575,4.0504,0.446
2026-08-25 17:00:00,4643.57,4648.565,4634.215,4648.53,3.1794,0.518
2026-08-25 18:00:00,4648.445,4655.21,4644.305,4654.705,2.3239,0.518
2026-08-25 19:00:00,4654.655,4668.125,4653.465,4666.91,2.4739,0.594
2026-08-25 20:00:00,4666.89,4669.13,4657.115,4657.545,0.6908,0.664
2026-08-25 22:00:00,4657.935,4674.035,4655.87,4672.605,0.5361,0.881
2026-08-25 23:00:00,4672.515,4673.525,4653.155,4655.01,0.6877,1.102
2026-08-26 00:00:00,4654.975,4657.92,4634.51,4637.66,1.4247,0.762
2026-08-26 01:00:00,4637.56,4661.03,4629.615,4657.15,3.8237,0.746
2026-08-26 02:00:00,4657.235,4670.93,4654.95,4658.455,2.748,0.75
2026-08-26 03:00:00,4658.48,4658.92,4642.51,4642.765,1.9934,0.758
2026-08-26 04:00:00,4642.875,4644.355,4638.875,4640.815,1.1602,0.747
2026-08-26 05:00:00,4640.7,4649.675,4635.425,4639.675,2.1825,0.751
2026-08-26 06:00:00,4639.765,4641.57,4624.55,4634.36,1.865,0.632
2026-08-26 07:00:00,4634.22,4639.42,4626.535,4629.115,2.5162,0.547
2026-08-26 08:00:00,4629.015,4630.945,4622.3,4628.325,2.4093,0.537
2026-08-26 09:00:00,4628.59,4631.085,4616.325,4623.285,2.2765,0.524
2026-08-26 10:00:00,4623.16,4624.31,4613.41,4620.315,1.7929,0.53
2026-08-26 11:00:00,4620.41,4625.27,4616.575,4624.665,2.1921,0.52
2026-08-26 12:00:00,4624.73,4633.195,4611.03,4614.665,4.0485,0.553
2026-08-26 13:00:00,4614.505,4631.975,4598.18,4631.685,5.9103,0.556
2026-08-26 14:00:00,4631.75,4633.56,4602.845,4602.98,4.2613,0.627
2026-08-26 15:00:00,4603.22,4609.335,4583.055,4596.135,4.9481,0.606
2026-08-26 16:00:00,4596.095,4601.655,4585.61,4591.72,3.5433,0.605
2026-08-26 17:00:00,4591.735,4602.425,4590.655,4597.875,2.7505,0.589
2026-08-26 18:00:00,4597.89,4604.635,4592.585,4593.86,2.1407,0.608
2026-08-26 19:00:00,4594.16,4601.79,4591.17,4594.54,2.1401,0.594
2026-08-26 20:00:00,4594.535,4596.765,4584.25,4591.81,1.1476,0.697
2026-08-26 22:00:00,4596.62,4613.485,4595.39,4609.34,0.8348,0.896
2026-08-26 23:00:00,4609.16,4625.175,4607.04,4623.58,0.8886,0.898
2026-08-27 00:00:00,4623.455,4627.165,4600.57,4605.435,1.9914,0.801
2026-08-27 01:00:00,4604.945,4641.055,4602.425,4640.085,3.1216,0.832
2026-08-27 02:00:00,4640.465,4643.02,4623.415,4629.615,2.2821,0.834
2026-08-27 03:00:00,4629.51,4638.785,4624.23,4625.495,1.4751,0.834
2026-08-27 04:00:00,4625.615,4627.51,4617.05,4618.825,1.423,0.836
2026-08-27 05:00:00,4618.725,4621.71,4601.095,4607.025,2.4442,0.824
2026-08-27 06:00:00,4607.055,4611.905,4598.005,4600.485,2.3251,0.776
2026-08-27 07:00:00,4600.455,4605.975,4593.535,4600.31,2.391,0.555
2026-08-27 08:00:00,4600.29,4606.96,4594.725,4599.165,2.1926,0.561
2026-08-27 09:00:00,4599.12,4600.79,4578.479,4580.43,2.6148,0.568
2026-08-27 10:00:00,4580.505,4590.65,4569.185,4590.14,2.3774,0.565
2026-08-27 11:00:00,4590.085,4600.45,4587.355,4598.355,2.2678,0.565
2026-08-27 12:00:00,4598.475,4601.15,4580.395,4585.875,2.63,0.582
2026-08-27 13:00:00,4585.97,4593.37,4564.645,4572.49,5.1288,0.623
2026-08-27 14:00:00,4572.635,4598.22,4568.59,4591.325,5.5337,0.547
2026-08-27 15:00:00,4591.175,4611.425,4588.79,4610.565,4.4252,0.527
2026-08-27 16:00:00,4610.56,4616.68,4602.365,4614.865,2.019,0.646
2026-08-27 17:00:00,4615.465,4616.585,4605.18,4606.51,2.0744,0.637
2026-08-27 18:00:00,4606.4,4611.305,4600.98,4610.44,1.5761,0.643
2026-08-27 19:00:00,4610.28,4618.245,4604.12,4609.44,1.5786,0.636
2026-08-27 20:00:00,4609.23,4609.945,4600.12,4600.585,0.479,0.648
2026-08-27 22:00:00,4603.57,4610.68,4601.16,4610.55,0.5292,0.849
2026-08-27 23:00:00,4610.44,4611.16,4594.31,4594.525,0.4463,1.116
2026-08-28 00:00:00,4594.645,4602.78,4585.74,4588.765,1.4127,0.774
2026-08-28 01:00:00,4588.93,4602.41,4575.41,4575.98,3.8289,0.749
2026-08-28 02:00:00,4576.09,4589.74,4575.015,4586.4,2.2469,0.739
2026-08-28 03:00:00,4586.465,4590.32,4578.68,4579.87,1.8773,0.729
2026-08-28 04:00:00,4579.785,4585.57,4577.855,4584.47,1.2731,0.72
2026-08-28 05:00:00,4584.605,4586.42,4571.46,4573.42,2.1146,0.726
2026-08-28 06:00:00,4573.465,4613.29,4572.46,4612.75,2.0753,0.637
2026-08-28 07:00:00,4612.63,4614.48,4596.655,4611.9,2.786,0.573
2026-08-28 08:00:00,4611.625,4614.655,4601.06,4602.895,1.9804,0.594
2026-08-28 09:00:00,4602.68,4607.54,4600.48,4605.23,1.7502,0.587
2026-08-28 10:00:00,4605.38,4610.005,4597.565,4600.285,1.7539,0.592
2026-08-28 11:00:00,4600.29,4601.425,4591.375,4593.465,2.3429,0.584
2026-08-28 12:00:00,4593.435,4603.705,4589.175,4601.64,3.402,0.592
2026-08-28 13:00:00,4601.74,4627.385,4593.79,4605.52,5.3813,0.644
2026-08-28 14:00:00,4603.5,4631.94,4529.9,4577.01,7.0061,0.871
2026-08-28 15:00:00,4576.81,4583.16,4524.255,4524.55,6.3493,0.663
2026-08-28 16:00:00,4524.595,4529.675,4464.165,4479.555,6.2198,0.856
2026-08-28 17:00:00,4479.71,4486.905,4460.44,4469.49,5.1481,0.77
2026-08-28 18:00:00,4469.425,4471.72,4445.555,4457.01,4.6925,0.701
2026-08-28 19:00:00,4456.93,4467.305,4452.965,4458.49,3.9249,0.679
2026-08-28 20:00:00,4458.59,4463.03,4451.89,4452.54,1.4114,0.906
2026-08-30 22:00:00,4432.6,4466.32,4432.44,4461.56,1.1667,0.816
2026-08-30 23:00:00,4461.365,4466.93,4435.8,4458.55,1.6326,0.883
2026-08-31 00:00:00,4458.685,4472.155,4452.145,4456.275,2.5079,0.77
2026-08-31 01:00:00,4456.395,4463.335,4436.01,4440.055,5.3803,0.749
2026-08-31 02:00:00,4440.135,4441.71,4396.45,4422.895,4.5062,0.74
2026-08-31 03:00:00,4422.945,4434.05,4419.835,4422.805,2.427,0.73
2026-08-31 04:00:00,4422.715,4425.085,4412.98,4424.585,1.6945,0.706
2026-08-31 05:00:00,4424.69,4443.9,4419.265,4442.91,2.8389,0.71
2026-08-31 06:00:00,4443.025,4443.295,4429.38,4439.335,1.9002,0.642
2026-08-31 07:00:00,4439.195,4448.385,4435.13,4443.29,2.5242,0.525
2026-08-31 08:00:00,4443.16,4449.595,4433.885,4435.66,2.3946,0.534
2026-08-31 09:00:00,4435.965,4445.59,4435.635,4445.56,1.8642,0.511
2026-08-31 10:00:00,4445.48,4455.7,4444.89,4453.96,2.2582,0.54
2026-08-31 11:00:00,4453.905,4464.125,4452.485,4455.385,2.3116,0.541
2026-08-31 12:00:00,4455.475,4461.05,4435.455,4435.805,3.7059,0.542
2026-08-31 13:00:00,4435.815,4448.37,4415.755,4418.555,5.5144,0.545
2026-08-31 14:00:00,4418.785,4436.585,4416.245,4431.78,5.9599,0.531
2026-08-31 15:00:00,4431.79,4437.89,4424.795,4426.305,5.0738,0.534
2026-08-31 16:00:00,4426.315,4440.445,4423.845,4433.43,3.7614,0.537
2026-08-31 17:00:00,4433.36,4440.205,4428.755,4436.63,3.4298,0.51
2026-08-31 18:00:00,4436.73,4436.945,4426.335,4431.0,2.7561,0.503
2026-08-31 19:00:00,4431.085,4453.845,4429.15,4453.625,3.1438,0.505
2026-08-31 20:00:00,4453.515,4455.875,4445.735,4447.74,1.2906,0.614
2026-08-31 22:00:00,4450.03,4455.93,4445.51,4447.015,0.5099,0.786
2026-08-31 23:00:00,4447.135,4452.565,4441.675,4452.235,0.8753,0.826
2026-09-01 00:00:00,4452.53,4461.605,4446.51,4453.66,2.5787,0.752
2026-09-01 01:00:00,4453.82,4456.945,4436.46,4444.545,3.113,0.767
2026-09-01 02:00:00,4444.365,4449.28,4427.645,4443.22,2.5961,0.766
2026-09-01 03:00:00,4442.98,4444.23,4431.84,4436.975,1.6704,0.752
2026-09-01 04:00:00,4436.95,4438.015,4425.615,4426.74,1.4429,0.749
2026-09-01 05:00:00,4426.63,4446.165,4423.92,4440.205,2.1777,0.759
2026-09-01 06:00:00,4440.06,4440.76,4427.81,4429.685,1.7773,0.614
2026-09-01 07:00:00,4429.58,4435.03,4412.045,4420.105,3.5772,0.506
2026-09-01 08:00:00,4420.165,4420.165,4369.38,4370.85,5.5757,0.496
2026-09-01 09:00:00,4370.77,4378.225,4364.675,4364.715,4.1193,0.529
2026-09-01 10:00:00,4364.705,4385.89,4364.295,4378.195,2.8702,0.604
2026-09-01 11:00:00,4378.315,4387.41,4372.035,4374.535,3.1413,0.588
2026-09-01 12:00:00,4374.54,4376.215,4352.015,4356.32,4.4818,0.594
2026-09-01 13:00:00,4356.255,4367.56,4326.28,4365.305,5.831,0.639
2026-09-01 14:00:00,4365.345,4375.645,4353.145,4360.435,6.0769,0.592
2026-09-01 15:00:00,4360.695,4374.015,4355.245,4372.885,4.4774,0.595
2026-09-01 16:00:00,4372.905,4374.73,4347.11,4351.47,5.07,0.586
2026-09-01 17:00:00,4351.575,4352.05,4340.99,4343.075,4.0636,0.588
2026-09-01 18:00:00,4343.135,4344.685,4328.325,4331.87,3.6461,0.565
2026-09-01 19:00:00,4331.835,4337.885,4322.895,4327.38,3.3834,0.578
2026-09-01 20:00:00,4327.315,4330.87,4323.83,4328.135,1.0395,0.644
2026-09-01 22:00:00,4330.415,4334.46,4326.165,4329.43,0.5711,0.799
2026-09-01 23:00:00,4329.36,4336.045,4323.11,4324.7,0.8459,0.882
